booking_id,date,client_id,supplier_id,booking_value,margin,payment_delay_days,is_late_payment
BK_00001,2025-01-01,CLI_014,SUP_007,93179.38,0.1928,16,1
BK_00002,2025-01-01,CLI_009,SUP_018,132832.23,0.1689,5,0
BK_00003,2025-01-01,CLI_003,SUP_004,107436.39,0.1291,9,0
BK_00004,2025-01-01,CLI_024,SUP_015,86386.35,0.193,0,0
BK_00005,2025-01-01,CLI_037,SUP_002,143952.12,0.1612,5,0
BK_00006,2025-01-01,CLI_032,SUP_011,217056.24,0.125,7,0
BK_00007,2025-01-02,CLI_033,SUP_004,94115.18,0.1699,17,1
BK_00008,2025-01-02,CLI_037,SUP_001,87674.19,0.0909,10,0
BK_00009,2025-01-02,CLI_014,SUP_013,73144.31,0.1767,13,0
BK_00010,2025-01-03,CLI_011,SUP_018,98549.68,0.1963,17,1
BK_00011,2025-01-03,CLI_027,SUP_007,191784.04,0.0968,8,0
BK_00012,2025-01-03,CLI_013,SUP_015,85580.49,0.1384,9,0
BK_00013,2025-01-03,CLI_017,SUP_013,122399.48,0.0806,0,0
BK_00014,2025-01-03,CLI_042,SUP_010,142456.16,0.1248,6,0
BK_00015,2025-01-04,CLI_006,SUP_011,221927.14,0.1365,5,0
BK_00016,2025-01-04,CLI_003,SUP_009,14365.64,0.1115,4,0
BK_00017,2025-01-05,CLI_013,SUP_009,76389.99,0.1834,4,0
BK_00018,2025-01-05,CLI_043,SUP_010,157725.93,0.1062,28,1
BK_00019,2025-01-06,CLI_019,SUP_009,129168.97,0.1394,27,1
BK_00020,2025-01-06,CLI_043,SUP_013,29143.63,0.1499,21,1
BK_00021,2025-01-06,CLI_049,SUP_020,22763.03,0.0984,15,0
BK_00022,2025-01-06,CLI_012,SUP_012,125001.7,0.0849,0,0
BK_00023,2025-01-06,CLI_001,SUP_008,128474.34,0.1555,22,1
BK_00024,2025-01-07,CLI_028,SUP_009,70324.25,0.1098,23,1
BK_00025,2025-01-07,CLI_024,SUP_017,142245.99,0.162,14,0
BK_00026,2025-01-07,CLI_015,SUP_006,141724.2,0.1602,19,1
BK_00027,2025-01-08,CLI_047,SUP_016,124686.44,0.1861,15,0
BK_00028,2025-01-08,CLI_031,SUP_002,55272.02,0.1072,11,0
BK_00029,2025-01-08,CLI_050,SUP_003,22593.68,0.1164,12,0
BK_00030,2025-01-08,CLI_042,SUP_007,21195.16,0.1732,8,0
BK_00031,2025-01-08,CLI_021,SUP_009,91500.75,0.1617,10,0
BK_00032,2025-01-09,CLI_023,SUP_009,153663.57,0.1717,0,0
BK_00033,2025-01-09,CLI_033,SUP_018,191819.7,0.1674,15,0
BK_00034,2025-01-09,CLI_030,SUP_008,157459.55,0.1708,12,0
BK_00035,2025-01-10,CLI_011,SUP_008,191358.48,0.1261,24,1
BK_00036,2025-01-10,CLI_046,SUP_008,27918.35,0.1859,15,0
BK_00037,2025-01-10,CLI_041,SUP_009,119423.75,0.1208,10,0
BK_00038,2025-01-11,CLI_001,SUP_010,113562.25,0.1184,23,1
BK_00039,2025-01-12,CLI_049,SUP_007,20173.92,0.0892,12,0
BK_00040,2025-01-12,CLI_028,SUP_010,16457.3,0.1481,18,1
BK_00041,2025-01-12,CLI_023,SUP_009,71481.38,0.1288,3,0
BK_00042,2025-01-13,CLI_042,SUP_007,21225.2,0.1226,12,0
BK_00043,2025-01-13,CLI_024,SUP_019,62437.4,0.1,0,0
BK_00044,2025-01-13,CLI_009,SUP_011,52326.65,0.1111,13,0
BK_00045,2025-01-13,CLI_003,SUP_002,90819.06,0.1839,10,0
BK_00046,2025-01-14,CLI_027,SUP_012,30186.46,0.1946,12,0
BK_00047,2025-01-14,CLI_029,SUP_003,110105.42,0.1512,15,0
BK_00048,2025-01-14,CLI_020,SUP_001,59518.75,0.1589,24,1
BK_00049,2025-01-14,CLI_019,SUP_005,20693.89,0.1259,9,0
BK_00050,2025-01-15,CLI_034,SUP_002,106599.96,0.1628,22,1
BK_00051,2025-01-15,CLI_035,SUP_010,53399.99,0.1078,7,0
BK_00052,2025-01-15,CLI_034,SUP_011,105136.99,0.107,23,1
BK_00053,2025-01-15,CLI_006,SUP_004,15309.5,0.1675,12,0
BK_00054,2025-01-16,CLI_018,SUP_008,32824.95,0.1743,13,0
BK_00055,2025-01-16,CLI_046,SUP_003,44598.42,0.1227,6,0
BK_00056,2025-01-16,CLI_027,SUP_014,93384.56,0.1476,8,0
BK_00057,2025-01-16,CLI_023,SUP_007,186857.61,0.086,0,0
BK_00058,2025-01-16,CLI_048,SUP_018,102990.71,0.1858,5,0
BK_00059,2025-01-17,CLI_026,SUP_006,44122.13,0.1121,28,1
BK_00060,2025-01-17,CLI_049,SUP_004,100688.39,0.0819,3,0
BK_00061,2025-01-17,CLI_007,SUP_015,174236.13,0.1168,16,1
BK_00062,2025-01-18,CLI_011,SUP_014,183283.08,0.1609,11,0
BK_00063,2025-01-18,CLI_036,SUP_011,106723.76,0.1637,12,0
BK_00064,2025-01-18,CLI_036,SUP_002,146548.04,0.178,22,1
BK_00065,2025-01-18,CLI_016,SUP_004,102907.53,0.135,22,1
BK_00066,2025-01-18,CLI_010,SUP_010,22182.41,0.1468,8,0
BK_00067,2025-01-18,CLI_040,SUP_019,149495.76,0.1755,0,0
BK_00068,2025-01-18,CLI_025,SUP_008,21051.52,0.1331,21,1
BK_00069,2025-01-19,CLI_013,SUP_007,91398.39,0.0927,6,0
BK_00070,2025-01-19,CLI_019,SUP_004,140557.68,0.0942,20,1
BK_00071,2025-01-19,CLI_035,SUP_013,134065.45,0.1921,1,0
BK_00072,2025-01-19,CLI_019,SUP_006,53010.3,0.1456,18,1
BK_00073,2025-01-19,CLI_020,SUP_003,146555.97,0.1145,15,0
BK_00074,2025-01-20,CLI_021,SUP_019,96714.6,0.1293,2,0
BK_00075,2025-01-20,CLI_046,SUP_003,25881.71,0.1996,9,0
BK_00076,2025-01-20,CLI_003,SUP_002,127216.82,0.0953,4,0
BK_00077,2025-01-20,CLI_029,SUP_007,115486.1,0.1847,23,1
BK_00078,2025-01-20,CLI_030,SUP_016,98146.82,0.1708,6,0
BK_00079,2025-01-20,CLI_034,SUP_008,85639.05,0.0895,28,1
BK_00080,2025-01-20,CLI_049,SUP_008,71960.83,0.0858,8,0
BK_00081,2025-01-21,CLI_042,SUP_011,121507.81,0.1708,10,0
BK_00082,2025-01-21,CLI_029,SUP_015,68801.54,0.1494,17,1
BK_00083,2025-01-21,CLI_048,SUP_003,50345.83,0.0808,5,0
BK_00084,2025-01-21,CLI_013,SUP_002,102759.51,0.1769,6,0
BK_00085,2025-01-21,CLI_015,SUP_019,180473.73,0.1884,24,1
BK_00086,2025-01-21,CLI_032,SUP_020,115212.02,0.1752,21,1
BK_00087,2025-01-21,CLI_010,SUP_007,74124.01,0.1108,0,0
BK_00088,2025-01-21,CLI_038,SUP_004,116478.74,0.1984,17,1
BK_00089,2025-01-21,CLI_013,SUP_014,11852.03,0.1414,5,0
BK_00090,2025-01-22,CLI_047,SUP_003,145484.0,0.1589,20,1
BK_00091,2025-01-22,CLI_048,SUP_008,17631.67,0.1177,7,0
BK_00092,2025-01-22,CLI_009,SUP_018,38837.21,0.0801,14,0
BK_00093,2025-01-22,CLI_030,SUP_014,70667.07,0.1635,13,0
BK_00094,2025-01-23,CLI_029,SUP_005,35143.97,0.1138,15,0
BK_00095,2025-01-23,CLI_009,SUP_017,25861.94,0.1006,8,0
BK_00096,2025-01-23,CLI_021,SUP_003,52253.31,0.0845,9,0
BK_00097,2025-01-24,CLI_025,SUP_009,31244.01,0.1517,14,0
BK_00098,2025-01-24,CLI_008,SUP_001,59263.88,0.1647,29,1
BK_00099,2025-01-24,CLI_026,SUP_017,137343.35,0.0807,23,1
BK_00100,2025-01-24,CLI_048,SUP_008,110521.98,0.1246,17,1
BK_00101,2025-01-24,CLI_003,SUP_001,143463.0,0.0887,8,0
BK_00102,2025-01-25,CLI_001,SUP_004,91103.88,0.1867,12,0
BK_00103,2025-01-25,CLI_021,SUP_014,100937.84,0.1842,10,0
BK_00104,2025-01-25,CLI_010,SUP_001,53631.41,0.143,5,0
BK_00105,2025-01-26,CLI_029,SUP_012,106518.4,0.1141,9,0
BK_00106,2025-01-26,CLI_007,SUP_012,89455.12,0.1478,13,0
BK_00107,2025-01-26,CLI_008,SUP_008,147193.76,0.1983,15,0
BK_00108,2025-01-26,CLI_044,SUP_003,80402.57,0.1754,11,0
BK_00109,2025-01-26,CLI_020,SUP_012,206145.5,0.0985,18,1
BK_00110,2025-01-26,CLI_004,SUP_014,73158.21,0.1662,10,0
BK_00111,2025-01-26,CLI_004,SUP_013,122075.05,0.1815,7,0
BK_00112,2025-01-27,CLI_032,SUP_017,86751.66,0.1944,24,1
BK_00113,2025-01-27,CLI_050,SUP_019,109769.89,0.094,21,1
BK_00114,2025-01-27,CLI_050,SUP_013,177931.66,0.1206,15,0
BK_00115,2025-01-27,CLI_016,SUP_001,20768.82,0.1284,14,0
BK_00116,2025-01-28,CLI_019,SUP_004,46198.02,0.1205,17,1
BK_00117,2025-01-28,CLI_002,SUP_012,50203.07,0.1193,12,0
BK_00118,2025-01-28,CLI_046,SUP_012,98366.33,0.0996,3,0
BK_00119,2025-01-28,CLI_044,SUP_017,67978.41,0.1637,9,0
BK_00120,2025-01-28,CLI_004,SUP_006,38491.56,0.1848,6,0
BK_00121,2025-01-28,CLI_048,SUP_013,79883.78,0.1521,15,0
BK_00122,2025-01-29,CLI_042,SUP_010,81187.06,0.1079,13,0
BK_00123,2025-01-29,CLI_038,SUP_009,173535.83,0.1946,5,0
BK_00124,2025-01-29,CLI_034,SUP_015,141119.83,0.117,18,1
BK_00125,2025-01-29,CLI_043,SUP_001,43345.48,0.1155,15,0
BK_00126,2025-01-29,CLI_041,SUP_004,171533.53,0.1255,20,1
BK_00127,2025-01-29,CLI_013,SUP_008,67105.19,0.1145,0,0
BK_00128,2025-01-29,CLI_020,SUP_015,54464.45,0.0978,22,1
BK_00129,2025-01-29,CLI_037,SUP_007,21957.19,0.1891,10,0
BK_00130,2025-01-29,CLI_035,SUP_018,63699.43,0.139,0,0
BK_00131,2025-01-30,CLI_050,SUP_003,24862.53,0.148,13,0
BK_00132,2025-01-31,CLI_025,SUP_013,61618.41,0.1628,20,1
BK_00133,2025-02-01,CLI_007,SUP_007,66862.74,0.188,18,1
BK_00134,2025-02-01,CLI_032,SUP_013,218582.71,0.1669,25,1
BK_00135,2025-02-01,CLI_041,SUP_007,107086.68,0.1533,5,0
BK_00136,2025-02-01,CLI_022,SUP_015,194394.19,0.1738,12,0
BK_00137,2025-02-02,CLI_030,SUP_012,109070.28,0.1335,2,0
BK_00138,2025-02-03,CLI_016,SUP_010,64152.13,0.086,28,1
BK_00139,2025-02-03,CLI_007,SUP_004,88206.52,0.1666,15,0
BK_00140,2025-02-03,CLI_032,SUP_002,149245.21,0.089,34,1
BK_00141,2025-02-04,CLI_048,SUP_011,80506.79,0.184,14,0
BK_00142,2025-02-04,CLI_006,SUP_006,222735.5,0.1,8,0
BK_00143,2025-02-04,CLI_019,SUP_010,148631.15,0.1051,19,1
BK_00144,2025-02-04,CLI_028,SUP_008,20112.11,0.0977,13,0
BK_00145,2025-02-04,CLI_034,SUP_002,104937.15,0.1297,19,1
BK_00146,2025-02-05,CLI_015,SUP_015,154098.09,0.099,26,1
BK_00147,2025-02-05,CLI_021,SUP_006,33033.55,0.108,4,0
BK_00148,2025-02-05,CLI_036,SUP_014,89938.82,0.1289,16,1
BK_00149,2025-02-05,CLI_019,SUP_020,50922.43,0.1773,20,1
BK_00150,2025-02-06,CLI_041,SUP_016,72728.09,0.0839,14,0
BK_00151,2025-02-06,CLI_038,SUP_010,110828.44,0.1873,15,0
BK_00152,2025-02-06,CLI_002,SUP_019,77357.6,0.12,13,0
BK_00153,2025-02-06,CLI_036,SUP_016,79946.58,0.1166,10,0
BK_00154,2025-02-06,CLI_015,SUP_016,19095.56,0.1767,16,1
BK_00155,2025-02-06,CLI_009,SUP_013,131978.78,0.1031,18,1
BK_00156,2025-02-07,CLI_006,SUP_006,198446.67,0.1195,0,0
BK_00157,2025-02-07,CLI_008,SUP_018,89281.46,0.1278,16,1
BK_00158,2025-02-07,CLI_032,SUP_005,155873.6,0.1644,21,1
BK_00159,2025-02-08,CLI_031,SUP_007,53361.95,0.109,17,1
BK_00160,2025-02-08,CLI_003,SUP_015,112665.91,0.08,9,0
BK_00161,2025-02-08,CLI_034,SUP_010,93118.81,0.1726,22,1
BK_00162,2025-02-08,CLI_025,SUP_012,132848.49,0.1302,20,1
BK_00163,2025-02-08,CLI_049,SUP_017,31805.23,0.1857,0,0
BK_00164,2025-02-08,CLI_050,SUP_009,151110.82,0.1698,8,0
BK_00165,2025-02-09,CLI_004,SUP_015,113545.12,0.1301,6,0
BK_00166,2025-02-09,CLI_036,SUP_009,103325.87,0.1526,20,1
BK_00167,2025-02-09,CLI_015,SUP_007,223857.42,0.1304,15,0
BK_00168,2025-02-09,CLI_043,SUP_011,126612.04,0.1846,24,1
BK_00169,2025-02-09,CLI_018,SUP_011,132516.94,0.0832,2,0
BK_00170,2025-02-09,CLI_006,SUP_020,136428.26,0.1398,7,0
BK_00171,2025-02-09,CLI_008,SUP_001,90576.93,0.1941,18,1
BK_00172,2025-02-10,CLI_048,SUP_018,76591.7,0.1523,17,1
BK_00173,2025-02-10,CLI_042,SUP_003,99310.27,0.1723,16,1
BK_00174,2025-02-10,CLI_031,SUP_011,87681.37,0.1755,14,0
BK_00175,2025-02-10,CLI_029,SUP_002,70852.02,0.1197,17,1
BK_00176,2025-02-10,CLI_043,SUP_016,184053.72,0.1244,20,1
BK_00177,2025-02-10,CLI_036,SUP_001,122781.32,0.175,25,1
BK_00178,2025-02-11,CLI_015,SUP_009,214306.72,0.1733,22,1
BK_00179,2025-02-11,CLI_003,SUP_010,106427.45,0.1605,8,0
BK_00180,2025-02-13,CLI_031,SUP_015,16172.91,0.1273,16,1
BK_00181,2025-02-13,CLI_028,SUP_001,111760.9,0.1649,27,1
BK_00182,2025-02-13,CLI_020,SUP_013,48998.08,0.1099,20,1
BK_00183,2025-02-13,CLI_005,SUP_019,99177.5,0.1048,0,0
BK_00184,2025-02-14,CLI_041,SUP_015,29677.28,0.1568,3,0
BK_00185,2025-02-14,CLI_040,SUP_006,46337.31,0.1594,3,0
BK_00186,2025-02-14,CLI_030,SUP_017,132510.72,0.1599,4,0
BK_00187,2025-02-14,CLI_003,SUP_011,61812.5,0.0822,12,0
BK_00188,2025-02-14,CLI_047,SUP_013,117790.68,0.1829,16,1
BK_00189,2025-02-14,CLI_008,SUP_017,93707.54,0.1388,20,1
BK_00190,2025-02-14,CLI_009,SUP_007,95194.85,0.1643,12,0
BK_00191,2025-02-15,CLI_032,SUP_005,17210.47,0.1988,29,1
BK_00192,2025-02-15,CLI_033,SUP_009,65907.95,0.1021,18,1
BK_00193,2025-02-15,CLI_044,SUP_012,131515.02,0.1557,18,1
BK_00194,2025-02-15,CLI_049,SUP_008,95620.72,0.1735,6,0
BK_00195,2025-02-15,CLI_009,SUP_006,36713.33,0.1463,12,0
BK_00196,2025-02-15,CLI_047,SUP_011,80451.97,0.1358,11,0
BK_00197,2025-02-15,CLI_027,SUP_003,102835.46,0.1471,10,0
BK_00198,2025-02-16,CLI_049,SUP_004,74647.85,0.1892,1,0
BK_00199,2025-02-16,CLI_046,SUP_001,109969.96,0.1841,8,0
BK_00200,2025-02-16,CLI_024,SUP_001,35721.97,0.1255,0,0
BK_00201,2025-02-16,CLI_012,SUP_019,113944.06,0.1064,1,0
BK_00202,2025-02-16,CLI_004,SUP_002,30028.5,0.191,2,0
BK_00203,2025-02-17,CLI_023,SUP_010,55986.67,0.0998,0,0
BK_00204,2025-02-17,CLI_015,SUP_007,16851.11,0.1659,23,1
BK_00205,2025-02-17,CLI_049,SUP_007,75991.54,0.1842,4,0
BK_00206,2025-02-17,CLI_021,SUP_010,34528.33,0.1629,6,0
BK_00207,2025-02-17,CLI_031,SUP_009,145239.23,0.1894,18,1
BK_00208,2025-02-18,CLI_015,SUP_016,129769.72,0.1407,18,1
BK_00209,2025-02-18,CLI_016,SUP_003,50360.91,0.1721,20,1
BK_00210,2025-02-18,CLI_013,SUP_010,39596.03,0.1444,14,0
BK_00211,2025-02-19,CLI_047,SUP_012,21800.91,0.1544,18,1
BK_00212,2025-02-20,CLI_025,SUP_013,94904.09,0.1706,17,1
BK_00213,2025-02-20,CLI_014,SUP_002,204137.88,0.1484,22,1
BK_00214,2025-02-20,CLI_032,SUP_018,44880.11,0.165,22,1
BK_00215,2025-02-20,CLI_011,SUP_017,72513.08,0.1517,12,0
BK_00216,2025-02-20,CLI_009,SUP_020,73359.03,0.1857,16,1
BK_00217,2025-02-21,CLI_037,SUP_001,136712.34,0.1843,11,0
BK_00218,2025-02-21,CLI_012,SUP_010,56931.25,0.085,8,0
BK_00219,2025-02-21,CLI_005,SUP_013,142453.68,0.1478,1,0
BK_00220,2025-02-21,CLI_012,SUP_013,22282.75,0.1806,10,0
BK_00221,2025-02-21,CLI_005,SUP_008,202279.03,0.1897,5,0
BK_00222,2025-02-22,CLI_010,SUP_005,53596.79,0.0945,0,0
BK_00223,2025-02-23,CLI_010,SUP_016,143820.64,0.1417,0,0
BK_00224,2025-02-23,CLI_029,SUP_001,118033.53,0.1903,16,1
BK_00225,2025-02-23,CLI_046,SUP_018,40336.13,0.1004,6,0
BK_00226,2025-02-23,CLI_049,SUP_019,118033.09,0.1421,5,0
BK_00227,2025-02-24,CLI_007,SUP_001,218154.34,0.1984,4,0
BK_00228,2025-02-24,CLI_049,SUP_001,149074.06,0.1615,8,0
BK_00229,2025-02-24,CLI_034,SUP_009,48224.03,0.1093,18,1
BK_00230,2025-02-24,CLI_028,SUP_015,103825.97,0.101,22,1
BK_00231,2025-02-25,CLI_029,SUP_016,92431.23,0.1173,21,1
BK_00232,2025-02-25,CLI_036,SUP_012,81499.86,0.0899,17,1
BK_00233,2025-02-27,CLI_019,SUP_004,143611.05,0.1047,9,0
BK_00234,2025-02-27,CLI_013,SUP_013,86588.57,0.1946,1,0
BK_00235,2025-02-27,CLI_018,SUP_020,67571.83,0.1123,13,0
BK_00236,2025-02-28,CLI_017,SUP_009,34110.57,0.1715,6,0
BK_00237,2025-02-28,CLI_028,SUP_019,21212.9,0.1284,12,0
BK_00238,2025-03-01,CLI_011,SUP_019,42339.76,0.1961,10,0
BK_00239,2025-03-01,CLI_036,SUP_005,83083.28,0.1792,23,1
BK_00240,2025-03-01,CLI_049,SUP_017,25049.81,0.1835,8,0
BK_00241,2025-03-01,CLI_020,SUP_004,27270.51,0.1472,21,1
BK_00242,2025-03-01,CLI_037,SUP_017,51869.0,0.1231,15,0
BK_00243,2025-03-01,CLI_010,SUP_015,67975.27,0.1537,0,0
BK_00244,2025-03-01,CLI_038,SUP_014,145884.08,0.16,4,0
BK_00245,2025-03-02,CLI_013,SUP_016,49567.58,0.1608,2,0
BK_00246,2025-03-02,CLI_050,SUP_007,222866.69,0.1379,10,0
BK_00247,2025-03-02,CLI_036,SUP_013,126819.2,0.098,13,0
BK_00248,2025-03-02,CLI_043,SUP_006,133767.66,0.1803,25,1
BK_00249,2025-03-02,CLI_025,SUP_012,16332.15,0.0802,12,0
BK_00250,2025-03-03,CLI_010,SUP_009,78089.02,0.1052,0,0
BK_00251,2025-03-03,CLI_036,SUP_001,15119.77,0.1024,14,0
BK_00252,2025-03-03,CLI_027,SUP_013,112496.79,0.0824,17,1
BK_00253,2025-03-04,CLI_034,SUP_008,77016.15,0.1287,25,1
BK_00254,2025-03-04,CLI_005,SUP_011,44570.49,0.1901,3,0
BK_00255,2025-03-04,CLI_042,SUP_010,115401.72,0.1589,19,1
BK_00256,2025-03-04,CLI_021,SUP_018,32625.34,0.1048,20,1
BK_00257,2025-03-05,CLI_023,SUP_008,21253.97,0.192,15,0
BK_00258,2025-03-05,CLI_028,SUP_007,128315.02,0.1523,28,1
BK_00259,2025-03-05,CLI_017,SUP_014,136004.14,0.1911,7,0
BK_00260,2025-03-05,CLI_012,SUP_018,65851.29,0.1003,15,0
BK_00261,2025-03-06,CLI_014,SUP_015,86002.68,0.0929,12,0
BK_00262,2025-03-06,CLI_011,SUP_001,98718.45,0.0964,17,1
BK_00263,2025-03-06,CLI_006,SUP_010,116977.75,0.1359,2,0
BK_00264,2025-03-06,CLI_046,SUP_009,107501.91,0.1172,9,0
BK_00265,2025-03-07,CLI_045,SUP_009,21488.4,0.1042,4,0
BK_00266,2025-03-07,CLI_024,SUP_020,126651.05,0.1763,1,0
BK_00267,2025-03-07,CLI_039,SUP_014,54344.81,0.0952,26,1
BK_00268,2025-03-07,CLI_015,SUP_015,62129.3,0.1412,11,0
BK_00269,2025-03-07,CLI_014,SUP_015,103213.16,0.0873,23,1
BK_00270,2025-03-07,CLI_002,SUP_004,146625.07,0.1927,13,0
BK_00271,2025-03-07,CLI_017,SUP_002,103465.01,0.1339,3,0
BK_00272,2025-03-08,CLI_030,SUP_013,164064.26,0.1613,7,0
BK_00273,2025-03-08,CLI_049,SUP_002,26361.99,0.1527,1,0
BK_00274,2025-03-08,CLI_032,SUP_019,50922.62,0.1833,29,1
BK_00275,2025-03-09,CLI_035,SUP_014,75577.34,0.1862,2,0
BK_00276,2025-03-09,CLI_010,SUP_015,18675.94,0.1362,0,0
BK_00277,2025-03-09,CLI_005,SUP_016,67923.09,0.1257,0,0
BK_00278,2025-03-10,CLI_031,SUP_008,33905.64,0.0844,22,1
BK_00279,2025-03-10,CLI_021,SUP_007,121028.64,0.1278,14,0
BK_00280,2025-03-10,CLI_024,SUP_012,77835.39,0.1069,0,0
BK_00281,2025-03-10,CLI_019,SUP_012,40669.33,0.1398,16,1
BK_00282,2025-03-10,CLI_010,SUP_011,68056.62,0.0949,2,0
BK_00283,2025-03-10,CLI_005,SUP_013,178962.38,0.1237,0,0
BK_00284,2025-03-11,CLI_031,SUP_013,149972.72,0.1392,23,1
BK_00285,2025-03-11,CLI_031,SUP_013,14498.32,0.1653,17,1
BK_00286,2025-03-11,CLI_028,SUP_018,25397.09,0.1236,25,1
BK_00287,2025-03-11,CLI_017,SUP_001,88139.81,0.1335,5,0
BK_00288,2025-03-11,CLI_006,SUP_004,81194.07,0.1681,2,0
BK_00289,2025-03-11,CLI_008,SUP_002,84971.17,0.1829,20,1
BK_00290,2025-03-11,CLI_046,SUP_014,27972.14,0.1399,4,0
BK_00291,2025-03-12,CLI_003,SUP_007,67054.81,0.1382,5,0
BK_00292,2025-03-12,CLI_049,SUP_005,40002.05,0.1739,15,0
BK_00293,2025-03-12,CLI_021,SUP_009,66082.51,0.1379,1,0
BK_00294,2025-03-12,CLI_007,SUP_020,218897.46,0.1239,2,0
BK_00295,2025-03-13,CLI_043,SUP_018,97372.12,0.1122,16,1
BK_00296,2025-03-13,CLI_049,SUP_013,115183.02,0.1931,6,0
BK_00297,2025-03-13,CLI_029,SUP_020,127881.09,0.137,10,0
BK_00298,2025-03-13,CLI_035,SUP_005,101108.27,0.1432,6,0
BK_00299,2025-03-13,CLI_020,SUP_015,174140.53,0.1234,16,1
BK_00300,2025-03-13,CLI_032,SUP_015,109167.4,0.1588,31,1
BK_00301,2025-03-14,CLI_038,SUP_014,58108.87,0.1237,14,0
BK_00302,2025-03-14,CLI_042,SUP_019,16633.3,0.1889,16,1
BK_00303,2025-03-14,CLI_022,SUP_010,108305.37,0.0927,17,1
BK_00304,2025-03-15,CLI_041,SUP_009,16094.63,0.192,17,1
BK_00305,2025-03-15,CLI_028,SUP_013,149071.45,0.1962,29,1
BK_00306,2025-03-15,CLI_030,SUP_004,143362.37,0.119,6,0
BK_00307,2025-03-15,CLI_024,SUP_006,136855.06,0.1072,4,0
BK_00308,2025-03-16,CLI_049,SUP_003,141944.1,0.1997,16,1
BK_00309,2025-03-16,CLI_031,SUP_003,70570.7,0.1211,18,1
BK_00310,2025-03-16,CLI_014,SUP_019,51043.35,0.1054,16,1
BK_00311,2025-03-16,CLI_023,SUP_006,55322.05,0.1145,2,0
BK_00312,2025-03-17,CLI_035,SUP_017,93981.52,0.1432,0,0
BK_00313,2025-03-17,CLI_016,SUP_010,108226.07,0.1516,24,1
BK_00314,2025-03-17,CLI_018,SUP_018,90955.54,0.187,4,0
BK_00315,2025-03-18,CLI_010,SUP_009,12449.38,0.1968,0,0
BK_00316,2025-03-18,CLI_004,SUP_008,16068.39,0.1237,6,0
BK_00317,2025-03-18,CLI_002,SUP_013,13075.88,0.1945,20,1
BK_00318,2025-03-18,CLI_050,SUP_005,32630.7,0.1862,14,0
BK_00319,2025-03-19,CLI_034,SUP_003,126626.95,0.1445,29,1
BK_00320,2025-03-19,CLI_020,SUP_015,163231.03,0.1203,19,1
BK_00321,2025-03-19,CLI_015,SUP_008,171442.69,0.156,25,1
BK_00322,2025-03-19,CLI_049,SUP_018,126209.15,0.1645,10,0
BK_00323,2025-03-19,CLI_017,SUP_001,72059.36,0.1938,7,0
BK_00324,2025-03-19,CLI_001,SUP_010,57081.52,0.1055,15,0
BK_00325,2025-03-20,CLI_035,SUP_016,87610.64,0.1389,9,0
BK_00326,2025-03-20,CLI_019,SUP_001,10865.61,0.1393,5,0
BK_00327,2025-03-20,CLI_002,SUP_015,31377.55,0.1007,3,0
BK_00328,2025-03-21,CLI_027,SUP_011,182606.26,0.1431,16,1
BK_00329,2025-03-21,CLI_042,SUP_010,67214.64,0.1419,12,0
BK_00330,2025-03-21,CLI_038,SUP_014,88979.03,0.1389,11,0
BK_00331,2025-03-21,CLI_027,SUP_009,39739.51,0.091,6,0
BK_00332,2025-03-21,CLI_026,SUP_011,19846.28,0.1708,20,1
BK_00333,2025-03-21,CLI_014,SUP_018,84799.58,0.1696,21,1
BK_00334,2025-03-21,CLI_027,SUP_016,150063.9,0.1273,12,0
BK_00335,2025-03-21,CLI_024,SUP_006,120264.16,0.0833,2,0
BK_00336,2025-03-21,CLI_036,SUP_007,98772.33,0.1849,27,1
BK_00337,2025-03-22,CLI_045,SUP_018,68094.18,0.1221,6,0
BK_00338,2025-03-22,CLI_033,SUP_002,30790.5,0.1707,12,0
BK_00339,2025-03-22,CLI_019,SUP_012,59059.16,0.1993,21,1
BK_00340,2025-03-22,CLI_032,SUP_005,52090.92,0.123,25,1
BK_00341,2025-03-22,CLI_050,SUP_008,16639.76,0.0866,15,0
BK_00342,2025-03-23,CLI_045,SUP_006,123602.75,0.1487,0,0
BK_00343,2025-03-23,CLI_006,SUP_006,118722.96,0.0983,3,0
BK_00344,2025-03-23,CLI_002,SUP_013,45431.82,0.1771,12,0
BK_00345,2025-03-23,CLI_007,SUP_006,206437.65,0.1219,5,0
BK_00346,2025-03-23,CLI_048,SUP_013,26018.9,0.1801,21,1
BK_00347,2025-03-23,CLI_025,SUP_019,34842.46,0.1479,13,0
BK_00348,2025-03-24,CLI_001,SUP_008,23792.11,0.1473,17,1
BK_00349,2025-03-24,CLI_031,SUP_015,62065.72,0.1353,17,1
BK_00350,2025-03-24,CLI_009,SUP_004,129620.11,0.1701,19,1
BK_00351,2025-03-24,CLI_012,SUP_018,83432.65,0.0816,13,0
BK_00352,2025-03-24,CLI_008,SUP_010,31540.82,0.1972,25,1
BK_00353,2025-03-24,CLI_036,SUP_014,103267.31,0.1115,19,1
BK_00354,2025-03-25,CLI_043,SUP_015,33676.4,0.1221,16,1
BK_00355,2025-03-25,CLI_037,SUP_001,24337.84,0.1571,18,1
BK_00356,2025-03-25,CLI_043,SUP_016,128798.27,0.1812,16,1
BK_00357,2025-03-25,CLI_040,SUP_008,125477.08,0.164,1,0
BK_00358,2025-03-25,CLI_043,SUP_019,214414.95,0.1022,21,1
BK_00359,2025-03-25,CLI_029,SUP_016,46650.6,0.0951,13,0
BK_00360,2025-03-25,CLI_018,SUP_010,13228.87,0.1216,8,0
BK_00361,2025-03-25,CLI_021,SUP_018,59628.54,0.1776,9,0
BK_00362,2025-03-26,CLI_001,SUP_020,85092.08,0.1378,17,1
BK_00363,2025-03-26,CLI_047,SUP_009,11291.12,0.1076,14,0
BK_00364,2025-03-27,CLI_008,SUP_019,80895.54,0.172,19,1
BK_00365,2025-03-27,CLI_009,SUP_010,137741.43,0.1295,14,0
BK_00366,2025-03-27,CLI_010,SUP_003,123731.63,0.1488,3,0
BK_00367,2025-03-27,CLI_049,SUP_018,56477.68,0.1476,7,0
BK_00368,2025-03-27,CLI_050,SUP_011,148360.72,0.1085,24,1
BK_00369,2025-03-27,CLI_036,SUP_018,104747.42,0.1684,18,1
BK_00370,2025-03-27,CLI_047,SUP_017,50129.16,0.1681,11,0
BK_00371,2025-03-28,CLI_018,SUP_015,149339.68,0.1939,4,0
BK_00372,2025-03-28,CLI_011,SUP_010,149689.87,0.1607,16,1
BK_00373,2025-03-29,CLI_019,SUP_007,100278.7,0.1658,13,0
BK_00374,2025-03-29,CLI_040,SUP_017,134272.17,0.12,0,0
BK_00375,2025-03-30,CLI_045,SUP_002,55485.99,0.0959,0,0
BK_00376,2025-03-30,CLI_017,SUP_011,19217.28,0.0851,2,0
BK_00377,2025-03-30,CLI_008,SUP_002,32839.62,0.1278,20,1
BK_00378,2025-03-30,CLI_041,SUP_016,27684.39,0.1528,5,0
BK_00379,2025-03-30,CLI_014,SUP_015,179948.13,0.107,19,1
BK_00380,2025-03-30,CLI_033,SUP_017,189174.91,0.1872,4,0
BK_00381,2025-03-30,CLI_016,SUP_018,135830.16,0.1974,18,1
BK_00382,2025-03-31,CLI_023,SUP_019,204218.08,0.1852,9,0
BK_00383,2025-03-31,CLI_021,SUP_020,50498.04,0.0874,6,0
BK_00384,2025-03-31,CLI_050,SUP_017,29720.64,0.1538,20,1
BK_00385,2025-03-31,CLI_022,SUP_002,118504.63,0.1626,16,1
BK_00386,2025-04-01,CLI_041,SUP_004,215144.24,0.0872,18,1
BK_00387,2025-04-01,CLI_043,SUP_019,29760.4,0.1938,25,1
BK_00388,2025-04-01,CLI_038,SUP_004,120163.69,0.1259,23,1
BK_00389,2025-04-01,CLI_017,SUP_012,68266.27,0.1748,0,0
BK_00390,2025-04-02,CLI_018,SUP_001,67907.98,0.156,0,0
BK_00391,2025-04-02,CLI_027,SUP_003,136946.12,0.1812,15,0
BK_00392,2025-04-02,CLI_026,SUP_010,91481.3,0.1304,19,1
BK_00393,2025-04-02,CLI_036,SUP_010,41462.43,0.1203,17,1
BK_00394,2025-04-02,CLI_049,SUP_016,140336.21,0.1939,0,0
BK_00395,2025-04-02,CLI_040,SUP_010,93157.31,0.1145,0,0
BK_00396,2025-04-03,CLI_042,SUP_001,117795.54,0.1467,15,0
BK_00397,2025-04-03,CLI_016,SUP_014,53292.83,0.1433,11,0
BK_00398,2025-04-04,CLI_010,SUP_009,133353.22,0.1444,3,0
BK_00399,2025-04-04,CLI_011,SUP_010,78849.51,0.1928,10,0
BK_00400,2025-04-04,CLI_038,SUP_009,121445.65,0.1791,4,0
BK_00401,2025-04-04,CLI_022,SUP_019,81154.36,0.081,14,0
BK_00402,2025-04-05,CLI_026,SUP_018,148917.38,0.1377,29,1
BK_00403,2025-04-05,CLI_014,SUP_012,205711.26,0.149,17,1
BK_00404,2025-04-05,CLI_013,SUP_012,135287.01,0.1022,3,0
BK_00405,2025-04-05,CLI_013,SUP_012,53474.14,0.1233,19,1
BK_00406,2025-04-05,CLI_017,SUP_001,126934.57,0.1268,0,0
BK_00407,2025-04-06,CLI_015,SUP_007,80176.31,0.1196,22,1
BK_00408,2025-04-06,CLI_037,SUP_007,99578.09,0.1795,10,0
BK_00409,2025-04-06,CLI_008,SUP_004,127332.91,0.1799,22,1
BK_00410,2025-04-06,CLI_002,SUP_012,144757.39,0.1078,8,0
BK_00411,2025-04-06,CLI_031,SUP_019,106367.09,0.1706,20,1
BK_00412,2025-04-07,CLI_007,SUP_020,69067.72,0.1328,3,0
BK_00413,2025-04-07,CLI_010,SUP_011,88713.35,0.1909,0,0
BK_00414,2025-04-07,CLI_043,SUP_016,172828.36,0.0991,30,1
BK_00415,2025-04-08,CLI_010,SUP_007,75267.41,0.1969,0,0
BK_00416,2025-04-08,CLI_017,SUP_007,59734.0,0.1515,5,0
BK_00417,2025-04-08,CLI_009,SUP_020,94874.87,0.1576,16,1
BK_00418,2025-04-09,CLI_040,SUP_010,35526.03,0.1517,0,0
BK_00419,2025-04-10,CLI_030,SUP_010,213411.59,0.1755,5,0
BK_00420,2025-04-10,CLI_048,SUP_015,145793.29,0.1985,15,0
BK_00421,2025-04-10,CLI_050,SUP_019,129686.45,0.125,18,1
BK_00422,2025-04-11,CLI_033,SUP_002,118244.13,0.1414,9,0
BK_00423,2025-04-11,CLI_021,SUP_017,58979.19,0.1169,5,0
BK_00424,2025-04-11,CLI_008,SUP_020,77003.35,0.1208,18,1
BK_00425,2025-04-11,CLI_036,SUP_014,33503.4,0.1045,15,0
BK_00426,2025-04-11,CLI_038,SUP_007,169815.93,0.119,13,0
BK_00427,2025-04-11,CLI_019,SUP_007,117032.32,0.0928,15,0
BK_00428,2025-04-11,CLI_042,SUP_009,50068.06,0.1778,16,1
BK_00429,2025-04-11,CLI_049,SUP_015,117991.91,0.1507,8,0
BK_00430,2025-04-12,CLI_013,SUP_020,92164.5,0.1034,6,0
BK_00431,2025-04-12,CLI_008,SUP_008,128820.71,0.1383,13,0
BK_00432,2025-04-12,CLI_046,SUP_007,106109.35,0.148,12,0
BK_00433,2025-04-12,CLI_023,SUP_014,110948.8,0.1981,11,0
BK_00434,2025-04-12,CLI_020,SUP_020,182204.89,0.0877,20,1
BK_00435,2025-04-12,CLI_031,SUP_013,105514.39,0.1612,5,0
BK_00436,2025-04-13,CLI_013,SUP_002,88967.93,0.082,6,0
BK_00437,2025-04-13,CLI_001,SUP_006,15195.19,0.1582,24,1
BK_00438,2025-04-13,CLI_040,SUP_015,105842.38,0.1523,0,0
BK_00439,2025-04-14,CLI_043,SUP_003,137912.08,0.1123,22,1
BK_00440,2025-04-14,CLI_036,SUP_014,37255.9,0.1238,20,1
BK_00441,2025-04-14,CLI_042,SUP_004,127947.03,0.0811,8,0
BK_00442,2025-04-14,CLI_031,SUP_006,109249.19,0.1915,20,1
BK_00443,2025-04-14,CLI_001,SUP_020,69823.55,0.1977,24,1
BK_00444,2025-04-14,CLI_020,SUP_015,210964.77,0.1954,19,1
BK_00445,2025-04-15,CLI_007,SUP_016,134893.65,0.1813,8,0
BK_00446,2025-04-15,CLI_046,SUP_010,71585.33,0.1482,12,0
BK_00447,2025-04-15,CLI_024,SUP_007,46999.93,0.1673,4,0
BK_00448,2025-04-15,CLI_008,SUP_012,19036.69,0.1582,23,1
BK_00449,2025-04-15,CLI_017,SUP_008,137279.64,0.165,10,0
BK_00450,2025-04-16,CLI_049,SUP_008,70753.69,0.1488,12,0
BK_00451,2025-04-16,CLI_017,SUP_011,94229.0,0.0807,5,0
BK_00452,2025-04-17,CLI_008,SUP_010,74222.67,0.1506,20,1
BK_00453,2025-04-17,CLI_039,SUP_010,76005.39,0.0972,17,1
BK_00454,2025-04-17,CLI_036,SUP_017,16098.06,0.1171,24,1
BK_00455,2025-04-17,CLI_029,SUP_019,63666.03,0.0883,27,1
BK_00456,2025-04-18,CLI_010,SUP_012,89417.75,0.1752,3,0
BK_00457,2025-04-18,CLI_047,SUP_010,45815.22,0.1012,30,1
BK_00458,2025-04-18,CLI_037,SUP_013,100944.67,0.1325,21,1
BK_00459,2025-04-18,CLI_045,SUP_013,110774.22,0.1782,5,0
BK_00460,2025-04-18,CLI_037,SUP_007,51339.4,0.1818,11,0
BK_00461,2025-04-19,CLI_030,SUP_017,148636.82,0.1699,5,0
BK_00462,2025-04-19,CLI_001,SUP_015,12809.39,0.1452,9,0
BK_00463,2025-04-19,CLI_013,SUP_009,24010.96,0.116,0,0
BK_00464,2025-04-20,CLI_028,SUP_012,45269.55,0.1241,18,1
BK_00465,2025-04-20,CLI_012,SUP_013,92345.19,0.1938,3,0
BK_00466,2025-04-20,CLI_001,SUP_010,42343.66,0.183,22,1
BK_00467,2025-04-20,CLI_005,SUP_013,105729.27,0.0891,0,0
BK_00468,2025-04-20,CLI_042,SUP_018,138163.19,0.1077,19,1
BK_00469,2025-04-20,CLI_035,SUP_016,46051.96,0.1902,0,0
BK_00470,2025-04-21,CLI_007,SUP_017,199569.52,0.1874,12,0
BK_00471,2025-04-21,CLI_044,SUP_011,133888.49,0.1034,3,0
BK_00472,2025-04-21,CLI_045,SUP_020,190986.18,0.1453,10,0
BK_00473,2025-04-21,CLI_044,SUP_009,56676.35,0.164,3,0
BK_00474,2025-04-21,CLI_031,SUP_001,46276.81,0.1226,11,0
BK_00475,2025-04-21,CLI_038,SUP_018,148223.42,0.0924,22,1
BK_00476,2025-04-21,CLI_034,SUP_013,26157.99,0.0953,27,1
BK_00477,2025-04-21,CLI_050,SUP_019,118858.62,0.085,17,1
BK_00478,2025-04-21,CLI_008,SUP_011,24484.16,0.1136,26,1
BK_00479,2025-04-21,CLI_033,SUP_001,173467.34,0.1476,14,0
BK_00480,2025-04-21,CLI_014,SUP_017,38705.6,0.0972,18,1
BK_00481,2025-04-22,CLI_014,SUP_002,62722.1,0.1031,12,0
BK_00482,2025-04-22,CLI_047,SUP_015,33522.48,0.1293,28,1
BK_00483,2025-04-22,CLI_040,SUP_012,38807.87,0.1109,0,0
BK_00484,2025-04-22,CLI_041,SUP_004,157575.04,0.1867,13,0
BK_00485,2025-04-22,CLI_021,SUP_001,100268.53,0.087,13,0
BK_00486,2025-04-22,CLI_027,SUP_013,163724.28,0.0807,16,1
BK_00487,2025-04-22,CLI_038,SUP_020,40709.44,0.1484,7,0
BK_00488,2025-04-23,CLI_013,SUP_004,55355.37,0.1687,4,0
BK_00489,2025-04-23,CLI_010,SUP_006,115433.96,0.1109,0,0
BK_00490,2025-04-24,CLI_030,SUP_017,162544.2,0.1008,0,0
BK_00491,2025-04-24,CLI_004,SUP_004,19603.02,0.1842,13,0
BK_00492,2025-04-24,CLI_046,SUP_015,72943.23,0.1479,11,0
BK_00493,2025-04-25,CLI_036,SUP_008,53242.48,0.1719,17,1
BK_00494,2025-04-25,CLI_049,SUP_020,58659.12,0.1437,8,0
BK_00495,2025-04-25,CLI_010,SUP_010,23418.95,0.1248,6,0
BK_00496,2025-04-25,CLI_008,SUP_020,92310.83,0.0854,9,0
BK_00497,2025-04-26,CLI_017,SUP_017,119093.01,0.155,3,0
BK_00498,2025-04-26,CLI_048,SUP_004,13907.37,0.187,13,0
BK_00499,2025-04-26,CLI_017,SUP_014,57563.71,0.1265,2,0
BK_00500,2025-04-26,CLI_026,SUP_018,53204.97,0.0886,25,1
BK_00501,2025-04-26,CLI_009,SUP_009,90153.76,0.1718,22,1
BK_00502,2025-04-26,CLI_021,SUP_009,49276.58,0.1874,10,0
BK_00503,2025-04-26,CLI_047,SUP_020,67298.18,0.1154,19,1
BK_00504,2025-04-27,CLI_042,SUP_004,86005.3,0.1368,11,0
BK_00505,2025-04-27,CLI_038,SUP_020,66940.25,0.1429,1,0
BK_00506,2025-04-27,CLI_049,SUP_012,27881.65,0.178,13,0
BK_00507,2025-04-27,CLI_021,SUP_008,85838.15,0.1656,2,0
BK_00508,2025-04-27,CLI_023,SUP_011,169749.42,0.1675,6,0
BK_00509,2025-04-27,CLI_034,SUP_016,94467.69,0.1953,28,1
BK_00510,2025-04-27,CLI_019,SUP_003,122645.64,0.1494,12,0
BK_00511,2025-04-27,CLI_016,SUP_014,92568.95,0.191,28,1
BK_00512,2025-04-28,CLI_008,SUP_003,75536.65,0.1718,17,1
BK_00513,2025-04-28,CLI_024,SUP_004,134792.22,0.1862,9,0
BK_00514,2025-04-28,CLI_024,SUP_013,72752.85,0.184,0,0
BK_00515,2025-04-28,CLI_022,SUP_020,195559.57,0.1,7,0
BK_00516,2025-04-28,CLI_033,SUP_011,64559.16,0.1184,9,0
BK_00517,2025-04-28,CLI_039,SUP_013,147605.08,0.1756,15,0
BK_00518,2025-04-28,CLI_031,SUP_014,18441.66,0.113,16,1
BK_00519,2025-04-29,CLI_015,SUP_020,124091.03,0.0999,13,0
BK_00520,2025-04-29,CLI_038,SUP_007,146142.18,0.0966,7,0
BK_00521,2025-04-29,CLI_009,SUP_004,128153.14,0.1466,24,1
BK_00522,2025-04-29,CLI_026,SUP_010,144904.8,0.1979,10,0
BK_00523,2025-04-29,CLI_027,SUP_019,175175.3,0.1877,7,0
BK_00524,2025-04-29,CLI_030,SUP_017,157204.1,0.1184,12,0
BK_00525,2025-04-29,CLI_020,SUP_016,219078.38,0.1599,10,0
BK_00526,2025-04-29,CLI_029,SUP_003,147222.23,0.1893,16,1
BK_00527,2025-04-29,CLI_003,SUP_003,107681.57,0.1064,9,0
BK_00528,2025-04-29,CLI_001,SUP_018,30329.41,0.1925,18,1
BK_00529,2025-04-29,CLI_026,SUP_017,33447.63,0.1297,16,1
BK_00530,2025-04-29,CLI_005,SUP_005,187398.9,0.0996,0,0
BK_00531,2025-04-29,CLI_008,SUP_002,130317.61,0.1874,29,1
BK_00532,2025-04-29,CLI_046,SUP_011,139569.26,0.1673,10,0
BK_00533,2025-04-29,CLI_029,SUP_015,48242.92,0.1156,14,0
BK_00534,2025-04-29,CLI_027,SUP_001,139357.48,0.1469,9,0
BK_00535,2025-04-30,CLI_017,SUP_008,41456.81,0.151,9,0
BK_00536,2025-04-30,CLI_046,SUP_008,132452.32,0.1862,10,0
BK_00537,2025-04-30,CLI_021,SUP_019,135321.06,0.1809,5,0
BK_00538,2025-04-30,CLI_040,SUP_020,55834.86,0.1186,0,0
BK_00539,2025-05-01,CLI_041,SUP_017,35201.94,0.1373,0,0
BK_00540,2025-05-01,CLI_005,SUP_005,30575.69,0.125,1,0
BK_00541,2025-05-01,CLI_019,SUP_008,112676.83,0.1668,6,0
BK_00542,2025-05-01,CLI_017,SUP_011,121991.96,0.1118,6,0
BK_00543,2025-05-02,CLI_025,SUP_009,87842.56,0.1992,27,1
BK_00544,2025-05-02,CLI_009,SUP_001,56348.59,0.1302,5,0
BK_00545,2025-05-02,CLI_038,SUP_020,182546.24,0.1395,12,0
BK_00546,2025-05-02,CLI_042,SUP_007,103693.15,0.124,14,0
BK_00547,2025-05-02,CLI_010,SUP_010,89199.64,0.1309,11,0
BK_00548,2025-05-02,CLI_031,SUP_002,145025.88,0.1441,5,0
BK_00549,2025-05-02,CLI_001,SUP_019,112044.93,0.1226,13,0
BK_00550,2025-05-02,CLI_024,SUP_001,16491.54,0.1897,4,0
BK_00551,2025-05-03,CLI_010,SUP_015,139356.88,0.0922,3,0
BK_00552,2025-05-03,CLI_038,SUP_003,98653.98,0.1661,5,0
BK_00553,2025-05-03,CLI_022,SUP_016,45777.0,0.083,15,0
BK_00554,2025-05-04,CLI_022,SUP_001,155113.48,0.1101,17,1
BK_00555,2025-05-04,CLI_023,SUP_009,23918.52,0.1338,0,0
BK_00556,2025-05-04,CLI_007,SUP_018,80839.28,0.1435,8,0
BK_00557,2025-05-04,CLI_049,SUP_020,144495.06,0.1178,0,0
BK_00558,2025-05-04,CLI_006,SUP_015,198425.16,0.1055,0,0
BK_00559,2025-05-05,CLI_045,SUP_016,159357.32,0.1306,5,0
BK_00560,2025-05-05,CLI_002,SUP_005,39534.04,0.1859,17,1
BK_00561,2025-05-05,CLI_048,SUP_002,69818.07,0.0917,16,1
BK_00562,2025-05-05,CLI_042,SUP_008,88895.12,0.0977,16,1
BK_00563,2025-05-05,CLI_019,SUP_012,13445.82,0.1751,21,1
BK_00564,2025-05-06,CLI_043,SUP_007,212031.52,0.1776,23,1
BK_00565,2025-05-06,CLI_043,SUP_018,220627.98,0.1233,24,1
BK_00566,2025-05-06,CLI_037,SUP_010,125848.28,0.1129,11,0
BK_00567,2025-05-06,CLI_013,SUP_007,80050.57,0.1343,6,0
BK_00568,2025-05-06,CLI_029,SUP_015,92485.62,0.173,15,0
BK_00569,2025-05-07,CLI_045,SUP_005,93267.54,0.1458,1,0
BK_00570,2025-05-07,CLI_028,SUP_010,55653.96,0.0887,18,1
BK_00571,2025-05-07,CLI_003,SUP_001,72159.37,0.1458,11,0
BK_00572,2025-05-08,CLI_018,SUP_002,17064.72,0.1149,10,0
BK_00573,2025-05-08,CLI_010,SUP_012,31219.14,0.1103,3,0
BK_00574,2025-05-08,CLI_045,SUP_008,182953.15,0.1172,4,0
BK_00575,2025-05-08,CLI_036,SUP_017,65030.9,0.0921,16,1
BK_00576,2025-05-08,CLI_017,SUP_015,53263.3,0.1869,0,0
BK_00577,2025-05-09,CLI_036,SUP_015,98321.57,0.1073,18,1
BK_00578,2025-05-09,CLI_014,SUP_013,190634.77,0.1108,11,0
BK_00579,2025-05-09,CLI_041,SUP_015,221145.92,0.0987,5,0
BK_00580,2025-05-09,CLI_044,SUP_015,70125.22,0.0953,0,0
BK_00581,2025-05-10,CLI_002,SUP_004,119877.27,0.1038,12,0
BK_00582,2025-05-10,CLI_020,SUP_005,112805.0,0.1356,21,1
BK_00583,2025-05-10,CLI_050,SUP_001,23744.47,0.14,17,1
BK_00584,2025-05-10,CLI_011,SUP_014,210156.2,0.1378,13,0
BK_00585,2025-05-10,CLI_010,SUP_016,108767.78,0.1507,0,0
BK_00586,2025-05-11,CLI_040,SUP_008,56978.04,0.1266,0,0
BK_00587,2025-05-11,CLI_050,SUP_015,154428.29,0.1676,10,0
BK_00588,2025-05-11,CLI_015,SUP_008,215480.53,0.1747,15,0
BK_00589,2025-05-11,CLI_023,SUP_002,54329.69,0.1632,2,0
BK_00590,2025-05-12,CLI_011,SUP_008,194083.42,0.1801,6,0
BK_00591,2025-05-12,CLI_012,SUP_015,56864.27,0.1034,15,0
BK_00592,2025-05-12,CLI_021,SUP_017,124082.63,0.0891,13,0
BK_00593,2025-05-12,CLI_032,SUP_008,154711.69,0.199,23,1
BK_00594,2025-05-13,CLI_043,SUP_019,182471.63,0.1616,15,0
BK_00595,2025-05-13,CLI_037,SUP_005,42642.12,0.1576,10,0
BK_00596,2025-05-13,CLI_027,SUP_014,59690.78,0.1607,14,0
BK_00597,2025-05-13,CLI_015,SUP_013,90631.99,0.0886,22,1
BK_00598,2025-05-13,CLI_047,SUP_008,136019.48,0.1364,14,0
BK_00599,2025-05-14,CLI_005,SUP_003,132061.99,0.0877,0,0
BK_00600,2025-05-14,CLI_027,SUP_010,76808.01,0.1923,18,1
BK_00601,2025-05-14,CLI_017,SUP_012,43409.79,0.1936,2,0
BK_00602,2025-05-14,CLI_048,SUP_012,14614.01,0.1474,21,1
BK_00603,2025-05-14,CLI_010,SUP_004,142751.97,0.0812,5,0
BK_00604,2025-05-15,CLI_022,SUP_007,133135.94,0.1363,11,0
BK_00605,2025-05-15,CLI_035,SUP_003,37222.82,0.1811,0,0
BK_00606,2025-05-15,CLI_026,SUP_010,149669.34,0.1038,15,0
BK_00607,2025-05-15,CLI_026,SUP_018,107605.82,0.1707,16,1
BK_00608,2025-05-15,CLI_040,SUP_008,133385.12,0.1683,7,0
BK_00609,2025-05-15,CLI_036,SUP_019,62041.22,0.1377,20,1
BK_00610,2025-05-15,CLI_047,SUP_009,92601.04,0.1138,13,0
BK_00611,2025-05-15,CLI_040,SUP_005,142702.2,0.1446,0,0
BK_00612,2025-05-16,CLI_021,SUP_005,36364.36,0.1644,1,0
BK_00613,2025-05-16,CLI_042,SUP_018,148583.57,0.1213,13,0
BK_00614,2025-05-16,CLI_033,SUP_008,110146.27,0.1745,11,0
BK_00615,2025-05-16,CLI_039,SUP_007,12576.66,0.1809,18,1
BK_00616,2025-05-16,CLI_002,SUP_008,122299.71,0.1997,12,0
BK_00617,2025-05-16,CLI_037,SUP_014,97310.75,0.1011,13,0
BK_00618,2025-05-17,CLI_005,SUP_010,110354.65,0.0895,0,0
BK_00619,2025-05-18,CLI_035,SUP_011,85329.24,0.1963,0,0
BK_00620,2025-05-18,CLI_049,SUP_020,62033.32,0.1754,4,0
BK_00621,2025-05-18,CLI_042,SUP_015,54177.16,0.0806,12,0
BK_00622,2025-05-18,CLI_033,SUP_010,58502.44,0.0822,8,0
BK_00623,2025-05-19,CLI_009,SUP_001,32147.42,0.1089,13,0
BK_00624,2025-05-19,CLI_022,SUP_018,200297.17,0.1132,12,0
BK_00625,2025-05-19,CLI_014,SUP_014,84945.04,0.1845,21,1
BK_00626,2025-05-19,CLI_036,SUP_002,31524.42,0.0898,17,1
BK_00627,2025-05-20,CLI_024,SUP_004,33921.67,0.0835,5,0
BK_00628,2025-05-20,CLI_020,SUP_012,208251.44,0.1278,19,1
BK_00629,2025-05-20,CLI_020,SUP_009,109967.09,0.1097,19,1
BK_00630,2025-05-21,CLI_015,SUP_007,137742.23,0.1431,14,0
BK_00631,2025-05-21,CLI_029,SUP_014,140958.86,0.1674,9,0
BK_00632,2025-05-21,CLI_006,SUP_020,167396.69,0.1367,0,0
BK_00633,2025-05-21,CLI_021,SUP_008,86787.76,0.1441,10,0
BK_00634,2025-05-21,CLI_020,SUP_001,133960.34,0.1065,13,0
BK_00635,2025-05-21,CLI_026,SUP_018,121999.12,0.1041,20,1
BK_00636,2025-05-21,CLI_007,SUP_020,155307.92,0.1903,6,0
BK_00637,2025-05-21,CLI_019,SUP_018,112592.53,0.1166,25,1
BK_00638,2025-05-21,CLI_030,SUP_010,88647.77,0.1793,5,0
BK_00639,2025-05-22,CLI_022,SUP_020,66636.3,0.1487,9,0
BK_00640,2025-05-22,CLI_008,SUP_012,107809.61,0.1034,25,1
BK_00641,2025-05-22,CLI_006,SUP_003,223783.68,0.1229,10,0
BK_00642,2025-05-23,CLI_011,SUP_008,150962.45,0.1335,15,0
BK_00643,2025-05-23,CLI_032,SUP_005,72634.48,0.0984,30,1
BK_00644,2025-05-23,CLI_043,SUP_017,48996.78,0.1704,27,1
BK_00645,2025-05-23,CLI_050,SUP_017,75874.4,0.0966,14,0
BK_00646,2025-05-24,CLI_025,SUP_001,132788.5,0.1795,14,0
BK_00647,2025-05-24,CLI_004,SUP_013,120946.33,0.1178,0,0
BK_00648,2025-05-24,CLI_001,SUP_009,56488.14,0.1753,20,1
BK_00649,2025-05-24,CLI_038,SUP_013,98809.89,0.1426,4,0
BK_00650,2025-05-24,CLI_014,SUP_010,121358.95,0.1833,17,1
BK_00651,2025-05-25,CLI_032,SUP_014,90852.54,0.1099,30,1
BK_00652,2025-05-25,CLI_007,SUP_006,46230.27,0.1624,19,1
BK_00653,2025-05-25,CLI_043,SUP_008,107263.26,0.0995,20,1
BK_00654,2025-05-25,CLI_033,SUP_017,110290.78,0.1792,14,0
BK_00655,2025-05-25,CLI_047,SUP_019,119108.52,0.166,15,0
BK_00656,2025-05-25,CLI_013,SUP_018,119842.25,0.198,16,1
BK_00657,2025-05-26,CLI_005,SUP_004,26642.87,0.0814,5,0
BK_00658,2025-05-26,CLI_040,SUP_010,123739.38,0.0966,6,0
BK_00659,2025-05-26,CLI_038,SUP_003,119772.93,0.1053,13,0
BK_00660,2025-05-26,CLI_014,SUP_012,56622.89,0.1151,7,0
BK_00661,2025-05-27,CLI_026,SUP_002,81605.48,0.1805,26,1
BK_00662,2025-05-27,CLI_026,SUP_001,84821.72,0.1746,18,1
BK_00663,2025-05-27,CLI_027,SUP_012,146746.89,0.1794,20,1
BK_00664,2025-05-27,CLI_036,SUP_001,127419.41,0.0939,30,1
BK_00665,2025-05-27,CLI_013,SUP_009,146122.66,0.1359,6,0
BK_00666,2025-05-28,CLI_037,SUP_002,54358.84,0.1089,22,1
BK_00667,2025-05-28,CLI_046,SUP_006,102388.57,0.1903,5,0
BK_00668,2025-05-28,CLI_038,SUP_009,157097.69,0.1189,11,0
BK_00669,2025-05-29,CLI_011,SUP_019,102593.17,0.1353,8,0
BK_00670,2025-05-29,CLI_046,SUP_016,133967.28,0.1135,9,0
BK_00671,2025-05-29,CLI_012,SUP_009,45434.32,0.0963,17,1
BK_00672,2025-05-30,CLI_034,SUP_013,42379.48,0.1639,23,1
BK_00673,2025-05-30,CLI_005,SUP_016,72648.93,0.1992,5,0
BK_00674,2025-05-30,CLI_024,SUP_014,70626.05,0.0907,5,0
BK_00675,2025-05-30,CLI_006,SUP_003,107198.4,0.1942,2,0
BK_00676,2025-05-31,CLI_034,SUP_001,135105.97,0.158,21,1
BK_00677,2025-05-31,CLI_038,SUP_003,145941.65,0.1048,11,0
BK_00678,2025-05-31,CLI_037,SUP_001,68570.12,0.1461,18,1
BK_00679,2025-05-31,CLI_025,SUP_018,124451.08,0.1456,18,1
BK_00680,2025-05-31,CLI_008,SUP_020,70271.8,0.1972,24,1
BK_00681,2025-05-31,CLI_047,SUP_014,79728.04,0.1317,14,0
BK_00682,2025-05-31,CLI_006,SUP_014,104291.42,0.1803,0,0
BK_00683,2025-06-01,CLI_027,SUP_017,59288.61,0.1061,21,1
BK_00684,2025-06-01,CLI_040,SUP_018,15168.47,0.115,3,0
BK_00685,2025-06-01,CLI_006,SUP_010,156300.92,0.1803,1,0
BK_00686,2025-06-01,CLI_026,SUP_019,71018.46,0.0941,28,1
BK_00687,2025-06-01,CLI_044,SUP_018,127017.93,0.1175,11,0
BK_00688,2025-06-01,CLI_033,SUP_019,203920.03,0.1092,21,1
BK_00689,2025-06-01,CLI_021,SUP_001,145815.0,0.1549,13,0
BK_00690,2025-06-02,CLI_016,SUP_005,60947.83,0.1308,19,1
BK_00691,2025-06-02,CLI_009,SUP_017,140978.79,0.1826,9,0
BK_00692,2025-06-02,CLI_032,SUP_018,97281.76,0.1337,21,1
BK_00693,2025-06-02,CLI_037,SUP_017,28269.77,0.1514,14,0
BK_00694,2025-06-02,CLI_030,SUP_012,155426.15,0.1508,11,0
BK_00695,2025-06-02,CLI_003,SUP_017,99580.65,0.134,12,0
BK_00696,2025-06-02,CLI_012,SUP_020,41416.34,0.1462,9,0
BK_00697,2025-06-02,CLI_037,SUP_019,60343.62,0.1672,11,0
BK_00698,2025-06-03,CLI_024,SUP_016,57159.07,0.091,8,0
BK_00699,2025-06-03,CLI_002,SUP_002,50242.0,0.1378,13,0
BK_00700,2025-06-03,CLI_006,SUP_019,214458.44,0.1117,5,0
BK_00701,2025-06-03,CLI_042,SUP_019,101132.11,0.127,15,0
BK_00702,2025-06-03,CLI_002,SUP_010,61355.98,0.1714,5,0
BK_00703,2025-06-03,CLI_042,SUP_016,132325.75,0.1947,17,1
BK_00704,2025-06-04,CLI_011,SUP_005,30399.07,0.1592,12,0
BK_00705,2025-06-04,CLI_012,SUP_010,79926.13,0.1075,18,1
BK_00706,2025-06-04,CLI_025,SUP_002,145893.69,0.1393,9,0
BK_00707,2025-06-04,CLI_018,SUP_007,108715.3,0.1317,8,0
BK_00708,2025-06-04,CLI_048,SUP_019,132699.74,0.1839,19,1
BK_00709,2025-06-05,CLI_038,SUP_018,171871.43,0.1531,6,0
BK_00710,2025-06-05,CLI_027,SUP_004,84379.85,0.0905,8,0
BK_00711,2025-06-06,CLI_019,SUP_005,16496.74,0.1005,5,0
BK_00712,2025-06-06,CLI_024,SUP_007,14630.39,0.1302,0,0
BK_00713,2025-06-06,CLI_018,SUP_005,102979.33,0.0925,6,0
BK_00714,2025-06-06,CLI_004,SUP_001,143384.26,0.1876,19,1
BK_00715,2025-06-06,CLI_023,SUP_006,215938.59,0.1754,0,0
BK_00716,2025-06-06,CLI_040,SUP_016,62059.7,0.1934,0,0
BK_00717,2025-06-06,CLI_027,SUP_019,89156.78,0.1329,11,0
BK_00718,2025-06-06,CLI_003,SUP_004,88616.9,0.0816,1,0
BK_00719,2025-06-06,CLI_018,SUP_005,26186.18,0.1468,15,0
BK_00720,2025-06-06,CLI_009,SUP_013,144928.28,0.1006,15,0
BK_00721,2025-06-06,CLI_004,SUP_004,147017.7,0.083,17,1
BK_00722,2025-06-06,CLI_041,SUP_006,107555.51,0.1353,10,0
BK_00723,2025-06-07,CLI_020,SUP_020,19439.35,0.1719,21,1
BK_00724,2025-06-07,CLI_028,SUP_018,136996.74,0.1455,18,1
BK_00725,2025-06-07,CLI_048,SUP_018,113285.94,0.083,9,0
BK_00726,2025-06-07,CLI_026,SUP_005,58375.15,0.1738,23,1
BK_00727,2025-06-07,CLI_044,SUP_010,78375.84,0.1593,8,0
BK_00728,2025-06-07,CLI_035,SUP_004,87271.05,0.0906,6,0
BK_00729,2025-06-08,CLI_005,SUP_002,179958.79,0.1551,5,0
BK_00730,2025-06-08,CLI_043,SUP_010,61797.38,0.1437,21,1
BK_00731,2025-06-08,CLI_011,SUP_014,133017.47,0.1595,8,0
BK_00732,2025-06-08,CLI_027,SUP_017,221107.04,0.1077,18,1
BK_00733,2025-06-08,CLI_037,SUP_013,89055.05,0.1866,4,0
BK_00734,2025-06-08,CLI_020,SUP_020,88749.68,0.1862,20,1
BK_00735,2025-06-09,CLI_028,SUP_017,76755.6,0.1581,15,0
BK_00736,2025-06-09,CLI_046,SUP_013,28570.02,0.1759,10,0
BK_00737,2025-06-09,CLI_015,SUP_009,142727.72,0.1993,18,1
BK_00738,2025-06-09,CLI_038,SUP_016,44999.41,0.1806,7,0
BK_00739,2025-06-10,CLI_013,SUP_003,56827.33,0.1073,2,0
BK_00740,2025-06-10,CLI_022,SUP_006,62851.25,0.1083,8,0
BK_00741,2025-06-10,CLI_016,SUP_013,107633.21,0.1228,18,1
BK_00742,2025-06-10,CLI_031,SUP_007,11136.19,0.1022,10,0
BK_00743,2025-06-10,CLI_043,SUP_007,26789.04,0.1333,26,1
BK_00744,2025-06-10,CLI_028,SUP_010,140736.2,0.1218,25,1
BK_00745,2025-06-10,CLI_010,SUP_014,58705.83,0.1668,0,0
BK_00746,2025-06-10,CLI_026,SUP_011,115424.18,0.1519,23,1
BK_00747,2025-06-10,CLI_033,SUP_003,163850.33,0.0827,6,0
BK_00748,2025-06-11,CLI_043,SUP_006,176296.18,0.1044,21,1
BK_00749,2025-06-11,CLI_042,SUP_012,13411.53,0.1469,22,1
BK_00750,2025-06-11,CLI_033,SUP_002,188809.3,0.1079,3,0
BK_00751,2025-06-11,CLI_016,SUP_016,114765.94,0.1706,25,1
BK_00752,2025-06-11,CLI_034,SUP_018,137943.56,0.1837,24,1
BK_00753,2025-06-12,CLI_028,SUP_002,77275.72,0.1238,13,0
BK_00754,2025-06-12,CLI_002,SUP_020,95156.75,0.0827,9,0
BK_00755,2025-06-12,CLI_019,SUP_009,44224.9,0.0854,8,0
BK_00756,2025-06-12,CLI_041,SUP_001,163038.9,0.1023,19,1
BK_00757,2025-06-12,CLI_044,SUP_020,110648.31,0.1625,9,0
BK_00758,2025-06-13,CLI_031,SUP_003,101285.48,0.108,7,0
BK_00759,2025-06-13,CLI_018,SUP_014,37078.94,0.1072,5,0
BK_00760,2025-06-13,CLI_044,SUP_003,136485.98,0.0883,18,1
BK_00761,2025-06-13,CLI_048,SUP_003,54857.24,0.1355,13,0
BK_00762,2025-06-13,CLI_005,SUP_008,69106.75,0.1941,1,0
BK_00763,2025-06-13,CLI_048,SUP_020,46339.14,0.0888,20,1
BK_00764,2025-06-13,CLI_011,SUP_004,158271.32,0.1095,16,1
BK_00765,2025-06-13,CLI_025,SUP_006,81325.81,0.1079,19,1
BK_00766,2025-06-13,CLI_036,SUP_001,93246.5,0.1494,15,0
BK_00767,2025-06-13,CLI_035,SUP_014,138151.64,0.1561,2,0
BK_00768,2025-06-13,CLI_038,SUP_004,82062.9,0.189,6,0
BK_00769,2025-06-14,CLI_030,SUP_007,184589.69,0.1485,9,0
BK_00770,2025-06-14,CLI_022,SUP_001,180193.33,0.1505,0,0
BK_00771,2025-06-14,CLI_003,SUP_013,118973.59,0.1109,9,0
BK_00772,2025-06-14,CLI_044,SUP_007,52422.3,0.1066,5,0
BK_00773,2025-06-14,CLI_033,SUP_008,132045.12,0.0826,8,0
BK_00774,2025-06-14,CLI_005,SUP_011,205491.08,0.0942,2,0
BK_00775,2025-06-14,CLI_036,SUP_016,136072.23,0.1621,24,1
BK_00776,2025-06-14,CLI_016,SUP_004,50119.59,0.1395,17,1
BK_00777,2025-06-14,CLI_040,SUP_001,17829.98,0.1308,3,0
BK_00778,2025-06-15,CLI_043,SUP_019,129764.67,0.0981,24,1
BK_00779,2025-06-15,CLI_012,SUP_005,86120.87,0.0923,6,0
BK_00780,2025-06-15,CLI_007,SUP_007,88046.91,0.1388,11,0
BK_00781,2025-06-15,CLI_021,SUP_003,115337.67,0.1187,4,0
BK_00782,2025-06-15,CLI_011,SUP_019,47395.62,0.094,12,0
BK_00783,2025-06-16,CLI_005,SUP_016,50598.78,0.1529,3,0
BK_00784,2025-06-16,CLI_049,SUP_008,76543.62,0.1484,1,0
BK_00785,2025-06-16,CLI_049,SUP_009,81478.39,0.0816,7,0
BK_00786,2025-06-16,CLI_012,SUP_014,33239.09,0.0865,2,0
BK_00787,2025-06-16,CLI_039,SUP_006,126966.34,0.0847,8,0
BK_00788,2025-06-16,CLI_010,SUP_018,70398.44,0.1133,1,0
BK_00789,2025-06-16,CLI_005,SUP_012,111696.81,0.0843,0,0
BK_00790,2025-06-16,CLI_008,SUP_016,34591.55,0.1919,23,1
BK_00791,2025-06-16,CLI_003,SUP_003,91429.98,0.0924,20,1
BK_00792,2025-06-17,CLI_046,SUP_009,20858.26,0.1557,15,0
BK_00793,2025-06-17,CLI_034,SUP_020,119445.47,0.1931,23,1
BK_00794,2025-06-17,CLI_010,SUP_011,56011.57,0.1532,0,0
BK_00795,2025-06-17,CLI_028,SUP_017,17712.59,0.1757,16,1
BK_00796,2025-06-17,CLI_003,SUP_004,13997.74,0.1119,15,0
BK_00797,2025-06-17,CLI_029,SUP_006,57915.96,0.1983,6,0
BK_00798,2025-06-18,CLI_040,SUP_002,71896.19,0.1118,0,0
BK_00799,2025-06-18,CLI_032,SUP_013,64692.69,0.195,24,1
BK_00800,2025-06-18,CLI_022,SUP_001,31186.36,0.1504,10,0
BK_00801,2025-06-18,CLI_015,SUP_016,112213.55,0.0974,15,0
BK_00802,2025-06-18,CLI_034,SUP_003,69397.42,0.1155,31,1
BK_00803,2025-06-19,CLI_029,SUP_010,63733.62,0.1014,17,1
BK_00804,2025-06-19,CLI_008,SUP_012,126987.4,0.1765,25,1
BK_00805,2025-06-20,CLI_029,SUP_016,133780.31,0.1329,16,1
BK_00806,2025-06-20,CLI_024,SUP_010,140770.06,0.0954,3,0
BK_00807,2025-06-20,CLI_029,SUP_016,38349.26,0.0932,12,0
BK_00808,2025-06-20,CLI_017,SUP_019,40470.16,0.1369,7,0
BK_00809,2025-06-20,CLI_010,SUP_002,98998.29,0.1305,8,0
BK_00810,2025-06-21,CLI_017,SUP_006,45017.1,0.0962,0,0
BK_00811,2025-06-21,CLI_039,SUP_001,52439.1,0.1398,20,1
BK_00812,2025-06-21,CLI_041,SUP_006,53700.97,0.1174,10,0
BK_00813,2025-06-21,CLI_015,SUP_010,185373.84,0.189,18,1
BK_00814,2025-06-22,CLI_027,SUP_013,110538.69,0.1152,13,0
BK_00815,2025-06-22,CLI_003,SUP_007,147833.91,0.1277,19,1
BK_00816,2025-06-22,CLI_038,SUP_006,43852.64,0.1231,21,1
BK_00817,2025-06-22,CLI_020,SUP_015,182902.48,0.1144,15,0
BK_00818,2025-06-22,CLI_017,SUP_007,117048.52,0.1778,4,0
BK_00819,2025-06-22,CLI_042,SUP_004,68052.22,0.1931,17,1
BK_00820,2025-06-23,CLI_028,SUP_009,148178.65,0.1815,9,0
BK_00821,2025-06-23,CLI_016,SUP_017,164230.26,0.0881,24,1
BK_00822,2025-06-23,CLI_037,SUP_019,143801.17,0.1544,3,0
BK_00823,2025-06-23,CLI_036,SUP_015,125618.42,0.0932,18,1
BK_00824,2025-06-23,CLI_034,SUP_010,146912.5,0.1984,22,1
BK_00825,2025-06-23,CLI_030,SUP_008,217300.18,0.1863,4,0
BK_00826,2025-06-23,CLI_015,SUP_004,36193.88,0.1788,9,0
BK_00827,2025-06-24,CLI_047,SUP_012,107919.24,0.171,10,0
BK_00828,2025-06-24,CLI_017,SUP_014,92124.62,0.1306,4,0
BK_00829,2025-06-24,CLI_019,SUP_001,137826.1,0.0982,11,0
BK_00830,2025-06-24,CLI_030,SUP_011,76843.28,0.1573,6,0
BK_00831,2025-06-24,CLI_007,SUP_018,91343.08,0.1736,9,0
BK_00832,2025-06-24,CLI_020,SUP_018,191884.69,0.1426,16,1
BK_00833,2025-06-24,CLI_040,SUP_006,14035.97,0.1748,8,0
BK_00834,2025-06-24,CLI_008,SUP_015,142284.63,0.1965,8,0
BK_00835,2025-06-24,CLI_020,SUP_001,15128.71,0.1327,20,1
BK_00836,2025-06-25,CLI_014,SUP_015,115768.81,0.1955,12,0
BK_00837,2025-06-25,CLI_025,SUP_014,25342.17,0.1698,24,1
BK_00838,2025-06-25,CLI_017,SUP_005,32358.77,0.1476,1,0
BK_00839,2025-06-25,CLI_025,SUP_003,148304.0,0.1344,25,1
BK_00840,2025-06-25,CLI_014,SUP_004,170716.94,0.1471,21,1
BK_00841,2025-06-26,CLI_036,SUP_008,70796.17,0.1428,23,1
BK_00842,2025-06-26,CLI_045,SUP_014,111282.82,0.1373,2,0
BK_00843,2025-06-26,CLI_007,SUP_007,48278.29,0.1731,9,0
BK_00844,2025-06-26,CLI_036,SUP_009,87604.51,0.1383,14,0
BK_00845,2025-06-26,CLI_047,SUP_016,135893.24,0.1154,19,1
BK_00846,2025-06-26,CLI_026,SUP_014,24394.48,0.1827,25,1
BK_00847,2025-06-26,CLI_020,SUP_014,106827.19,0.1785,19,1
BK_00848,2025-06-26,CLI_011,SUP_001,84354.44,0.1152,12,0
BK_00849,2025-06-26,CLI_023,SUP_012,151367.16,0.0989,8,0
BK_00850,2025-06-26,CLI_050,SUP_008,190898.88,0.1884,16,1
BK_00851,2025-06-26,CLI_047,SUP_002,76510.58,0.1008,12,0
BK_00852,2025-06-26,CLI_006,SUP_003,170425.07,0.1038,4,0
BK_00853,2025-06-26,CLI_017,SUP_010,112554.33,0.1734,0,0
BK_00854,2025-06-26,CLI_022,SUP_013,166514.39,0.1509,8,0
BK_00855,2025-06-27,CLI_042,SUP_007,64145.59,0.1016,15,0
BK_00856,2025-06-27,CLI_050,SUP_018,36369.96,0.086,11,0
BK_00857,2025-06-27,CLI_033,SUP_008,109475.33,0.1728,9,0
BK_00858,2025-06-27,CLI_031,SUP_007,147470.67,0.1772,17,1
BK_00859,2025-06-27,CLI_030,SUP_020,156701.19,0.1294,15,0
BK_00860,2025-06-27,CLI_028,SUP_002,142691.82,0.155,14,0
BK_00861,2025-06-28,CLI_034,SUP_011,54749.79,0.1472,29,1
BK_00862,2025-06-28,CLI_016,SUP_002,47528.77,0.1074,16,1
BK_00863,2025-06-28,CLI_011,SUP_008,126611.11,0.1991,13,0
BK_00864,2025-06-28,CLI_002,SUP_014,115023.35,0.1557,12,0
BK_00865,2025-06-28,CLI_002,SUP_018,51626.29,0.1381,15,0
BK_00866,2025-06-29,CLI_007,SUP_018,44679.02,0.1799,15,0
BK_00867,2025-06-29,CLI_034,SUP_013,59066.67,0.1719,22,1
BK_00868,2025-06-29,CLI_026,SUP_015,27204.88,0.1215,12,0
BK_00869,2025-06-29,CLI_009,SUP_012,106544.23,0.1458,13,0
BK_00870,2025-06-29,CLI_021,SUP_006,64316.06,0.1455,15,0
BK_00871,2025-06-29,CLI_039,SUP_020,54692.09,0.1068,11,0
BK_00872,2025-06-30,CLI_005,SUP_009,146585.02,0.11,0,0
BK_00873,2025-06-30,CLI_004,SUP_009,50924.84,0.133,7,0
BK_00874,2025-06-30,CLI_048,SUP_002,25019.95,0.1955,22,1
BK_00875,2025-06-30,CLI_023,SUP_017,120549.49,0.1456,3,0
BK_00876,2025-06-30,CLI_040,SUP_018,77826.3,0.0901,5,0
BK_00877,2025-06-30,CLI_040,SUP_010,85486.74,0.1894,2,0
BK_00878,2025-06-30,CLI_007,SUP_012,18798.42,0.0973,7,0
BK_00879,2025-06-30,CLI_011,SUP_014,94796.59,0.1759,11,0
BK_00880,2025-06-30,CLI_047,SUP_004,104848.54,0.1561,18,1
BK_00881,2025-07-01,CLI_035,SUP_011,64632.92,0.1287,0,0
BK_00882,2025-07-01,CLI_011,SUP_003,60940.93,0.1474,7,0
BK_00883,2025-07-01,CLI_018,SUP_013,40149.68,0.1536,5,0
BK_00884,2025-07-01,CLI_012,SUP_016,121022.27,0.173,7,0
BK_00885,2025-07-01,CLI_009,SUP_003,143329.89,0.1791,15,0
BK_00886,2025-07-02,CLI_047,SUP_009,10900.32,0.1915,27,1
BK_00887,2025-07-02,CLI_001,SUP_015,59221.23,0.109,16,1
BK_00888,2025-07-02,CLI_049,SUP_006,142055.35,0.1554,4,0
BK_00889,2025-07-02,CLI_025,SUP_019,105915.22,0.1151,19,1
BK_00890,2025-07-02,CLI_002,SUP_007,50674.95,0.0955,11,0
BK_00891,2025-07-02,CLI_033,SUP_004,136953.41,0.1784,15,0
BK_00892,2025-07-03,CLI_044,SUP_018,35079.64,0.162,3,0
BK_00893,2025-07-03,CLI_044,SUP_012,10648.79,0.1343,10,0
BK_00894,2025-07-03,CLI_041,SUP_015,106476.27,0.191,4,0
BK_00895,2025-07-03,CLI_002,SUP_016,122768.29,0.1613,15,0
BK_00896,2025-07-03,CLI_032,SUP_019,183475.98,0.1903,29,1
BK_00897,2025-07-03,CLI_006,SUP_010,30874.0,0.1153,7,0
BK_00898,2025-07-03,CLI_016,SUP_001,18396.64,0.1471,8,0
BK_00899,2025-07-04,CLI_007,SUP_011,16996.77,0.191,16,1
BK_00900,2025-07-04,CLI_037,SUP_002,137964.31,0.1809,16,1
BK_00901,2025-07-04,CLI_019,SUP_003,138727.79,0.1118,11,0
BK_00902,2025-07-04,CLI_018,SUP_001,37908.0,0.1777,6,0
BK_00903,2025-07-04,CLI_027,SUP_019,219996.35,0.1696,6,0
BK_00904,2025-07-04,CLI_032,SUP_007,72608.1,0.1022,27,1
BK_00905,2025-07-05,CLI_045,SUP_016,193318.2,0.1278,1,0
BK_00906,2025-07-05,CLI_042,SUP_009,74321.41,0.0828,13,0
BK_00907,2025-07-05,CLI_010,SUP_003,29400.62,0.1076,0,0
BK_00908,2025-07-05,CLI_048,SUP_007,124371.73,0.103,16,1
BK_00909,2025-07-05,CLI_008,SUP_018,103242.32,0.1606,24,1
BK_00910,2025-07-05,CLI_044,SUP_004,16799.0,0.1807,8,0
BK_00911,2025-07-05,CLI_035,SUP_008,79422.61,0.119,0,0
BK_00912,2025-07-05,CLI_018,SUP_017,30127.14,0.17,5,0
BK_00913,2025-07-05,CLI_044,SUP_003,37036.84,0.1847,2,0
BK_00914,2025-07-06,CLI_045,SUP_020,98458.02,0.1607,10,0
BK_00915,2025-07-06,CLI_038,SUP_019,191857.47,0.1554,12,0
BK_00916,2025-07-06,CLI_029,SUP_009,66379.22,0.094,11,0
BK_00917,2025-07-06,CLI_039,SUP_005,29683.32,0.1747,14,0
BK_00918,2025-07-06,CLI_037,SUP_020,17689.56,0.1637,5,0
BK_00919,2025-07-06,CLI_022,SUP_019,143250.73,0.1766,12,0
BK_00920,2025-07-07,CLI_049,SUP_020,16874.46,0.1663,9,0
BK_00921,2025-07-07,CLI_014,SUP_004,24833.9,0.0821,21,1
BK_00922,2025-07-07,CLI_043,SUP_003,93229.49,0.1741,27,1
BK_00923,2025-07-08,CLI_048,SUP_019,116961.03,0.1028,15,0
BK_00924,2025-07-08,CLI_033,SUP_017,55619.79,0.1634,8,0
BK_00925,2025-07-08,CLI_026,SUP_015,133312.25,0.1773,19,1
BK_00926,2025-07-08,CLI_042,SUP_003,124801.79,0.1425,11,0
BK_00927,2025-07-08,CLI_040,SUP_009,73206.23,0.1458,8,0
BK_00928,2025-07-08,CLI_030,SUP_001,177422.73,0.1853,0,0
BK_00929,2025-07-08,CLI_044,SUP_011,53520.9,0.1703,12,0
BK_00930,2025-07-08,CLI_049,SUP_005,25264.62,0.0972,3,0
BK_00931,2025-07-09,CLI_020,SUP_020,42437.49,0.1913,18,1
BK_00932,2025-07-09,CLI_008,SUP_020,32081.27,0.1345,30,1
BK_00933,2025-07-09,CLI_012,SUP_010,82580.72,0.1833,17,1
BK_00934,2025-07-09,CLI_020,SUP_009,16501.61,0.0897,21,1
BK_00935,2025-07-09,CLI_008,SUP_016,79735.37,0.1517,17,1
BK_00936,2025-07-09,CLI_033,SUP_015,202073.65,0.1208,11,0
BK_00937,2025-07-09,CLI_029,SUP_017,91461.14,0.154,18,1
BK_00938,2025-07-09,CLI_047,SUP_013,70474.85,0.1291,21,1
BK_00939,2025-07-09,CLI_009,SUP_005,79821.68,0.1764,19,1
BK_00940,2025-07-10,CLI_038,SUP_013,206665.52,0.1664,7,0
BK_00941,2025-07-10,CLI_026,SUP_007,115373.21,0.1841,26,1
BK_00942,2025-07-10,CLI_016,SUP_017,29178.22,0.1273,21,1
BK_00943,2025-07-10,CLI_020,SUP_006,15800.85,0.0908,17,1
BK_00944,2025-07-10,CLI_006,SUP_009,67892.29,0.1267,2,0
BK_00945,2025-07-11,CLI_021,SUP_017,147816.07,0.0959,5,0
BK_00946,2025-07-11,CLI_044,SUP_015,137107.8,0.1398,15,0
BK_00947,2025-07-11,CLI_019,SUP_017,30981.58,0.1736,7,0
BK_00948,2025-07-11,CLI_047,SUP_004,59521.67,0.1945,19,1
BK_00949,2025-07-11,CLI_047,SUP_007,80021.8,0.1283,19,1
BK_00950,2025-07-11,CLI_048,SUP_007,82981.71,0.1329,19,1
BK_00951,2025-07-11,CLI_004,SUP_018,18924.25,0.1709,7,0
BK_00952,2025-07-11,CLI_008,SUP_015,144701.52,0.1914,23,1
BK_00953,2025-07-11,CLI_020,SUP_001,167283.34,0.1654,23,1
BK_00954,2025-07-11,CLI_032,SUP_015,128826.75,0.1601,14,0
BK_00955,2025-07-11,CLI_029,SUP_013,107735.13,0.1584,13,0
BK_00956,2025-07-12,CLI_046,SUP_011,55442.44,0.0934,5,0
BK_00957,2025-07-12,CLI_021,SUP_007,80261.06,0.1126,9,0
BK_00958,2025-07-12,CLI_025,SUP_014,116272.05,0.1101,20,1
BK_00959,2025-07-12,CLI_043,SUP_006,176553.56,0.1392,14,0
BK_00960,2025-07-12,CLI_044,SUP_016,58599.63,0.1526,10,0
BK_00961,2025-07-12,CLI_031,SUP_012,19891.12,0.1503,18,1
BK_00962,2025-07-12,CLI_027,SUP_019,76929.03,0.0838,16,1
BK_00963,2025-07-12,CLI_021,SUP_008,16776.68,0.1165,9,0
BK_00964,2025-07-12,CLI_043,SUP_017,198207.63,0.1531,27,1
BK_00965,2025-07-12,CLI_033,SUP_011,37102.13,0.1193,5,0
BK_00966,2025-07-13,CLI_019,SUP_004,131999.19,0.1271,16,1
BK_00967,2025-07-13,CLI_007,SUP_019,204686.05,0.0897,6,0
BK_00968,2025-07-13,CLI_042,SUP_013,131540.32,0.1907,10,0
BK_00969,2025-07-13,CLI_011,SUP_005,199501.32,0.1984,12,0
BK_00970,2025-07-13,CLI_007,SUP_016,122468.36,0.1579,7,0
BK_00971,2025-07-13,CLI_024,SUP_018,20447.31,0.1848,6,0
BK_00972,2025-07-13,CLI_018,SUP_011,126652.9,0.1578,0,0
BK_00973,2025-07-13,CLI_048,SUP_009,112952.82,0.186,6,0
BK_00974,2025-07-14,CLI_034,SUP_018,72769.91,0.1535,26,1
BK_00975,2025-07-14,CLI_029,SUP_018,109799.96,0.099,14,0
BK_00976,2025-07-14,CLI_034,SUP_010,108036.66,0.1836,23,1
BK_00977,2025-07-14,CLI_016,SUP_004,169663.82,0.1796,18,1
BK_00978,2025-07-14,CLI_045,SUP_018,50782.07,0.1327,3,0
BK_00979,2025-07-14,CLI_007,SUP_008,150052.84,0.1647,8,0
BK_00980,2025-07-14,CLI_040,SUP_007,104808.89,0.1751,0,0
BK_00981,2025-07-15,CLI_029,SUP_007,13732.65,0.1613,17,1
BK_00982,2025-07-15,CLI_024,SUP_012,137722.63,0.164,0,0
BK_00983,2025-07-15,CLI_025,SUP_011,118520.3,0.1869,20,1
BK_00984,2025-07-15,CLI_034,SUP_009,15496.48,0.142,32,1
BK_00985,2025-07-15,CLI_004,SUP_012,29082.17,0.1468,4,0
BK_00986,2025-07-15,CLI_042,SUP_010,106969.93,0.1509,20,1
BK_00987,2025-07-15,CLI_046,SUP_011,128089.63,0.1698,8,0
BK_00988,2025-07-15,CLI_009,SUP_012,25634.04,0.1196,10,0
BK_00989,2025-07-16,CLI_040,SUP_008,98997.7,0.1587,0,0
BK_00990,2025-07-16,CLI_028,SUP_001,140975.69,0.184,16,1
BK_00991,2025-07-16,CLI_044,SUP_001,136077.88,0.1906,11,0
BK_00992,2025-07-16,CLI_010,SUP_019,136022.8,0.1409,11,0
BK_00993,2025-07-16,CLI_049,SUP_019,72700.92,0.1456,2,0
BK_00994,2025-07-16,CLI_022,SUP_009,144935.31,0.1298,6,0
BK_00995,2025-07-17,CLI_022,SUP_017,113518.76,0.1249,0,0
BK_00996,2025-07-17,CLI_043,SUP_017,109599.14,0.1451,27,1
BK_00997,2025-07-17,CLI_019,SUP_010,59515.65,0.1106,15,0
BK_00998,2025-07-17,CLI_048,SUP_017,79716.6,0.1027,15,0
BK_00999,2025-07-18,CLI_002,SUP_013,80012.66,0.1256,12,0
BK_01000,2025-07-18,CLI_006,SUP_006,198611.35,0.1018,6,0
BK_01001,2025-07-18,CLI_032,SUP_005,155662.54,0.0973,20,1
BK_01002,2025-07-18,CLI_008,SUP_015,115045.11,0.1852,17,1
BK_01003,2025-07-18,CLI_044,SUP_019,80434.49,0.1635,11,0
BK_01004,2025-07-18,CLI_023,SUP_009,182023.8,0.1844,2,0
BK_01005,2025-07-18,CLI_028,SUP_002,123697.78,0.0914,14,0
BK_01006,2025-07-18,CLI_031,SUP_003,13049.05,0.1549,21,1
BK_01007,2025-07-18,CLI_014,SUP_005,106280.82,0.1569,14,0
BK_01008,2025-07-19,CLI_019,SUP_011,112935.83,0.1517,14,0
BK_01009,2025-07-19,CLI_032,SUP_018,79445.1,0.1853,26,1
BK_01010,2025-07-19,CLI_047,SUP_006,45942.93,0.1351,11,0
BK_01011,2025-07-19,CLI_003,SUP_003,58730.15,0.1566,3,0
BK_01012,2025-07-19,CLI_038,SUP_003,114685.96,0.1817,15,0
BK_01013,2025-07-20,CLI_025,SUP_010,85904.7,0.1605,19,1
BK_01014,2025-07-21,CLI_028,SUP_016,140580.87,0.1002,17,1
BK_01015,2025-07-21,CLI_001,SUP_015,99017.44,0.0815,25,1
BK_01016,2025-07-21,CLI_029,SUP_015,39071.57,0.1734,7,0
BK_01017,2025-07-21,CLI_004,SUP_012,87414.64,0.1917,16,1
BK_01018,2025-07-21,CLI_018,SUP_001,53439.21,0.1095,6,0
BK_01019,2025-07-21,CLI_023,SUP_009,56503.93,0.1215,11,0
BK_01020,2025-07-22,CLI_028,SUP_016,38474.88,0.1843,16,1
BK_01021,2025-07-22,CLI_013,SUP_003,135152.36,0.1975,0,0
BK_01022,2025-07-22,CLI_009,SUP_002,99534.43,0.0822,3,0
BK_01023,2025-07-22,CLI_027,SUP_011,70703.87,0.1004,14,0
BK_01024,2025-07-22,CLI_007,SUP_010,112770.87,0.1921,0,0
BK_01025,2025-07-22,CLI_045,SUP_005,105265.44,0.1303,14,0
BK_01026,2025-07-22,CLI_018,SUP_018,128046.92,0.1674,6,0
BK_01027,2025-07-23,CLI_006,SUP_014,38957.87,0.1756,11,0
BK_01028,2025-07-23,CLI_040,SUP_016,77660.7,0.1286,0,0
BK_01029,2025-07-23,CLI_028,SUP_010,21188.7,0.1382,21,1
BK_01030,2025-07-23,CLI_048,SUP_004,123483.04,0.1129,17,1
BK_01031,2025-07-23,CLI_003,SUP_003,96998.62,0.1613,4,0
BK_01032,2025-07-23,CLI_047,SUP_010,112408.98,0.1318,20,1
BK_01033,2025-07-23,CLI_042,SUP_008,34577.46,0.1,15,0
BK_01034,2025-07-23,CLI_039,SUP_017,58250.39,0.1796,4,0
BK_01035,2025-07-23,CLI_035,SUP_020,146786.83,0.1067,2,0
BK_01036,2025-07-24,CLI_016,SUP_016,180769.16,0.1454,19,1
BK_01037,2025-07-24,CLI_020,SUP_009,134203.34,0.1695,22,1
BK_01038,2025-07-24,CLI_042,SUP_019,142941.63,0.112,16,1
BK_01039,2025-07-24,CLI_033,SUP_009,222523.47,0.0813,19,1
BK_01040,2025-07-24,CLI_025,SUP_008,110984.06,0.1408,17,1
BK_01041,2025-07-25,CLI_007,SUP_011,167554.5,0.1461,0,0
BK_01042,2025-07-25,CLI_011,SUP_017,190702.71,0.1485,6,0
BK_01043,2025-07-25,CLI_019,SUP_003,89691.18,0.1291,4,0
BK_01044,2025-07-25,CLI_008,SUP_016,121140.61,0.0898,19,1
BK_01045,2025-07-25,CLI_021,SUP_015,110928.14,0.1522,10,0
BK_01046,2025-07-25,CLI_022,SUP_014,156511.06,0.086,8,0
BK_01047,2025-07-26,CLI_012,SUP_002,72424.46,0.1922,6,0
BK_01048,2025-07-26,CLI_020,SUP_013,210940.37,0.1593,20,1
BK_01049,2025-07-26,CLI_019,SUP_005,95224.6,0.1549,22,1
BK_01050,2025-07-26,CLI_041,SUP_007,149092.43,0.1245,12,0
BK_01051,2025-07-26,CLI_005,SUP_019,15927.97,0.0848,0,0
BK_01052,2025-07-26,CLI_049,SUP_004,110760.16,0.1844,13,0
BK_01053,2025-07-27,CLI_042,SUP_009,32102.97,0.1739,12,0
BK_01054,2025-07-27,CLI_043,SUP_018,169204.48,0.1787,31,1
BK_01055,2025-07-27,CLI_010,SUP_008,41585.73,0.1996,1,0
BK_01056,2025-07-27,CLI_042,SUP_004,97705.11,0.1355,3,0
BK_01057,2025-07-27,CLI_050,SUP_014,205280.5,0.1894,9,0
BK_01058,2025-07-27,CLI_019,SUP_005,143704.8,0.1953,12,0
BK_01059,2025-07-27,CLI_017,SUP_010,79172.19,0.153,0,0
BK_01060,2025-07-27,CLI_040,SUP_019,31694.24,0.1888,0,0
BK_01061,2025-07-27,CLI_018,SUP_009,112537.35,0.1422,16,1
BK_01062,2025-07-27,CLI_021,SUP_009,133850.13,0.111,12,0
BK_01063,2025-07-27,CLI_044,SUP_010,70893.72,0.1702,12,0
BK_01064,2025-07-27,CLI_027,SUP_008,32964.14,0.1859,13,0
BK_01065,2025-07-27,CLI_013,SUP_005,22151.92,0.1247,14,0
BK_01066,2025-07-28,CLI_042,SUP_005,131615.22,0.0985,8,0
BK_01067,2025-07-28,CLI_009,SUP_004,27311.12,0.1703,11,0
BK_01068,2025-07-28,CLI_049,SUP_002,83058.94,0.1409,8,0
BK_01069,2025-07-28,CLI_034,SUP_017,120909.92,0.1465,23,1
BK_01070,2025-07-28,CLI_031,SUP_006,49463.28,0.1236,12,0
BK_01071,2025-07-28,CLI_010,SUP_003,68596.53,0.1965,0,0
BK_01072,2025-07-28,CLI_038,SUP_016,190537.55,0.1681,12,0
BK_01073,2025-07-28,CLI_024,SUP_011,74382.29,0.1079,3,0
BK_01074,2025-07-29,CLI_007,SUP_015,222384.36,0.1931,11,0
BK_01075,2025-07-29,CLI_017,SUP_003,117055.69,0.1492,8,0
BK_01076,2025-07-29,CLI_017,SUP_020,43689.38,0.0904,3,0
BK_01077,2025-07-29,CLI_020,SUP_012,155181.98,0.1165,14,0
BK_01078,2025-07-29,CLI_006,SUP_014,217086.21,0.1984,3,0
BK_01079,2025-07-30,CLI_002,SUP_003,126113.96,0.087,15,0
BK_01080,2025-07-30,CLI_006,SUP_007,77479.78,0.1657,6,0
BK_01081,2025-07-30,CLI_013,SUP_010,77551.67,0.128,11,0
BK_01082,2025-07-30,CLI_042,SUP_018,26284.29,0.095,7,0
BK_01083,2025-07-30,CLI_050,SUP_019,81542.78,0.1092,15,0
BK_01084,2025-07-30,CLI_024,SUP_012,71179.09,0.1844,12,0
BK_01085,2025-07-30,CLI_037,SUP_009,92265.01,0.1575,20,1
BK_01086,2025-07-30,CLI_049,SUP_015,96783.43,0.1767,9,0
BK_01087,2025-07-31,CLI_007,SUP_001,138629.81,0.1542,8,0
BK_01088,2025-07-31,CLI_032,SUP_019,35493.85,0.1047,21,1
BK_01089,2025-07-31,CLI_027,SUP_011,132870.57,0.1285,5,0
BK_01090,2025-07-31,CLI_026,SUP_014,32139.32,0.0887,17,1
BK_01091,2025-07-31,CLI_042,SUP_018,40663.65,0.0874,11,0
BK_01092,2025-07-31,CLI_033,SUP_009,44810.7,0.0904,13,0
BK_01093,2025-07-31,CLI_031,SUP_011,108951.4,0.1528,17,1
BK_01094,2025-07-31,CLI_023,SUP_003,178811.11,0.1452,6,0
BK_01095,2025-07-31,CLI_007,SUP_012,180900.99,0.1979,8,0
BK_01096,2025-08-01,CLI_019,SUP_019,41923.62,0.0875,1,0
BK_01097,2025-08-01,CLI_006,SUP_007,175578.61,0.0976,6,0
BK_01098,2025-08-01,CLI_011,SUP_016,162073.01,0.1241,15,0
BK_01099,2025-08-01,CLI_020,SUP_006,172040.47,0.1493,25,1
BK_01100,2025-08-01,CLI_046,SUP_019,42331.65,0.1316,8,0
BK_01101,2025-08-01,CLI_008,SUP_011,134639.47,0.1467,15,0
BK_01102,2025-08-02,CLI_014,SUP_004,83485.14,0.0959,17,1
BK_01103,2025-08-02,CLI_029,SUP_006,90418.8,0.0915,8,0
BK_01104,2025-08-02,CLI_005,SUP_007,99867.8,0.1012,0,0
BK_01105,2025-08-02,CLI_037,SUP_006,131708.09,0.0861,18,1
BK_01106,2025-08-02,CLI_042,SUP_013,81144.6,0.1546,10,0
BK_01107,2025-08-02,CLI_023,SUP_002,214279.19,0.1055,0,0
BK_01108,2025-08-03,CLI_039,SUP_013,54209.51,0.0983,9,0
BK_01109,2025-08-03,CLI_043,SUP_004,161029.67,0.1233,12,0
BK_01110,2025-08-03,CLI_041,SUP_015,223591.54,0.1419,11,0
BK_01111,2025-08-03,CLI_012,SUP_013,141478.4,0.1585,4,0
BK_01112,2025-08-03,CLI_048,SUP_008,91168.32,0.1311,18,1
BK_01113,2025-08-03,CLI_013,SUP_007,32989.15,0.1189,9,0
BK_01114,2025-08-03,CLI_037,SUP_013,24740.11,0.1728,12,0
BK_01115,2025-08-03,CLI_019,SUP_002,11079.29,0.1691,15,0
BK_01116,2025-08-03,CLI_025,SUP_011,144298.31,0.0931,12,0
BK_01117,2025-08-04,CLI_006,SUP_008,153890.36,0.1259,11,0
BK_01118,2025-08-04,CLI_021,SUP_003,74881.66,0.1591,6,0
BK_01119,2025-08-04,CLI_008,SUP_002,61464.53,0.0897,18,1
BK_01120,2025-08-04,CLI_049,SUP_015,95433.11,0.1636,10,0
BK_01121,2025-08-04,CLI_032,SUP_005,211849.96,0.1107,22,1
BK_01122,2025-08-04,CLI_001,SUP_002,118836.37,0.0907,15,0
BK_01123,2025-08-04,CLI_005,SUP_016,96547.87,0.126,0,0
BK_01124,2025-08-04,CLI_031,SUP_001,117019.86,0.1205,22,1
BK_01125,2025-08-05,CLI_024,SUP_010,129975.71,0.0868,0,0
BK_01126,2025-08-06,CLI_017,SUP_014,118697.51,0.1727,3,0
BK_01127,2025-08-06,CLI_041,SUP_010,172543.86,0.1701,9,0
BK_01128,2025-08-06,CLI_049,SUP_001,78051.01,0.1813,14,0
BK_01129,2025-08-06,CLI_025,SUP_011,65834.95,0.1462,15,0
BK_01130,2025-08-06,CLI_025,SUP_005,132379.0,0.1673,10,0
BK_01131,2025-08-06,CLI_015,SUP_014,113048.32,0.1179,29,1
BK_01132,2025-08-06,CLI_014,SUP_007,63570.69,0.1848,23,1
BK_01133,2025-08-06,CLI_035,SUP_009,48208.05,0.1287,1,0
BK_01134,2025-08-06,CLI_023,SUP_019,82829.67,0.1804,5,0
BK_01135,2025-08-07,CLI_027,SUP_012,88123.85,0.1045,13,0
BK_01136,2025-08-07,CLI_009,SUP_004,35611.89,0.0868,11,0
BK_01137,2025-08-07,CLI_039,SUP_013,68415.54,0.1661,8,0
BK_01138,2025-08-07,CLI_016,SUP_008,142136.47,0.119,19,1
BK_01139,2025-08-07,CLI_008,SUP_017,137447.44,0.1127,25,1
BK_01140,2025-08-07,CLI_003,SUP_007,51622.76,0.1704,9,0
BK_01141,2025-08-07,CLI_035,SUP_018,64133.4,0.1569,0,0
BK_01142,2025-08-07,CLI_049,SUP_003,130763.68,0.1673,8,0
BK_01143,2025-08-08,CLI_027,SUP_019,221290.01,0.1486,11,0
BK_01144,2025-08-08,CLI_036,SUP_008,112490.82,0.1057,21,1
BK_01145,2025-08-08,CLI_043,SUP_014,213534.84,0.1168,23,1
BK_01146,2025-08-08,CLI_002,SUP_018,102160.03,0.1837,12,0
BK_01147,2025-08-08,CLI_014,SUP_002,154605.92,0.104,12,0
BK_01148,2025-08-08,CLI_046,SUP_002,136264.38,0.0909,2,0
BK_01149,2025-08-08,CLI_027,SUP_009,120411.27,0.0895,8,0
BK_01150,2025-08-08,CLI_008,SUP_007,107913.03,0.1308,26,1
BK_01151,2025-08-08,CLI_010,SUP_014,74845.18,0.1147,5,0
BK_01152,2025-08-08,CLI_025,SUP_006,79736.84,0.0874,13,0
BK_01153,2025-08-09,CLI_025,SUP_018,126760.29,0.1701,20,1
BK_01154,2025-08-09,CLI_004,SUP_020,48351.22,0.0878,11,0
BK_01155,2025-08-09,CLI_041,SUP_002,100577.8,0.1386,16,1
BK_01156,2025-08-09,CLI_042,SUP_006,56087.74,0.158,10,0
BK_01157,2025-08-10,CLI_021,SUP_004,24293.11,0.093,9,0
BK_01158,2025-08-10,CLI_025,SUP_013,86561.21,0.1029,23,1
BK_01159,2025-08-10,CLI_007,SUP_005,34059.43,0.1438,12,0
BK_01160,2025-08-10,CLI_031,SUP_011,138844.08,0.113,22,1
BK_01161,2025-08-11,CLI_013,SUP_012,69145.08,0.1057,8,0
BK_01162,2025-08-11,CLI_045,SUP_005,31630.04,0.1393,3,0
BK_01163,2025-08-11,CLI_012,SUP_008,19963.54,0.113,7,0
BK_01164,2025-08-11,CLI_038,SUP_004,129744.4,0.0906,0,0
BK_01165,2025-08-11,CLI_004,SUP_014,55576.62,0.1253,12,0
BK_01166,2025-08-11,CLI_027,SUP_017,201516.36,0.1601,14,0
BK_01167,2025-08-11,CLI_013,SUP_013,56250.74,0.1623,6,0
BK_01168,2025-08-11,CLI_027,SUP_014,17638.03,0.1215,10,0
BK_01169,2025-08-11,CLI_044,SUP_018,62550.0,0.1225,4,0
BK_01170,2025-08-11,CLI_040,SUP_020,149831.54,0.1589,0,0
BK_01171,2025-08-11,CLI_033,SUP_003,210232.09,0.1129,16,1
BK_01172,2025-08-12,CLI_020,SUP_014,114515.09,0.1007,15,0
BK_01173,2025-08-12,CLI_020,SUP_013,84996.32,0.1303,17,1
BK_01174,2025-08-12,CLI_044,SUP_010,118744.51,0.0908,3,0
BK_01175,2025-08-12,CLI_021,SUP_017,133116.63,0.1973,9,0
BK_01176,2025-08-12,CLI_012,SUP_019,49426.58,0.1014,4,0
BK_01177,2025-08-12,CLI_026,SUP_018,77333.04,0.1044,18,1
BK_01178,2025-08-12,CLI_038,SUP_001,59091.87,0.0895,5,0
BK_01179,2025-08-13,CLI_038,SUP_011,168465.78,0.1104,15,0
BK_01180,2025-08-13,CLI_012,SUP_010,115972.38,0.1698,4,0
BK_01181,2025-08-13,CLI_027,SUP_015,67191.04,0.1023,11,0
BK_01182,2025-08-13,CLI_031,SUP_013,143106.61,0.1064,10,0
BK_01183,2025-08-13,CLI_015,SUP_007,201469.43,0.1235,19,1
BK_01184,2025-08-13,CLI_002,SUP_012,106302.6,0.1927,0,0
BK_01185,2025-08-14,CLI_003,SUP_009,32957.42,0.1938,8,0
BK_01186,2025-08-14,CLI_022,SUP_002,106933.51,0.1936,8,0
BK_01187,2025-08-14,CLI_039,SUP_004,59290.94,0.1603,7,0
BK_01188,2025-08-14,CLI_024,SUP_020,149808.04,0.1085,6,0
BK_01189,2025-08-14,CLI_021,SUP_010,95711.15,0.1779,10,0
BK_01190,2025-08-14,CLI_047,SUP_016,128628.45,0.1944,18,1
BK_01191,2025-08-15,CLI_012,SUP_001,23788.79,0.0919,5,0
BK_01192,2025-08-15,CLI_050,SUP_019,69647.68,0.1727,15,0
BK_01193,2025-08-15,CLI_041,SUP_015,116129.22,0.1043,21,1
BK_01194,2025-08-15,CLI_044,SUP_013,83067.77,0.1691,13,0
BK_01195,2025-08-15,CLI_037,SUP_019,110519.0,0.1174,7,0
BK_01196,2025-08-16,CLI_023,SUP_005,185890.69,0.0919,5,0
BK_01197,2025-08-16,CLI_048,SUP_003,124970.72,0.1361,16,1
BK_01198,2025-08-16,CLI_036,SUP_011,46326.58,0.0882,18,1
BK_01199,2025-08-16,CLI_028,SUP_019,133631.01,0.1412,30,1
BK_01200,2025-08-16,CLI_025,SUP_015,14273.56,0.1576,23,1
BK_01201,2025-08-16,CLI_050,SUP_006,85501.48,0.0991,11,0
BK_01202,2025-08-16,CLI_030,SUP_014,187791.61,0.121,1,0
BK_01203,2025-08-16,CLI_047,SUP_005,117345.95,0.1795,25,1
BK_01204,2025-08-17,CLI_010,SUP_001,88665.15,0.1648,3,0
BK_01205,2025-08-17,CLI_032,SUP_004,130100.0,0.1307,19,1
BK_01206,2025-08-17,CLI_027,SUP_018,25253.28,0.1273,10,0
BK_01207,2025-08-17,CLI_046,SUP_002,73077.36,0.1847,15,0
BK_01208,2025-08-17,CLI_010,SUP_004,18944.25,0.1485,5,0
BK_01209,2025-08-17,CLI_005,SUP_020,37187.21,0.0888,2,0
BK_01210,2025-08-18,CLI_039,SUP_018,114463.75,0.1234,10,0
BK_01211,2025-08-18,CLI_045,SUP_020,87235.14,0.1844,11,0
BK_01212,2025-08-18,CLI_039,SUP_017,90864.09,0.0948,14,0
BK_01213,2025-08-18,CLI_014,SUP_016,210413.69,0.148,16,1
BK_01214,2025-08-18,CLI_004,SUP_008,124173.56,0.1288,9,0
BK_01215,2025-08-18,CLI_019,SUP_014,136842.39,0.1723,11,0
BK_01216,2025-08-18,CLI_025,SUP_005,116304.55,0.1339,16,1
BK_01217,2025-08-19,CLI_043,SUP_020,74394.42,0.1656,23,1
BK_01218,2025-08-19,CLI_035,SUP_011,39271.13,0.1661,0,0
BK_01219,2025-08-19,CLI_029,SUP_002,88976.42,0.1882,16,1
BK_01220,2025-08-19,CLI_046,SUP_011,10571.59,0.1329,8,0
BK_01221,2025-08-19,CLI_043,SUP_013,33180.45,0.1057,19,1
BK_01222,2025-08-19,CLI_003,SUP_003,91121.26,0.1881,10,0
BK_01223,2025-08-19,CLI_034,SUP_004,141112.91,0.1524,20,1
BK_01224,2025-08-19,CLI_046,SUP_015,102777.51,0.1514,11,0
BK_01225,2025-08-19,CLI_034,SUP_018,147236.63,0.194,22,1
BK_01226,2025-08-19,CLI_034,SUP_013,131262.5,0.1492,17,1
BK_01227,2025-08-20,CLI_038,SUP_017,84559.12,0.0928,5,0
BK_01228,2025-08-20,CLI_039,SUP_012,85609.79,0.1125,12,0
BK_01229,2025-08-20,CLI_001,SUP_020,61317.83,0.0849,21,1
BK_01230,2025-08-20,CLI_037,SUP_005,17479.73,0.1134,10,0
BK_01231,2025-08-20,CLI_045,SUP_015,196580.56,0.1945,8,0
BK_01232,2025-08-21,CLI_013,SUP_008,32317.87,0.1297,5,0
BK_01233,2025-08-21,CLI_044,SUP_020,72834.96,0.0868,8,0
BK_01234,2025-08-21,CLI_041,SUP_003,108131.18,0.1287,15,0
BK_01235,2025-08-21,CLI_036,SUP_007,112591.83,0.1835,19,1
BK_01236,2025-08-21,CLI_036,SUP_015,77335.17,0.0994,16,1
BK_01237,2025-08-21,CLI_046,SUP_006,47882.21,0.1115,5,0
BK_01238,2025-08-21,CLI_011,SUP_005,54719.25,0.1642,19,1
BK_01239,2025-08-22,CLI_017,SUP_019,53559.19,0.1121,1,0
BK_01240,2025-08-22,CLI_046,SUP_001,35871.62,0.1878,0,0
BK_01241,2025-08-22,CLI_048,SUP_008,40113.54,0.1702,16,1
BK_01242,2025-08-22,CLI_002,SUP_004,104166.47,0.0845,9,0
BK_01243,2025-08-23,CLI_031,SUP_006,70108.67,0.1618,9,0
BK_01244,2025-08-23,CLI_006,SUP_006,107499.67,0.1535,1,0
BK_01245,2025-08-23,CLI_006,SUP_002,222935.62,0.148,9,0
BK_01246,2025-08-23,CLI_043,SUP_004,213821.52,0.0999,16,1
BK_01247,2025-08-23,CLI_018,SUP_015,146336.51,0.1659,3,0
BK_01248,2025-08-23,CLI_018,SUP_019,148447.37,0.1138,0,0
BK_01249,2025-08-23,CLI_036,SUP_009,108927.91,0.0856,18,1
BK_01250,2025-08-23,CLI_045,SUP_007,16911.72,0.1784,6,0
BK_01251,2025-08-23,CLI_040,SUP_013,71300.85,0.1147,0,0
BK_01252,2025-08-23,CLI_022,SUP_004,140131.28,0.1641,9,0
BK_01253,2025-08-23,CLI_013,SUP_003,45975.77,0.1197,9,0
BK_01254,2025-08-24,CLI_020,SUP_012,34225.81,0.1464,22,1
BK_01255,2025-08-24,CLI_024,SUP_020,118744.9,0.1419,0,0
BK_01256,2025-08-24,CLI_043,SUP_007,178127.23,0.1715,19,1
BK_01257,2025-08-24,CLI_042,SUP_011,44140.14,0.0818,5,0
BK_01258,2025-08-24,CLI_045,SUP_017,140404.41,0.1493,12,0
BK_01259,2025-08-25,CLI_025,SUP_017,76338.71,0.1452,20,1
BK_01260,2025-08-25,CLI_038,SUP_009,17303.95,0.1851,15,0
BK_01261,2025-08-25,CLI_042,SUP_017,124372.61,0.1439,13,0
BK_01262,2025-08-25,CLI_048,SUP_009,85239.58,0.0841,9,0
BK_01263,2025-08-25,CLI_049,SUP_008,88803.41,0.1205,11,0
BK_01264,2025-08-25,CLI_043,SUP_009,32743.15,0.1164,9,0
BK_01265,2025-08-26,CLI_033,SUP_008,176407.85,0.1141,12,0
BK_01266,2025-08-26,CLI_010,SUP_018,107693.35,0.1848,0,0
BK_01267,2025-08-26,CLI_032,SUP_013,81345.42,0.1514,25,1
BK_01268,2025-08-26,CLI_018,SUP_011,98769.97,0.0991,6,0
BK_01269,2025-08-26,CLI_042,SUP_004,141327.15,0.184,8,0
BK_01270,2025-08-27,CLI_026,SUP_014,76705.99,0.1778,28,1
BK_01271,2025-08-27,CLI_038,SUP_001,37758.02,0.1236,9,0
BK_01272,2025-08-27,CLI_008,SUP_008,54516.74,0.1815,22,1
BK_01273,2025-08-27,CLI_010,SUP_006,93269.28,0.1376,0,0
BK_01274,2025-08-28,CLI_049,SUP_016,144543.58,0.185,9,0
BK_01275,2025-08-28,CLI_038,SUP_003,45320.93,0.1363,7,0
BK_01276,2025-08-28,CLI_047,SUP_010,28742.21,0.1641,20,1
BK_01277,2025-08-28,CLI_031,SUP_016,131523.29,0.1469,24,1
BK_01278,2025-08-28,CLI_032,SUP_003,185393.57,0.0834,25,1
BK_01279,2025-08-29,CLI_044,SUP_020,47398.56,0.1237,12,0
BK_01280,2025-08-29,CLI_029,SUP_001,50366.94,0.0922,25,1
BK_01281,2025-08-29,CLI_004,SUP_001,31224.76,0.1575,9,0
BK_01282,2025-08-29,CLI_026,SUP_007,18876.72,0.0942,22,1
BK_01283,2025-08-29,CLI_023,SUP_019,221084.69,0.1476,4,0
BK_01284,2025-08-29,CLI_035,SUP_001,43608.9,0.1241,0,0
BK_01285,2025-08-29,CLI_024,SUP_012,133457.69,0.1745,10,0
BK_01286,2025-08-30,CLI_050,SUP_011,110684.92,0.1844,23,1
BK_01287,2025-08-30,CLI_027,SUP_012,167493.14,0.1782,19,1
BK_01288,2025-08-30,CLI_041,SUP_018,60110.98,0.1553,4,0
BK_01289,2025-08-30,CLI_002,SUP_002,87409.31,0.185,10,0
BK_01290,2025-08-30,CLI_011,SUP_011,56547.4,0.1697,18,1
BK_01291,2025-08-30,CLI_024,SUP_010,19720.06,0.1629,12,0
BK_01292,2025-08-30,CLI_003,SUP_018,28495.08,0.1687,20,1
BK_01293,2025-08-30,CLI_006,SUP_014,186474.69,0.1055,11,0
BK_01294,2025-08-30,CLI_045,SUP_015,212001.03,0.1995,0,0
BK_01295,2025-08-31,CLI_023,SUP_020,219888.61,0.0982,0,0
BK_01296,2025-08-31,CLI_040,SUP_011,102253.45,0.0923,0,0
BK_01297,2025-08-31,CLI_023,SUP_018,28846.04,0.1495,9,0
BK_01298,2025-08-31,CLI_036,SUP_007,97573.96,0.1878,12,0
BK_01299,2025-08-31,CLI_034,SUP_019,82677.72,0.0887,30,1
BK_01300,2025-08-31,CLI_012,SUP_008,20323.99,0.1448,15,0
BK_01301,2025-08-31,CLI_045,SUP_007,159534.27,0.1203,6,0
BK_01302,2025-08-31,CLI_005,SUP_014,61501.81,0.1289,0,0
BK_01303,2025-09-01,CLI_041,SUP_007,24149.01,0.1786,14,0
BK_01304,2025-09-01,CLI_033,SUP_017,111143.71,0.1589,9,0
BK_01305,2025-09-02,CLI_028,SUP_011,36697.37,0.1787,14,0
BK_01306,2025-09-02,CLI_002,SUP_019,75719.65,0.1645,19,1
BK_01307,2025-09-02,CLI_032,SUP_004,65274.27,0.1048,24,1
BK_01308,2025-09-02,CLI_049,SUP_002,121707.74,0.099,8,0
BK_01309,2025-09-02,CLI_012,SUP_019,38158.23,0.1162,5,0
BK_01310,2025-09-02,CLI_022,SUP_016,224130.32,0.0848,13,0
BK_01311,2025-09-02,CLI_012,SUP_001,91776.45,0.1177,11,0
BK_01312,2025-09-02,CLI_036,SUP_005,122482.89,0.1268,16,1
BK_01313,2025-09-02,CLI_046,SUP_010,16326.36,0.1001,8,0
BK_01314,2025-09-02,CLI_002,SUP_002,26601.44,0.1377,9,0
BK_01315,2025-09-03,CLI_033,SUP_016,144999.98,0.1543,12,0
BK_01316,2025-09-03,CLI_034,SUP_015,63758.69,0.0986,24,1
BK_01317,2025-09-03,CLI_005,SUP_004,175329.96,0.149,0,0
BK_01318,2025-09-03,CLI_038,SUP_012,189065.18,0.0845,10,0
BK_01319,2025-09-03,CLI_019,SUP_010,15829.41,0.0911,16,1
BK_01320,2025-09-03,CLI_037,SUP_017,100208.84,0.0816,9,0
BK_01321,2025-09-03,CLI_026,SUP_008,131591.11,0.1139,17,1
BK_01322,2025-09-03,CLI_049,SUP_001,84878.23,0.1195,4,0
BK_01323,2025-09-03,CLI_018,SUP_019,145152.42,0.1829,15,0
BK_01324,2025-09-04,CLI_013,SUP_015,23879.79,0.1219,8,0
BK_01325,2025-09-04,CLI_038,SUP_010,189554.63,0.1223,5,0
BK_01326,2025-09-04,CLI_022,SUP_012,76065.61,0.1298,8,0
BK_01327,2025-09-04,CLI_014,SUP_004,63838.73,0.1423,16,1
BK_01328,2025-09-05,CLI_023,SUP_014,15748.6,0.1512,4,0
BK_01329,2025-09-06,CLI_041,SUP_008,143037.36,0.1889,4,0
BK_01330,2025-09-06,CLI_028,SUP_012,127454.52,0.1018,17,1
BK_01331,2025-09-06,CLI_024,SUP_019,59709.48,0.1965,1,0
BK_01332,2025-09-06,CLI_039,SUP_019,119941.06,0.1467,6,0
BK_01333,2025-09-06,CLI_004,SUP_001,100422.45,0.1652,15,0
BK_01334,2025-09-06,CLI_046,SUP_013,95981.97,0.1844,0,0
BK_01335,2025-09-06,CLI_017,SUP_004,102970.98,0.1649,6,0
BK_01336,2025-09-06,CLI_039,SUP_003,45152.15,0.1756,11,0
BK_01337,2025-09-07,CLI_006,SUP_003,96458.57,0.1766,6,0
BK_01338,2025-09-07,CLI_030,SUP_006,21335.82,0.0802,4,0
BK_01339,2025-09-07,CLI_003,SUP_006,132237.01,0.1584,10,0
BK_01340,2025-09-07,CLI_041,SUP_008,126158.24,0.157,11,0
BK_01341,2025-09-07,CLI_035,SUP_015,52950.29,0.086,0,0
BK_01342,2025-09-07,CLI_011,SUP_011,38959.49,0.0838,9,0
BK_01343,2025-09-08,CLI_028,SUP_002,42507.34,0.1457,19,1
BK_01344,2025-09-08,CLI_023,SUP_018,101466.23,0.1297,2,0
BK_01345,2025-09-08,CLI_013,SUP_019,122911.18,0.1211,6,0
BK_01346,2025-09-08,CLI_017,SUP_014,56578.86,0.1943,5,0
BK_01347,2025-09-08,CLI_005,SUP_009,57328.08,0.1721,0,0
BK_01348,2025-09-08,CLI_037,SUP_007,85286.78,0.0825,7,0
BK_01349,2025-09-09,CLI_011,SUP_018,111007.31,0.1351,12,0
BK_01350,2025-09-09,CLI_039,SUP_017,42374.99,0.1887,17,1
BK_01351,2025-09-09,CLI_028,SUP_002,34768.04,0.1673,13,0
BK_01352,2025-09-09,CLI_014,SUP_004,96477.17,0.1866,14,0
BK_01353,2025-09-10,CLI_019,SUP_001,65152.13,0.1505,10,0
BK_01354,2025-09-10,CLI_001,SUP_005,122076.11,0.1569,21,1
BK_01355,2025-09-10,CLI_047,SUP_016,139187.76,0.1787,18,1
BK_01356,2025-09-10,CLI_012,SUP_018,75853.94,0.1808,9,0
BK_01357,2025-09-11,CLI_040,SUP_005,30446.65,0.1813,1,0
BK_01358,2025-09-11,CLI_015,SUP_016,63661.01,0.1714,12,0
BK_01359,2025-09-11,CLI_018,SUP_003,139188.22,0.1679,16,1
BK_01360,2025-09-12,CLI_020,SUP_016,73986.49,0.1048,10,0
BK_01361,2025-09-12,CLI_026,SUP_004,25923.37,0.1419,24,1
BK_01362,2025-09-13,CLI_043,SUP_013,41837.47,0.1846,18,1
BK_01363,2025-09-13,CLI_045,SUP_007,198462.27,0.1276,1,0
BK_01364,2025-09-13,CLI_003,SUP_011,38726.65,0.1962,4,0
BK_01365,2025-09-13,CLI_031,SUP_007,149232.35,0.1389,8,0
BK_01366,2025-09-13,CLI_050,SUP_012,86522.13,0.1712,14,0
BK_01367,2025-09-13,CLI_019,SUP_020,42748.46,0.1655,13,0
BK_01368,2025-09-13,CLI_040,SUP_011,44139.43,0.0924,0,0
BK_01369,2025-09-14,CLI_033,SUP_005,205928.84,0.182,14,0
BK_01370,2025-09-14,CLI_010,SUP_019,131842.12,0.1733,1,0
BK_01371,2025-09-14,CLI_013,SUP_018,35119.76,0.1594,11,0
BK_01372,2025-09-14,CLI_005,SUP_011,130495.39,0.1103,0,0
BK_01373,2025-09-15,CLI_036,SUP_017,90144.34,0.1842,16,1
BK_01374,2025-09-15,CLI_043,SUP_013,167216.32,0.1783,27,1
BK_01375,2025-09-15,CLI_014,SUP_019,143215.29,0.1991,21,1
BK_01376,2025-09-16,CLI_031,SUP_006,16535.41,0.165,11,0
BK_01377,2025-09-16,CLI_003,SUP_016,114494.33,0.1909,15,0
BK_01378,2025-09-16,CLI_022,SUP_019,37433.76,0.1046,4,0
BK_01379,2025-09-16,CLI_010,SUP_004,66136.38,0.1584,0,0
BK_01380,2025-09-16,CLI_020,SUP_008,208374.35,0.1214,17,1
BK_01381,2025-09-16,CLI_048,SUP_008,148024.39,0.1136,14,0
BK_01382,2025-09-16,CLI_002,SUP_019,136487.56,0.1396,16,1
BK_01383,2025-09-16,CLI_010,SUP_014,49702.64,0.0957,5,0
BK_01384,2025-09-17,CLI_006,SUP_002,157577.62,0.0965,5,0
BK_01385,2025-09-17,CLI_028,SUP_016,21599.06,0.0949,10,0
BK_01386,2025-09-17,CLI_038,SUP_009,138211.45,0.091,5,0
BK_01387,2025-09-17,CLI_030,SUP_016,32012.79,0.094,6,0
BK_01388,2025-09-17,CLI_042,SUP_018,131785.0,0.1659,12,0
BK_01389,2025-09-18,CLI_001,SUP_014,104137.2,0.1801,13,0
BK_01390,2025-09-18,CLI_005,SUP_017,105865.08,0.0975,0,0
BK_01391,2025-09-18,CLI_002,SUP_015,82819.41,0.1556,15,0
BK_01392,2025-09-18,CLI_005,SUP_013,18630.56,0.0945,0,0
BK_01393,2025-09-19,CLI_041,SUP_009,112989.05,0.1376,12,0
BK_01394,2025-09-19,CLI_031,SUP_017,117973.04,0.1818,12,0
BK_01395,2025-09-19,CLI_014,SUP_014,202321.93,0.089,23,1
BK_01396,2025-09-19,CLI_032,SUP_019,19653.09,0.1447,33,1
BK_01397,2025-09-20,CLI_041,SUP_004,166777.61,0.0808,11,0
BK_01398,2025-09-20,CLI_050,SUP_007,44718.07,0.1911,13,0
BK_01399,2025-09-20,CLI_048,SUP_010,55596.22,0.0826,13,0
BK_01400,2025-09-20,CLI_021,SUP_006,106693.22,0.1081,11,0
BK_01401,2025-09-20,CLI_048,SUP_009,50302.26,0.1988,10,0
BK_01402,2025-09-21,CLI_015,SUP_011,154181.0,0.1789,17,1
BK_01403,2025-09-21,CLI_050,SUP_016,27747.4,0.1606,12,0
BK_01404,2025-09-21,CLI_041,SUP_006,180288.39,0.1916,12,0
BK_01405,2025-09-21,CLI_045,SUP_015,178443.65,0.1659,2,0
BK_01406,2025-09-21,CLI_037,SUP_011,90481.33,0.1893,11,0
BK_01407,2025-09-21,CLI_039,SUP_017,134984.62,0.1569,14,0
BK_01408,2025-09-21,CLI_015,SUP_008,108821.44,0.1647,25,1
BK_01409,2025-09-22,CLI_012,SUP_010,42607.83,0.1489,7,0
BK_01410,2025-09-22,CLI_023,SUP_019,15545.86,0.095,8,0
BK_01411,2025-09-22,CLI_047,SUP_005,25176.76,0.1278,28,1
BK_01412,2025-09-23,CLI_038,SUP_007,106159.2,0.143,5,0
BK_01413,2025-09-23,CLI_033,SUP_006,107480.41,0.1278,8,0
BK_01414,2025-09-24,CLI_018,SUP_004,75185.39,0.1333,2,0
BK_01415,2025-09-24,CLI_023,SUP_010,34600.74,0.1342,4,0
BK_01416,2025-09-24,CLI_037,SUP_015,127858.62,0.1039,14,0
BK_01417,2025-09-24,CLI_050,SUP_014,119412.46,0.1261,14,0
BK_01418,2025-09-24,CLI_008,SUP_010,42237.14,0.145,19,1
BK_01419,2025-09-24,CLI_049,SUP_004,20172.74,0.1481,13,0
BK_01420,2025-09-25,CLI_002,SUP_010,93927.34,0.1607,19,1
BK_01421,2025-09-25,CLI_005,SUP_010,137683.4,0.0907,0,0
BK_01422,2025-09-25,CLI_006,SUP_012,192998.39,0.1156,9,0
BK_01423,2025-09-25,CLI_013,SUP_018,126014.33,0.1249,10,0
BK_01424,2025-09-25,CLI_017,SUP_005,23619.55,0.1883,3,0
BK_01425,2025-09-25,CLI_027,SUP_005,129951.9,0.0953,11,0
BK_01426,2025-09-26,CLI_007,SUP_014,152799.3,0.1001,10,0
BK_01427,2025-09-26,CLI_036,SUP_019,137103.37,0.1062,22,1
BK_01428,2025-09-26,CLI_015,SUP_008,23800.66,0.1124,12,0
BK_01429,2025-09-26,CLI_036,SUP_013,75533.91,0.1835,17,1
BK_01430,2025-09-26,CLI_042,SUP_001,72873.55,0.1034,16,1
BK_01431,2025-09-27,CLI_035,SUP_014,126402.67,0.13,0,0
BK_01432,2025-09-27,CLI_037,SUP_003,55325.06,0.1427,12,0
BK_01433,2025-09-27,CLI_005,SUP_016,147562.72,0.1686,6,0
BK_01434,2025-09-28,CLI_007,SUP_014,115133.17,0.0928,13,0
BK_01435,2025-09-28,CLI_025,SUP_018,130061.93,0.1206,16,1
BK_01436,2025-09-28,CLI_045,SUP_016,55338.18,0.1727,9,0
BK_01437,2025-09-28,CLI_034,SUP_015,32523.1,0.1162,20,1
BK_01438,2025-09-28,CLI_028,SUP_012,130747.86,0.1727,10,0
BK_01439,2025-09-29,CLI_016,SUP_016,177910.95,0.1489,23,1
BK_01440,2025-09-29,CLI_046,SUP_016,147626.45,0.0897,13,0
BK_01441,2025-09-29,CLI_006,SUP_015,61750.44,0.1166,8,0
BK_01442,2025-09-29,CLI_019,SUP_002,87929.04,0.1381,10,0
BK_01443,2025-09-29,CLI_044,SUP_020,123181.52,0.1388,3,0
BK_01444,2025-09-29,CLI_006,SUP_013,29523.61,0.199,8,0
BK_01445,2025-09-29,CLI_042,SUP_001,76053.62,0.172,8,0
BK_01446,2025-09-29,CLI_035,SUP_006,117414.63,0.098,3,0
BK_01447,2025-09-30,CLI_024,SUP_014,36588.56,0.1226,7,0
BK_01448,2025-09-30,CLI_017,SUP_010,42164.36,0.1119,6,0
BK_01449,2025-09-30,CLI_023,SUP_009,75992.98,0.1908,2,0
BK_01450,2025-09-30,CLI_029,SUP_014,149653.62,0.1675,3,0
BK_01451,2025-09-30,CLI_026,SUP_018,106687.92,0.128,20,1
BK_01452,2025-09-30,CLI_049,SUP_019,16178.29,0.14,15,0
BK_01453,2025-09-30,CLI_006,SUP_017,24524.09,0.1085,12,0
BK_01454,2025-10-01,CLI_042,SUP_013,87090.14,0.1799,19,1
BK_01455,2025-10-01,CLI_012,SUP_017,30622.87,0.0991,6,0
BK_01456,2025-10-01,CLI_023,SUP_011,90627.95,0.1349,7,0
BK_01457,2025-10-01,CLI_048,SUP_002,85430.46,0.1109,20,1
BK_01458,2025-10-01,CLI_003,SUP_012,141537.01,0.1231,4,0
BK_01459,2025-10-01,CLI_020,SUP_003,141127.15,0.1343,17,1
BK_01460,2025-10-02,CLI_008,SUP_014,92127.25,0.1426,23,1
BK_01461,2025-10-02,CLI_037,SUP_002,86553.65,0.0962,1,0
BK_01462,2025-10-02,CLI_033,SUP_016,211196.02,0.0843,11,0
BK_01463,2025-10-02,CLI_009,SUP_011,107218.3,0.188,11,0
BK_01464,2025-10-02,CLI_011,SUP_016,30703.26,0.1264,12,0
BK_01465,2025-10-02,CLI_046,SUP_005,72099.52,0.0919,3,0
BK_01466,2025-10-03,CLI_037,SUP_012,61224.83,0.1801,23,1
BK_01467,2025-10-03,CLI_023,SUP_007,153293.68,0.1371,1,0
BK_01468,2025-10-03,CLI_020,SUP_009,92837.54,0.1942,18,1
BK_01469,2025-10-03,CLI_034,SUP_017,103520.6,0.1553,16,1
BK_01470,2025-10-03,CLI_018,SUP_005,27079.78,0.173,8,0
BK_01471,2025-10-03,CLI_008,SUP_014,38026.87,0.1931,23,1
BK_01472,2025-10-04,CLI_005,SUP_003,62595.58,0.1251,7,0
BK_01473,2025-10-04,CLI_028,SUP_006,88855.15,0.1583,19,1
BK_01474,2025-10-04,CLI_024,SUP_005,126694.85,0.1185,1,0
BK_01475,2025-10-05,CLI_035,SUP_004,107106.58,0.1261,0,0
BK_01476,2025-10-05,CLI_026,SUP_006,147464.11,0.1024,16,1
BK_01477,2025-10-05,CLI_009,SUP_015,144270.48,0.1199,12,0
BK_01478,2025-10-05,CLI_013,SUP_007,17662.4,0.1531,4,0
BK_01479,2025-10-05,CLI_048,SUP_012,87773.99,0.1623,13,0
BK_01480,2025-10-05,CLI_048,SUP_011,133213.06,0.1079,13,0
BK_01481,2025-10-05,CLI_006,SUP_005,60053.27,0.0853,10,0
BK_01482,2025-10-05,CLI_002,SUP_009,79788.32,0.1068,12,0
BK_01483,2025-10-06,CLI_012,SUP_018,81997.66,0.1892,6,0
BK_01484,2025-10-06,CLI_038,SUP_005,172878.36,0.118,12,0
BK_01485,2025-10-07,CLI_032,SUP_020,93521.57,0.1704,28,1
BK_01486,2025-10-07,CLI_011,SUP_010,41483.72,0.179,23,1
BK_01487,2025-10-07,CLI_024,SUP_019,114434.72,0.1092,0,0
BK_01488,2025-10-07,CLI_045,SUP_011,137855.61,0.195,13,0
BK_01489,2025-10-07,CLI_032,SUP_018,224566.66,0.0841,20,1
BK_01490,2025-10-08,CLI_030,SUP_005,121643.44,0.1641,5,0
BK_01491,2025-10-08,CLI_035,SUP_004,73572.85,0.0803,0,0
BK_01492,2025-10-08,CLI_026,SUP_012,12678.16,0.0956,24,1
BK_01493,2025-10-09,CLI_046,SUP_013,60574.42,0.0853,18,1
BK_01494,2025-10-09,CLI_050,SUP_018,101803.4,0.0818,9,0
BK_01495,2025-10-09,CLI_050,SUP_011,36915.32,0.1659,18,1
BK_01496,2025-10-09,CLI_026,SUP_005,15658.84,0.1014,21,1
BK_01497,2025-10-09,CLI_032,SUP_017,171845.23,0.1093,25,1
BK_01498,2025-10-09,CLI_004,SUP_007,27182.11,0.1709,6,0
BK_01499,2025-10-09,CLI_031,SUP_001,130181.5,0.1014,9,0
BK_01500,2025-10-09,CLI_017,SUP_010,25809.87,0.1193,0,0
BK_01501,2025-10-10,CLI_038,SUP_014,21783.13,0.1095,0,0
BK_01502,2025-10-10,CLI_015,SUP_009,50475.28,0.1469,19,1
BK_01503,2025-10-10,CLI_017,SUP_020,61433.55,0.137,12,0
BK_01504,2025-10-10,CLI_006,SUP_018,21352.26,0.087,13,0
BK_01505,2025-10-11,CLI_037,SUP_003,89816.07,0.0838,13,0
BK_01506,2025-10-11,CLI_026,SUP_010,83008.9,0.1652,28,1
BK_01507,2025-10-11,CLI_042,SUP_017,77818.18,0.1003,11,0
BK_01508,2025-10-12,CLI_044,SUP_018,140802.43,0.1135,18,1
BK_01509,2025-10-12,CLI_046,SUP_005,119886.66,0.1502,9,0
BK_01510,2025-10-12,CLI_013,SUP_012,89372.76,0.1352,9,0
BK_01511,2025-10-13,CLI_050,SUP_013,219427.83,0.1249,10,0
BK_01512,2025-10-13,CLI_020,SUP_018,147492.33,0.1205,24,1
BK_01513,2025-10-13,CLI_016,SUP_003,199450.27,0.1138,18,1
BK_01514,2025-10-14,CLI_021,SUP_016,129790.49,0.1808,11,0
BK_01515,2025-10-15,CLI_018,SUP_016,140606.78,0.1836,19,1
BK_01516,2025-10-15,CLI_049,SUP_018,25954.79,0.1213,11,0
BK_01517,2025-10-15,CLI_020,SUP_016,30950.82,0.0867,23,1
BK_01518,2025-10-15,CLI_030,SUP_016,171611.78,0.1417,5,0
BK_01519,2025-10-15,CLI_025,SUP_015,66946.81,0.1243,8,0
BK_01520,2025-10-15,CLI_033,SUP_018,205788.34,0.1779,10,0
BK_01521,2025-10-15,CLI_019,SUP_020,146948.63,0.0827,15,0
BK_01522,2025-10-16,CLI_017,SUP_002,41605.42,0.1425,16,1
BK_01523,2025-10-16,CLI_023,SUP_016,57969.59,0.1785,7,0
BK_01524,2025-10-16,CLI_046,SUP_020,128353.65,0.1539,1,0
BK_01525,2025-10-16,CLI_003,SUP_003,139084.93,0.0906,4,0
BK_01526,2025-10-16,CLI_007,SUP_001,189577.67,0.1562,6,0
BK_01527,2025-10-17,CLI_017,SUP_002,59035.1,0.1181,0,0
BK_01528,2025-10-17,CLI_043,SUP_001,201638.65,0.1611,21,1
BK_01529,2025-10-17,CLI_011,SUP_006,166823.96,0.1964,17,1
BK_01530,2025-10-17,CLI_049,SUP_016,74848.92,0.117,10,0
BK_01531,2025-10-17,CLI_026,SUP_011,97531.52,0.167,11,0
BK_01532,2025-10-17,CLI_011,SUP_005,199075.99,0.1071,15,0
BK_01533,2025-10-18,CLI_025,SUP_012,129970.54,0.1003,17,1
BK_01534,2025-10-18,CLI_006,SUP_016,80435.5,0.1781,0,0
BK_01535,2025-10-18,CLI_029,SUP_005,24889.76,0.1993,22,1
BK_01536,2025-10-18,CLI_012,SUP_006,106509.41,0.1244,5,0
BK_01537,2025-10-18,CLI_001,SUP_001,90077.79,0.1464,24,1
BK_01538,2025-10-18,CLI_033,SUP_014,129702.06,0.1496,11,0
BK_01539,2025-10-19,CLI_003,SUP_002,88723.18,0.1849,6,0
BK_01540,2025-10-19,CLI_050,SUP_015,62939.16,0.1139,9,0
BK_01541,2025-10-19,CLI_008,SUP_017,36610.69,0.0861,21,1
BK_01542,2025-10-19,CLI_040,SUP_005,116141.7,0.1467,0,0
BK_01543,2025-10-20,CLI_010,SUP_005,134645.46,0.1473,4,0
BK_01544,2025-10-20,CLI_028,SUP_009,110014.96,0.1527,18,1
BK_01545,2025-10-20,CLI_015,SUP_004,185675.23,0.1146,25,1
BK_01546,2025-10-20,CLI_046,SUP_009,77376.32,0.1313,1,0
BK_01547,2025-10-20,CLI_010,SUP_012,99452.65,0.1392,2,0
BK_01548,2025-10-20,CLI_003,SUP_005,73614.45,0.0899,16,1
BK_01549,2025-10-20,CLI_029,SUP_001,71328.32,0.1135,11,0
BK_01550,2025-10-21,CLI_006,SUP_002,162026.87,0.1054,5,0
BK_01551,2025-10-21,CLI_033,SUP_014,192262.16,0.181,9,0
BK_01552,2025-10-21,CLI_017,SUP_003,96418.55,0.1588,8,0
BK_01553,2025-10-21,CLI_048,SUP_010,48527.11,0.0861,15,0
BK_01554,2025-10-21,CLI_043,SUP_006,60627.3,0.1053,16,1
BK_01555,2025-10-21,CLI_009,SUP_007,20452.09,0.1124,21,1
BK_01556,2025-10-22,CLI_049,SUP_014,16026.57,0.1442,9,0
BK_01557,2025-10-22,CLI_016,SUP_017,109459.45,0.1081,24,1
BK_01558,2025-10-22,CLI_001,SUP_020,61375.62,0.1106,13,0
BK_01559,2025-10-22,CLI_031,SUP_010,65907.26,0.1649,15,0
BK_01560,2025-10-23,CLI_033,SUP_008,84913.53,0.0892,3,0
BK_01561,2025-10-23,CLI_002,SUP_014,136534.64,0.18,10,0
BK_01562,2025-10-23,CLI_026,SUP_006,44332.99,0.1329,20,1
BK_01563,2025-10-24,CLI_020,SUP_020,134766.37,0.0953,27,1
BK_01564,2025-10-24,CLI_024,SUP_005,71833.59,0.1512,3,0
BK_01565,2025-10-24,CLI_039,SUP_001,90312.23,0.1622,18,1
BK_01566,2025-10-24,CLI_016,SUP_016,164317.71,0.1784,21,1
BK_01567,2025-10-24,CLI_022,SUP_004,53186.1,0.0985,1,0
BK_01568,2025-10-24,CLI_047,SUP_004,56517.72,0.0915,23,1
BK_01569,2025-10-24,CLI_041,SUP_014,52621.69,0.1086,13,0
BK_01570,2025-10-24,CLI_003,SUP_008,143156.62,0.148,9,0
BK_01571,2025-10-24,CLI_038,SUP_003,149999.91,0.1985,2,0
BK_01572,2025-10-25,CLI_007,SUP_011,201210.68,0.1016,12,0
BK_01573,2025-10-25,CLI_033,SUP_018,68148.07,0.1642,19,1
BK_01574,2025-10-25,CLI_027,SUP_020,69461.12,0.1343,2,0
BK_01575,2025-10-26,CLI_019,SUP_010,100115.8,0.118,11,0
BK_01576,2025-10-26,CLI_035,SUP_013,74538.41,0.1099,0,0
BK_01577,2025-10-26,CLI_050,SUP_011,215334.34,0.1648,14,0
BK_01578,2025-10-26,CLI_042,SUP_019,39658.43,0.1557,22,1
BK_01579,2025-10-26,CLI_010,SUP_019,24305.35,0.1082,0,0
BK_01580,2025-10-27,CLI_046,SUP_010,144781.5,0.0987,3,0
BK_01581,2025-10-27,CLI_021,SUP_019,109065.8,0.1132,5,0
BK_01582,2025-10-27,CLI_017,SUP_012,12778.96,0.0877,9,0
BK_01583,2025-10-27,CLI_021,SUP_019,106605.88,0.1024,2,0
BK_01584,2025-10-27,CLI_031,SUP_004,122993.94,0.1186,12,0
BK_01585,2025-10-27,CLI_050,SUP_011,24095.84,0.0944,17,1
BK_01586,2025-10-27,CLI_049,SUP_014,117346.33,0.1765,7,0
BK_01587,2025-10-28,CLI_014,SUP_006,77768.12,0.1883,16,1
BK_01588,2025-10-28,CLI_022,SUP_015,173916.97,0.1057,11,0
BK_01589,2025-10-28,CLI_032,SUP_015,210558.71,0.0949,24,1
BK_01590,2025-10-28,CLI_024,SUP_003,54161.32,0.0819,7,0
BK_01591,2025-10-28,CLI_007,SUP_017,163704.12,0.1219,11,0
BK_01592,2025-10-28,CLI_021,SUP_005,142169.54,0.1333,8,0
BK_01593,2025-10-28,CLI_044,SUP_008,91303.8,0.1361,16,1
BK_01594,2025-10-28,CLI_010,SUP_019,15237.39,0.156,0,0
BK_01595,2025-10-28,CLI_029,SUP_019,106145.18,0.0897,16,1
BK_01596,2025-10-28,CLI_041,SUP_008,207821.08,0.1691,7,0
BK_01597,2025-10-29,CLI_022,SUP_016,216168.2,0.085,15,0
BK_01598,2025-10-30,CLI_034,SUP_005,83376.25,0.1758,25,1
BK_01599,2025-10-30,CLI_003,SUP_016,107751.17,0.1236,9,0
BK_01600,2025-10-30,CLI_018,SUP_013,115255.24,0.1162,15,0
BK_01601,2025-10-31,CLI_035,SUP_010,45133.7,0.1406,0,0
BK_01602,2025-11-01,CLI_035,SUP_011,49486.1,0.0945,2,0
BK_01603,2025-11-01,CLI_046,SUP_015,57692.77,0.1503,9,0
BK_01604,2025-11-01,CLI_030,SUP_001,206873.04,0.1573,6,0
BK_01605,2025-11-01,CLI_039,SUP_017,67484.66,0.1176,8,0
BK_01606,2025-11-01,CLI_040,SUP_011,49036.02,0.1478,0,0
BK_01607,2025-11-01,CLI_037,SUP_007,80574.07,0.1624,6,0
BK_01608,2025-11-01,CLI_033,SUP_018,17171.61,0.1898,6,0
BK_01609,2025-11-01,CLI_013,SUP_004,99534.3,0.1272,1,0
BK_01610,2025-11-01,CLI_031,SUP_017,11186.7,0.187,2,0
BK_01611,2025-11-02,CLI_016,SUP_010,138275.72,0.1109,11,0
BK_01612,2025-11-02,CLI_001,SUP_019,41473.03,0.0951,20,1
BK_01613,2025-11-02,CLI_046,SUP_002,91371.5,0.1364,3,0
BK_01614,2025-11-02,CLI_026,SUP_020,36127.18,0.1011,21,1
BK_01615,2025-11-03,CLI_008,SUP_003,48667.48,0.1181,18,1
BK_01616,2025-11-03,CLI_046,SUP_020,43368.4,0.1339,7,0
BK_01617,2025-11-03,CLI_049,SUP_006,123299.15,0.1329,5,0
BK_01618,2025-11-03,CLI_032,SUP_005,204518.6,0.1674,15,0
BK_01619,2025-11-04,CLI_024,SUP_010,147103.51,0.1883,2,0
BK_01620,2025-11-04,CLI_009,SUP_011,72818.39,0.1523,14,0
BK_01621,2025-11-04,CLI_030,SUP_017,97940.55,0.0851,8,0
BK_01622,2025-11-04,CLI_049,SUP_007,44190.26,0.1573,7,0
BK_01623,2025-11-04,CLI_005,SUP_009,141446.1,0.0978,7,0
BK_01624,2025-11-04,CLI_006,SUP_002,33220.24,0.1584,1,0
BK_01625,2025-11-04,CLI_001,SUP_010,117085.05,0.1984,13,0
BK_01626,2025-11-04,CLI_021,SUP_013,48686.85,0.176,3,0
BK_01627,2025-11-04,CLI_037,SUP_018,114719.33,0.0919,6,0
BK_01628,2025-11-05,CLI_047,SUP_018,90324.61,0.0875,23,1
BK_01629,2025-11-05,CLI_050,SUP_002,213839.19,0.1789,8,0
BK_01630,2025-11-05,CLI_016,SUP_016,184471.79,0.122,21,1
BK_01631,2025-11-05,CLI_030,SUP_011,220206.31,0.1714,9,0
BK_01632,2025-11-05,CLI_049,SUP_009,137521.61,0.12,8,0
BK_01633,2025-11-05,CLI_035,SUP_010,23488.22,0.1397,0,0
BK_01634,2025-11-06,CLI_030,SUP_013,17605.72,0.0824,5,0
BK_01635,2025-11-06,CLI_001,SUP_015,108354.83,0.1896,22,1
BK_01636,2025-11-06,CLI_039,SUP_014,123511.9,0.141,7,0
BK_01637,2025-11-06,CLI_011,SUP_001,110348.38,0.1505,15,0
BK_01638,2025-11-06,CLI_028,SUP_016,32867.96,0.1957,25,1
BK_01639,2025-11-06,CLI_036,SUP_014,107262.92,0.0893,16,1
BK_01640,2025-11-06,CLI_020,SUP_001,208313.96,0.1535,14,0
BK_01641,2025-11-06,CLI_026,SUP_012,23847.22,0.1331,18,1
BK_01642,2025-11-06,CLI_013,SUP_016,28485.14,0.1314,9,0
BK_01643,2025-11-07,CLI_038,SUP_017,28151.2,0.1303,4,0
BK_01644,2025-11-07,CLI_036,SUP_016,56983.78,0.1364,18,1
BK_01645,2025-11-07,CLI_043,SUP_018,67448.43,0.1,30,1
BK_01646,2025-11-08,CLI_004,SUP_008,54442.54,0.1692,13,0
BK_01647,2025-11-08,CLI_001,SUP_020,117592.91,0.1255,8,0
BK_01648,2025-11-08,CLI_045,SUP_012,177958.67,0.1523,7,0
BK_01649,2025-11-08,CLI_011,SUP_014,92590.7,0.1668,15,0
BK_01650,2025-11-09,CLI_029,SUP_010,11835.25,0.1415,22,1
BK_01651,2025-11-09,CLI_027,SUP_009,113505.41,0.1864,4,0
BK_01652,2025-11-09,CLI_032,SUP_017,24853.03,0.1364,24,1
BK_01653,2025-11-09,CLI_043,SUP_012,140070.53,0.1315,18,1
BK_01654,2025-11-09,CLI_041,SUP_008,175657.47,0.1015,13,0
BK_01655,2025-11-09,CLI_022,SUP_020,70309.11,0.117,16,1
BK_01656,2025-11-09,CLI_040,SUP_006,69955.14,0.1165,0,0
BK_01657,2025-11-10,CLI_037,SUP_012,95485.45,0.1785,10,0
BK_01658,2025-11-10,CLI_022,SUP_015,97627.96,0.1915,1,0
BK_01659,2025-11-10,CLI_048,SUP_008,18689.89,0.1023,17,1
BK_01660,2025-11-10,CLI_037,SUP_003,98953.75,0.1546,11,0
BK_01661,2025-11-10,CLI_033,SUP_002,44943.62,0.1612,3,0
BK_01662,2025-11-10,CLI_050,SUP_003,80735.09,0.1345,16,1
BK_01663,2025-11-10,CLI_004,SUP_019,69904.5,0.1165,16,1
BK_01664,2025-11-10,CLI_029,SUP_007,25346.49,0.174,16,1
BK_01665,2025-11-11,CLI_025,SUP_002,39647.84,0.1646,16,1
BK_01666,2025-11-11,CLI_009,SUP_012,73056.0,0.1017,15,0
BK_01667,2025-11-11,CLI_035,SUP_009,22532.0,0.1239,2,0
BK_01668,2025-11-11,CLI_018,SUP_003,24227.81,0.1754,3,0
BK_01669,2025-11-11,CLI_048,SUP_006,89897.23,0.1703,8,0
BK_01670,2025-11-11,CLI_030,SUP_010,166251.29,0.0995,0,0
BK_01671,2025-11-12,CLI_003,SUP_008,149965.59,0.1014,6,0
BK_01672,2025-11-12,CLI_046,SUP_001,72677.66,0.1429,16,1
BK_01673,2025-11-12,CLI_044,SUP_005,43215.27,0.1633,13,0
BK_01674,2025-11-13,CLI_014,SUP_019,67850.15,0.103,15,0
BK_01675,2025-11-13,CLI_010,SUP_002,97010.92,0.1295,2,0
BK_01676,2025-11-13,CLI_046,SUP_017,18630.7,0.1235,0,0
BK_01677,2025-11-13,CLI_027,SUP_006,198483.45,0.13,12,0
BK_01678,2025-11-13,CLI_046,SUP_003,80658.45,0.1086,20,1
BK_01679,2025-11-14,CLI_035,SUP_019,37651.91,0.0817,0,0
BK_01680,2025-11-14,CLI_030,SUP_017,117441.21,0.1665,12,0
BK_01681,2025-11-14,CLI_031,SUP_008,63173.14,0.0951,10,0
BK_01682,2025-11-14,CLI_008,SUP_008,26039.91,0.1176,20,1
BK_01683,2025-11-14,CLI_026,SUP_003,23754.13,0.1942,21,1
BK_01684,2025-11-15,CLI_028,SUP_019,37251.32,0.175,17,1
BK_01685,2025-11-15,CLI_028,SUP_008,75416.59,0.0832,20,1
BK_01686,2025-11-15,CLI_041,SUP_018,181258.5,0.1757,13,0
BK_01687,2025-11-17,CLI_028,SUP_009,64035.55,0.164,17,1
BK_01688,2025-11-17,CLI_024,SUP_016,76936.13,0.0948,0,0
BK_01689,2025-11-17,CLI_026,SUP_010,27639.21,0.1972,29,1
BK_01690,2025-11-17,CLI_027,SUP_011,193164.68,0.0809,7,0
BK_01691,2025-11-17,CLI_008,SUP_002,35082.08,0.1951,20,1
BK_01692,2025-11-18,CLI_026,SUP_020,78465.36,0.1834,22,1
BK_01693,2025-11-18,CLI_048,SUP_004,65903.96,0.1418,14,0
BK_01694,2025-11-19,CLI_020,SUP_009,111462.62,0.1865,24,1
BK_01695,2025-11-19,CLI_033,SUP_017,223907.74,0.086,11,0
BK_01696,2025-11-19,CLI_008,SUP_005,147615.91,0.1307,26,1
BK_01697,2025-11-19,CLI_026,SUP_019,79749.44,0.1479,20,1
BK_01698,2025-11-19,CLI_037,SUP_010,144602.07,0.1429,11,0
BK_01699,2025-11-19,CLI_049,SUP_018,24073.35,0.1614,9,0
BK_01700,2025-11-20,CLI_017,SUP_016,36062.34,0.1037,0,0
BK_01701,2025-11-20,CLI_003,SUP_020,74496.14,0.1874,8,0
BK_01702,2025-11-20,CLI_022,SUP_009,46609.46,0.0916,12,0
BK_01703,2025-11-20,CLI_012,SUP_006,80023.28,0.0812,2,0
BK_01704,2025-11-20,CLI_023,SUP_004,125383.92,0.1322,1,0
BK_01705,2025-11-21,CLI_038,SUP_006,105435.81,0.1719,5,0
BK_01706,2025-11-21,CLI_048,SUP_002,73406.43,0.1471,16,1
BK_01707,2025-11-21,CLI_032,SUP_012,187982.69,0.0818,24,1
BK_01708,2025-11-21,CLI_031,SUP_010,35230.9,0.1275,17,1
BK_01709,2025-11-21,CLI_050,SUP_010,178768.26,0.1385,21,1
BK_01710,2025-11-21,CLI_023,SUP_005,89901.83,0.1094,3,0
BK_01711,2025-11-22,CLI_042,SUP_008,94298.14,0.0884,10,0
BK_01712,2025-11-22,CLI_006,SUP_014,34517.48,0.1742,4,0
BK_01713,2025-11-22,CLI_040,SUP_013,33358.45,0.1437,0,0
BK_01714,2025-11-22,CLI_023,SUP_001,56052.1,0.1619,0,0
BK_01715,2025-11-22,CLI_036,SUP_006,97754.15,0.1661,12,0
BK_01716,2025-11-22,CLI_050,SUP_012,122241.79,0.1684,19,1
BK_01717,2025-11-23,CLI_016,SUP_003,55321.07,0.1615,16,1
BK_01718,2025-11-23,CLI_042,SUP_002,58200.3,0.105,11,0
BK_01719,2025-11-23,CLI_034,SUP_015,135439.19,0.0901,26,1
BK_01720,2025-11-23,CLI_037,SUP_001,70136.32,0.1423,13,0
BK_01721,2025-11-24,CLI_005,SUP_001,46092.33,0.1129,0,0
BK_01722,2025-11-24,CLI_004,SUP_020,109479.77,0.1491,7,0
BK_01723,2025-11-24,CLI_042,SUP_017,47640.84,0.1876,11,0
BK_01724,2025-11-24,CLI_019,SUP_010,138363.26,0.188,7,0
BK_01725,2025-11-24,CLI_010,SUP_017,50342.33,0.1961,0,0
BK_01726,2025-11-25,CLI_020,SUP_009,63407.51,0.1613,19,1
BK_01727,2025-11-25,CLI_044,SUP_006,134959.41,0.1436,7,0
BK_01728,2025-11-25,CLI_019,SUP_012,148733.6,0.1585,9,0
BK_01729,2025-11-25,CLI_011,SUP_002,178709.27,0.1895,14,0
BK_01730,2025-11-26,CLI_021,SUP_009,25539.59,0.1138,8,0
BK_01731,2025-11-26,CLI_026,SUP_003,46213.92,0.0998,11,0
BK_01732,2025-11-26,CLI_017,SUP_004,72022.71,0.1883,5,0
BK_01733,2025-11-26,CLI_017,SUP_005,123828.83,0.1887,6,0
BK_01734,2025-11-26,CLI_050,SUP_010,115716.11,0.1544,12,0
BK_01735,2025-11-26,CLI_019,SUP_016,82775.58,0.1685,13,0
BK_01736,2025-11-27,CLI_014,SUP_002,162494.05,0.1081,19,1
BK_01737,2025-11-27,CLI_005,SUP_005,201470.95,0.1935,7,0
BK_01738,2025-11-27,CLI_022,SUP_015,190885.6,0.1402,4,0
BK_01739,2025-11-27,CLI_032,SUP_011,163928.86,0.1837,21,1
BK_01740,2025-11-27,CLI_024,SUP_015,94780.42,0.1678,1,0
BK_01741,2025-11-28,CLI_009,SUP_017,79319.16,0.1535,20,1
BK_01742,2025-11-28,CLI_042,SUP_006,68265.16,0.1392,9,0
BK_01743,2025-11-28,CLI_015,SUP_002,56665.74,0.1974,12,0
BK_01744,2025-11-28,CLI_029,SUP_017,37408.33,0.0933,15,0
BK_01745,2025-11-28,CLI_047,SUP_017,42207.8,0.175,29,1
BK_01746,2025-11-28,CLI_005,SUP_001,87039.55,0.1385,0,0
BK_01747,2025-11-28,CLI_024,SUP_010,106569.0,0.103,0,0
BK_01748,2025-11-28,CLI_035,SUP_002,59128.54,0.1054,0,0
BK_01749,2025-11-28,CLI_045,SUP_019,126178.38,0.175,4,0
BK_01750,2025-11-29,CLI_029,SUP_016,57121.8,0.1095,12,0
BK_01751,2025-11-29,CLI_028,SUP_002,49541.61,0.1429,23,1
BK_01752,2025-11-29,CLI_015,SUP_010,42935.06,0.083,23,1
BK_01753,2025-11-29,CLI_038,SUP_004,65551.42,0.1141,7,0
BK_01754,2025-11-29,CLI_045,SUP_010,68692.39,0.0863,4,0
BK_01755,2025-11-29,CLI_045,SUP_016,178392.13,0.1512,0,0
BK_01756,2025-11-30,CLI_029,SUP_017,14648.84,0.0837,14,0
BK_01757,2025-11-30,CLI_043,SUP_005,46495.01,0.1608,26,1
BK_01758,2025-11-30,CLI_027,SUP_004,79861.19,0.1433,10,0
BK_01759,2025-11-30,CLI_048,SUP_010,104085.25,0.1509,15,0
BK_01760,2025-11-30,CLI_046,SUP_019,22597.64,0.1141,7,0
BK_01761,2025-11-30,CLI_025,SUP_014,28957.65,0.1135,18,1
BK_01762,2025-11-30,CLI_001,SUP_019,128267.66,0.1339,18,1
BK_01763,2025-12-01,CLI_025,SUP_003,64538.59,0.0824,6,0
BK_01764,2025-12-01,CLI_032,SUP_003,20183.95,0.1504,24,1
BK_01765,2025-12-01,CLI_005,SUP_019,89616.6,0.1555,2,0
BK_01766,2025-12-01,CLI_007,SUP_016,131219.96,0.1613,0,0
BK_01767,2025-12-01,CLI_017,SUP_008,121549.21,0.0975,3,0
BK_01768,2025-12-01,CLI_014,SUP_006,214813.42,0.1642,20,1
BK_01769,2025-12-02,CLI_005,SUP_009,35816.56,0.1381,7,0
BK_01770,2025-12-02,CLI_006,SUP_014,117042.63,0.0843,7,0
BK_01771,2025-12-02,CLI_045,SUP_013,170390.04,0.1346,2,0
BK_01772,2025-12-02,CLI_017,SUP_002,17282.75,0.1759,3,0
BK_01773,2025-12-02,CLI_008,SUP_014,42586.66,0.1436,22,1
BK_01774,2025-12-02,CLI_042,SUP_007,62058.05,0.095,28,1
BK_01775,2025-12-02,CLI_022,SUP_006,158590.97,0.1283,17,1
BK_01776,2025-12-02,CLI_035,SUP_016,57185.48,0.0942,0,0
BK_01777,2025-12-02,CLI_024,SUP_014,23647.89,0.1888,3,0
BK_01778,2025-12-03,CLI_011,SUP_009,35776.92,0.1702,17,1
BK_01779,2025-12-03,CLI_035,SUP_020,52146.28,0.1978,0,0
BK_01780,2025-12-03,CLI_022,SUP_005,193673.62,0.1423,8,0
BK_01781,2025-12-03,CLI_036,SUP_013,103831.7,0.1733,19,1
BK_01782,2025-12-03,CLI_003,SUP_002,65029.93,0.1926,8,0
BK_01783,2025-12-04,CLI_048,SUP_005,111970.17,0.1385,13,0
BK_01784,2025-12-04,CLI_015,SUP_018,66921.21,0.1316,21,1
BK_01785,2025-12-04,CLI_042,SUP_008,105758.01,0.0879,10,0
BK_01786,2025-12-04,CLI_038,SUP_011,62903.44,0.0939,0,0
BK_01787,2025-12-04,CLI_016,SUP_003,60134.02,0.1677,13,0
BK_01788,2025-12-04,CLI_044,SUP_017,113083.7,0.1699,14,0
BK_01789,2025-12-04,CLI_035,SUP_010,20161.9,0.1405,0,0
BK_01790,2025-12-04,CLI_028,SUP_009,37903.37,0.1344,30,1
BK_01791,2025-12-04,CLI_005,SUP_009,147238.93,0.1225,2,0
BK_01792,2025-12-04,CLI_019,SUP_017,124665.62,0.0965,12,0
BK_01793,2025-12-05,CLI_028,SUP_010,29082.88,0.1822,14,0
BK_01794,2025-12-05,CLI_029,SUP_011,106460.56,0.0807,13,0
BK_01795,2025-12-05,CLI_015,SUP_008,135564.6,0.1035,20,1
BK_01796,2025-12-05,CLI_021,SUP_004,27629.02,0.1567,10,0
BK_01797,2025-12-05,CLI_028,SUP_004,28260.04,0.1704,28,1
BK_01798,2025-12-05,CLI_007,SUP_009,50608.71,0.1691,4,0
BK_01799,2025-12-05,CLI_008,SUP_016,145551.14,0.1913,19,1
BK_01800,2025-12-05,CLI_031,SUP_013,70239.78,0.1845,11,0
BK_01801,2025-12-06,CLI_023,SUP_006,191007.14,0.1158,0,0
BK_01802,2025-12-06,CLI_042,SUP_004,124761.56,0.1547,15,0
BK_01803,2025-12-06,CLI_006,SUP_020,158552.49,0.1464,2,0
BK_01804,2025-12-06,CLI_011,SUP_016,188685.03,0.1294,15,0
BK_01805,2025-12-06,CLI_032,SUP_010,150902.75,0.1771,17,1
BK_01806,2025-12-06,CLI_003,SUP_011,21252.36,0.169,8,0
BK_01807,2025-12-06,CLI_046,SUP_019,92192.47,0.0899,3,0
BK_01808,2025-12-07,CLI_018,SUP_007,116032.79,0.132,4,0
BK_01809,2025-12-07,CLI_018,SUP_004,45628.49,0.1446,7,0
BK_01810,2025-12-07,CLI_015,SUP_014,96743.16,0.1181,17,1
BK_01811,2025-12-07,CLI_022,SUP_008,212752.29,0.0917,4,0
BK_01812,2025-12-07,CLI_022,SUP_008,199390.36,0.1239,15,0
BK_01813,2025-12-07,CLI_040,SUP_010,98365.67,0.159,5,0
BK_01814,2025-12-07,CLI_040,SUP_014,125466.66,0.0808,3,0
BK_01815,2025-12-07,CLI_022,SUP_019,214504.25,0.1731,11,0
BK_01816,2025-12-08,CLI_032,SUP_005,29919.2,0.1883,20,1
BK_01817,2025-12-08,CLI_008,SUP_008,87007.86,0.0987,17,1
BK_01818,2025-12-08,CLI_023,SUP_013,128153.15,0.1353,10,0
BK_01819,2025-12-08,CLI_003,SUP_020,28215.17,0.138,10,0
BK_01820,2025-12-08,CLI_050,SUP_010,189763.62,0.106,14,0
BK_01821,2025-12-08,CLI_015,SUP_012,41133.26,0.1418,27,1
BK_01822,2025-12-09,CLI_028,SUP_008,119219.22,0.1683,22,1
BK_01823,2025-12-09,CLI_025,SUP_004,120489.22,0.1786,14,0
BK_01824,2025-12-09,CLI_006,SUP_014,204046.01,0.129,0,0
BK_01825,2025-12-09,CLI_017,SUP_005,114328.38,0.098,0,0
BK_01826,2025-12-09,CLI_006,SUP_013,54149.28,0.0953,9,0
BK_01827,2025-12-10,CLI_046,SUP_002,60514.93,0.1042,3,0
BK_01828,2025-12-10,CLI_026,SUP_002,121770.63,0.1699,26,1
BK_01829,2025-12-10,CLI_047,SUP_012,80532.26,0.0807,16,1
BK_01830,2025-12-10,CLI_038,SUP_011,84928.89,0.1757,15,0
BK_01831,2025-12-10,CLI_006,SUP_014,152052.67,0.0822,0,0
BK_01832,2025-12-10,CLI_034,SUP_004,67270.5,0.1327,26,1
BK_01833,2025-12-10,CLI_038,SUP_010,45921.55,0.1321,11,0
BK_01834,2025-12-11,CLI_034,SUP_012,66246.24,0.1344,25,1
BK_01835,2025-12-11,CLI_039,SUP_020,105773.1,0.1085,18,1
BK_01836,2025-12-11,CLI_010,SUP_004,77668.41,0.1601,1,0
BK_01837,2025-12-11,CLI_030,SUP_015,210687.06,0.112,6,0
BK_01838,2025-12-11,CLI_048,SUP_015,15606.42,0.181,11,0
BK_01839,2025-12-12,CLI_043,SUP_015,22161.84,0.1714,29,1
BK_01840,2025-12-12,CLI_022,SUP_015,109806.3,0.1877,12,0
BK_01841,2025-12-12,CLI_029,SUP_015,18488.04,0.111,8,0
BK_01842,2025-12-12,CLI_002,SUP_014,139276.07,0.1835,8,0
BK_01843,2025-12-12,CLI_041,SUP_006,210246.15,0.1368,15,0
BK_01844,2025-12-12,CLI_022,SUP_014,42253.33,0.1146,25,1
BK_01845,2025-12-12,CLI_007,SUP_006,133712.38,0.1965,5,0
BK_01846,2025-12-13,CLI_046,SUP_006,103105.29,0.1509,8,0
BK_01847,2025-12-13,CLI_031,SUP_016,110245.65,0.101,17,1
BK_01848,2025-12-13,CLI_002,SUP_004,72249.81,0.082,19,1
BK_01849,2025-12-13,CLI_050,SUP_007,188201.58,0.1379,20,1
BK_01850,2025-12-13,CLI_022,SUP_017,210543.68,0.1981,22,1
BK_01851,2025-12-13,CLI_002,SUP_015,111203.86,0.0936,14,0
BK_01852,2025-12-13,CLI_044,SUP_012,48131.47,0.1388,7,0
BK_01853,2025-12-13,CLI_048,SUP_009,121165.74,0.1848,17,1
BK_01854,2025-12-14,CLI_008,SUP_007,134245.1,0.1533,15,0
BK_01855,2025-12-14,CLI_006,SUP_007,26278.97,0.1056,4,0
BK_01856,2025-12-14,CLI_029,SUP_007,57953.89,0.1536,14,0
BK_01857,2025-12-14,CLI_043,SUP_020,23026.87,0.0909,24,1
BK_01858,2025-12-14,CLI_023,SUP_013,61805.25,0.1869,0,0
BK_01859,2025-12-14,CLI_006,SUP_005,188225.49,0.1787,5,0
BK_01860,2025-12-14,CLI_020,SUP_003,141934.61,0.1584,18,1
BK_01861,2025-12-14,CLI_001,SUP_007,81127.09,0.1376,25,1
BK_01862,2025-12-15,CLI_041,SUP_005,181207.02,0.0989,17,1
BK_01863,2025-12-15,CLI_043,SUP_013,194012.59,0.1283,21,1
BK_01864,2025-12-15,CLI_004,SUP_018,29509.1,0.1814,12,0
BK_01865,2025-12-15,CLI_043,SUP_019,130036.8,0.1151,28,1
BK_01866,2025-12-15,CLI_016,SUP_008,77513.47,0.093,17,1
BK_01867,2025-12-15,CLI_021,SUP_012,100585.61,0.1051,8,0
BK_01868,2025-12-15,CLI_004,SUP_015,45380.92,0.1092,4,0
BK_01869,2025-12-15,CLI_040,SUP_018,37910.8,0.1777,0,0
BK_01870,2025-12-16,CLI_044,SUP_019,64430.89,0.1706,9,0
BK_01871,2025-12-16,CLI_009,SUP_013,97882.15,0.1714,17,1
BK_01872,2025-12-16,CLI_009,SUP_016,103669.58,0.1437,18,1
BK_01873,2025-12-16,CLI_048,SUP_003,146356.52,0.106,12,0
BK_01874,2025-12-16,CLI_050,SUP_013,183317.64,0.1592,12,0
BK_01875,2025-12-17,CLI_015,SUP_019,182226.8,0.1559,29,1
BK_01876,2025-12-17,CLI_049,SUP_008,130483.05,0.1585,7,0
BK_01877,2025-12-17,CLI_042,SUP_009,120467.7,0.143,19,1
BK_01878,2025-12-17,CLI_034,SUP_012,50370.07,0.1491,28,1
BK_01879,2025-12-17,CLI_023,SUP_012,133552.61,0.1849,3,0
BK_01880,2025-12-17,CLI_021,SUP_018,97024.72,0.1643,7,0
BK_01881,2025-12-17,CLI_007,SUP_012,29462.76,0.1918,1,0
BK_01882,2025-12-17,CLI_041,SUP_006,64459.06,0.1336,13,0
BK_01883,2025-12-17,CLI_032,SUP_017,95562.04,0.1164,25,1
BK_01884,2025-12-18,CLI_039,SUP_017,39741.14,0.131,12,0
BK_01885,2025-12-18,CLI_001,SUP_013,10494.86,0.1921,15,0
BK_01886,2025-12-18,CLI_034,SUP_018,25007.41,0.1755,15,0
BK_01887,2025-12-18,CLI_040,SUP_020,100821.84,0.1541,2,0
BK_01888,2025-12-18,CLI_027,SUP_018,82380.51,0.1414,10,0
BK_01889,2025-12-18,CLI_005,SUP_015,109300.49,0.1176,0,0
BK_01890,2025-12-18,CLI_038,SUP_002,193101.83,0.157,0,0
BK_01891,2025-12-18,CLI_043,SUP_008,146625.32,0.0842,18,1
BK_01892,2025-12-19,CLI_045,SUP_016,184709.84,0.1337,5,0
BK_01893,2025-12-19,CLI_023,SUP_015,117498.17,0.1038,0,0
BK_01894,2025-12-19,CLI_025,SUP_004,81678.75,0.1616,17,1
BK_01895,2025-12-19,CLI_045,SUP_003,86562.75,0.1787,4,0
BK_01896,2025-12-19,CLI_018,SUP_005,83427.28,0.185,7,0
BK_01897,2025-12-19,CLI_002,SUP_005,76915.44,0.1923,10,0
BK_01898,2025-12-20,CLI_012,SUP_011,111048.01,0.172,7,0
BK_01899,2025-12-20,CLI_038,SUP_009,129524.34,0.1441,7,0
BK_01900,2025-12-20,CLI_036,SUP_020,138940.97,0.1833,22,1
BK_01901,2025-12-20,CLI_002,SUP_015,72391.63,0.1647,15,0
BK_01902,2025-12-20,CLI_013,SUP_019,37723.28,0.1468,10,0
BK_01903,2025-12-20,CLI_048,SUP_015,148087.8,0.1884,26,1
BK_01904,2025-12-20,CLI_002,SUP_004,123635.75,0.089,9,0
BK_01905,2025-12-20,CLI_014,SUP_019,170992.63,0.1839,15,0
BK_01906,2025-12-20,CLI_035,SUP_017,102627.84,0.1533,0,0
BK_01907,2025-12-20,CLI_029,SUP_014,68509.96,0.1594,9,0
BK_01908,2025-12-21,CLI_012,SUP_004,93265.18,0.1815,1,0
BK_01909,2025-12-21,CLI_012,SUP_005,67885.38,0.1448,9,0
BK_01910,2025-12-22,CLI_036,SUP_019,31189.05,0.1562,14,0
BK_01911,2025-12-22,CLI_044,SUP_007,96288.78,0.1329,6,0
BK_01912,2025-12-22,CLI_027,SUP_006,131949.87,0.1739,14,0
BK_01913,2025-12-22,CLI_018,SUP_008,115064.84,0.1437,6,0
BK_01914,2025-12-22,CLI_036,SUP_008,111551.24,0.183,14,0
BK_01915,2025-12-22,CLI_025,SUP_009,18552.45,0.0923,24,1
BK_01916,2025-12-23,CLI_008,SUP_016,111070.85,0.1858,29,1
BK_01917,2025-12-23,CLI_026,SUP_018,58043.4,0.1152,24,1
BK_01918,2025-12-23,CLI_021,SUP_020,85466.87,0.0887,1,0
BK_01919,2025-12-23,CLI_040,SUP_016,40337.91,0.1777,0,0
BK_01920,2025-12-23,CLI_030,SUP_015,176356.19,0.1228,13,0
BK_01921,2025-12-23,CLI_035,SUP_006,21561.58,0.1788,0,0
BK_01922,2025-12-23,CLI_043,SUP_009,87261.33,0.1404,18,1
BK_01923,2025-12-23,CLI_006,SUP_017,163757.69,0.0948,9,0
BK_01924,2025-12-23,CLI_049,SUP_020,68507.27,0.1841,12,0
BK_01925,2025-12-24,CLI_036,SUP_018,63199.13,0.1778,25,1
BK_01926,2025-12-24,CLI_034,SUP_011,78843.91,0.1844,24,1
BK_01927,2025-12-24,CLI_050,SUP_014,15863.74,0.165,17,1
BK_01928,2025-12-24,CLI_043,SUP_004,15769.78,0.1479,27,1
BK_01929,2025-12-25,CLI_035,SUP_006,16354.16,0.1795,8,0
BK_01930,2025-12-25,CLI_035,SUP_013,109902.8,0.1527,2,0
BK_01931,2025-12-25,CLI_014,SUP_001,70516.97,0.1254,24,1
BK_01932,2025-12-25,CLI_040,SUP_005,84105.15,0.131,2,0
BK_01933,2025-12-25,CLI_047,SUP_014,143844.15,0.0885,24,1
BK_01934,2025-12-26,CLI_040,SUP_019,142791.73,0.1444,0,0
BK_01935,2025-12-26,CLI_036,SUP_012,99942.38,0.15,19,1
BK_01936,2025-12-26,CLI_043,SUP_011,146994.52,0.0862,28,1
BK_01937,2025-12-27,CLI_035,SUP_016,29706.63,0.1528,1,0
BK_01938,2025-12-27,CLI_001,SUP_009,32244.74,0.1596,20,1
BK_01939,2025-12-27,CLI_019,SUP_011,67737.1,0.1544,21,1
BK_01940,2025-12-28,CLI_043,SUP_005,195221.42,0.127,22,1
BK_01941,2025-12-28,CLI_043,SUP_016,25647.12,0.1195,26,1
BK_01942,2025-12-28,CLI_036,SUP_002,69777.85,0.183,24,1
BK_01943,2025-12-28,CLI_009,SUP_020,108998.91,0.186,14,0
BK_01944,2025-12-29,CLI_048,SUP_017,39935.23,0.18,9,0
BK_01945,2025-12-29,CLI_047,SUP_005,89551.92,0.1519,24,1
BK_01946,2025-12-29,CLI_007,SUP_013,64486.45,0.1722,10,0
BK_01947,2025-12-29,CLI_016,SUP_017,207158.09,0.1361,24,1
BK_01948,2025-12-29,CLI_043,SUP_002,25097.68,0.1366,25,1
BK_01949,2025-12-29,CLI_037,SUP_016,67425.92,0.1174,17,1
BK_01950,2025-12-29,CLI_050,SUP_019,73852.63,0.1193,9,0
BK_01951,2025-12-29,CLI_040,SUP_005,146145.2,0.0823,0,0
BK_01952,2025-12-30,CLI_042,SUP_005,56126.64,0.1545,7,0
BK_01953,2025-12-30,CLI_010,SUP_014,17980.04,0.1688,3,0
BK_01954,2025-12-30,CLI_042,SUP_018,78147.73,0.1814,13,0
BK_01955,2025-12-30,CLI_011,SUP_018,49572.93,0.1337,8,0
BK_01956,2025-12-30,CLI_032,SUP_011,129513.71,0.0823,19,1
BK_01957,2025-12-30,CLI_027,SUP_013,148542.43,0.1493,19,1
BK_01958,2025-12-30,CLI_048,SUP_003,18144.03,0.1622,15,0
BK_01959,2025-12-30,CLI_011,SUP_014,188205.11,0.1605,13,0
BK_01960,2025-12-30,CLI_006,SUP_005,119540.32,0.1677,0,0
BK_01961,2025-12-30,CLI_037,SUP_019,58834.1,0.1789,15,0
BK_01962,2025-12-31,CLI_029,SUP_001,48989.19,0.0823,13,0
BK_01963,2025-12-31,CLI_035,SUP_020,25014.22,0.1843,0,0
BK_01964,2025-12-31,CLI_006,SUP_006,96065.44,0.175,3,0
BK_01965,2025-12-31,CLI_030,SUP_016,213431.41,0.1534,1,0
BK_01966,2025-12-31,CLI_044,SUP_008,76195.1,0.0923,4,0
