transaction_id,date,type,category,amount,client_id
TX_00001,2025-01-01,Inflow,Booking Revenue,111145.86,CLI_014
TX_00002,2025-01-01,Inflow,Booking Revenue,155266.56,CLI_009
TX_00003,2025-01-01,Inflow,Booking Revenue,121303.67,CLI_003
TX_00004,2025-01-01,Inflow,Booking Revenue,103056.82,CLI_024
TX_00005,2025-01-01,Inflow,Booking Revenue,167158.99,CLI_037
TX_00006,2025-01-01,Inflow,Booking Revenue,244184.89,CLI_032
TX_00007,2025-01-01,Outflow,Operations,9285.68,
TX_00008,2025-01-02,Inflow,Booking Revenue,110110.0,CLI_033
TX_00009,2025-01-02,Inflow,Booking Revenue,95645.54,CLI_037
TX_00010,2025-01-02,Inflow,Booking Revenue,86072.13,CLI_014
TX_00011,2025-01-02,Outflow,Operations,8140.24,
TX_00012,2025-01-03,Inflow,Booking Revenue,117898.57,CLI_011
TX_00013,2025-01-03,Inflow,Booking Revenue,210343.5,CLI_027
TX_00014,2025-01-03,Inflow,Booking Revenue,97421.65,CLI_013
TX_00015,2025-01-03,Inflow,Booking Revenue,132259.48,CLI_017
TX_00016,2025-01-03,Inflow,Booking Revenue,160234.28,CLI_042
TX_00017,2025-01-03,Outflow,Operations,9061.17,
TX_00018,2025-01-04,Inflow,Booking Revenue,252226.37,CLI_006
TX_00019,2025-01-04,Inflow,Booking Revenue,15967.0,CLI_003
TX_00020,2025-01-04,Outflow,Operations,13926.17,
TX_00021,2025-01-05,Inflow,Booking Revenue,90403.36,CLI_013
TX_00022,2025-01-05,Inflow,Booking Revenue,174474.92,CLI_043
TX_00023,2025-01-05,Outflow,Operations,19249.42,
TX_00024,2025-01-06,Inflow,Booking Revenue,147177.39,CLI_019
TX_00025,2025-01-06,Inflow,Booking Revenue,33511.1,CLI_043
TX_00026,2025-01-06,Inflow,Booking Revenue,25003.8,CLI_049
TX_00027,2025-01-06,Inflow,Booking Revenue,135619.6,CLI_012
TX_00028,2025-01-06,Inflow,Booking Revenue,148445.91,CLI_001
TX_00029,2025-01-06,Outflow,Operations,12572.67,
TX_00030,2025-01-07,Inflow,Booking Revenue,78049.07,CLI_028
TX_00031,2025-01-07,Inflow,Booking Revenue,165288.39,CLI_024
TX_00032,2025-01-07,Inflow,Booking Revenue,164426.37,CLI_015
TX_00033,2025-01-07,Outflow,Operations,14292.36,
TX_00034,2025-01-08,Inflow,Booking Revenue,147891.18,CLI_047
TX_00035,2025-01-08,Inflow,Booking Revenue,61197.11,CLI_031
TX_00036,2025-01-08,Inflow,Booking Revenue,25223.03,CLI_050
TX_00037,2025-01-08,Inflow,Booking Revenue,24866.3,CLI_042
TX_00038,2025-01-08,Inflow,Booking Revenue,106297.98,CLI_021
TX_00039,2025-01-08,Outflow,Operations,9852.51,
TX_00040,2025-01-09,Inflow,Booking Revenue,180051.4,CLI_023
TX_00041,2025-01-09,Inflow,Booking Revenue,223933.94,CLI_033
TX_00042,2025-01-09,Inflow,Booking Revenue,184346.05,CLI_030
TX_00043,2025-01-09,Outflow,Operations,17629.56,
TX_00044,2025-01-10,Inflow,Booking Revenue,215481.12,CLI_011
TX_00045,2025-01-10,Inflow,Booking Revenue,33107.15,CLI_046
TX_00046,2025-01-10,Inflow,Booking Revenue,133846.94,CLI_041
TX_00047,2025-01-10,Outflow,Operations,16376.38,
TX_00048,2025-01-11,Inflow,Booking Revenue,127003.48,CLI_001
TX_00049,2025-01-11,Outflow,Operations,19826.24,
TX_00050,2025-01-12,Inflow,Booking Revenue,21974.43,CLI_049
TX_00051,2025-01-12,Inflow,Booking Revenue,18893.97,CLI_028
TX_00052,2025-01-12,Inflow,Booking Revenue,80690.8,CLI_023
TX_00053,2025-01-12,Outflow,Operations,18610.7,
TX_00054,2025-01-13,Inflow,Booking Revenue,23826.83,CLI_042
TX_00055,2025-01-13,Inflow,Booking Revenue,68682.59,CLI_024
TX_00056,2025-01-13,Inflow,Booking Revenue,58141.2,CLI_009
TX_00057,2025-01-13,Inflow,Booking Revenue,107517.9,CLI_003
TX_00058,2025-01-13,Outflow,Operations,17412.78,
TX_00059,2025-01-14,Inflow,Booking Revenue,36061.16,CLI_027
TX_00060,2025-01-14,Inflow,Booking Revenue,126755.37,CLI_029
TX_00061,2025-01-14,Inflow,Booking Revenue,68975.23,CLI_020
TX_00062,2025-01-14,Inflow,Booking Revenue,23299.45,CLI_019
TX_00063,2025-01-14,Outflow,Operations,11532.61,
TX_00064,2025-01-15,Inflow,Booking Revenue,123955.67,CLI_034
TX_00065,2025-01-15,Inflow,Booking Revenue,59158.9,CLI_035
TX_00066,2025-01-15,Inflow,Booking Revenue,116385.26,CLI_034
TX_00067,2025-01-15,Inflow,Booking Revenue,17874.17,CLI_006
TX_00068,2025-01-15,Outflow,Operations,17726.38,
TX_00069,2025-01-16,Inflow,Booking Revenue,38547.8,CLI_018
TX_00070,2025-01-16,Inflow,Booking Revenue,50070.76,CLI_046
TX_00071,2025-01-16,Inflow,Booking Revenue,107171.78,CLI_027
TX_00072,2025-01-16,Inflow,Booking Revenue,202927.78,CLI_023
TX_00073,2025-01-16,Inflow,Booking Revenue,122126.68,CLI_048
TX_00074,2025-01-16,Outflow,Operations,17211.89,
TX_00075,2025-01-17,Inflow,Booking Revenue,49068.75,CLI_026
TX_00076,2025-01-17,Inflow,Booking Revenue,108930.85,CLI_049
TX_00077,2025-01-17,Inflow,Booking Revenue,194591.88,CLI_007
TX_00078,2025-01-17,Outflow,Operations,10793.18,
TX_00079,2025-01-18,Inflow,Booking Revenue,212775.35,CLI_011
TX_00080,2025-01-18,Inflow,Booking Revenue,124189.77,CLI_036
TX_00081,2025-01-18,Inflow,Booking Revenue,172638.99,CLI_036
TX_00082,2025-01-18,Inflow,Booking Revenue,116801.26,CLI_016
TX_00083,2025-01-18,Inflow,Booking Revenue,25439.1,CLI_010
TX_00084,2025-01-18,Inflow,Booking Revenue,175735.39,CLI_040
TX_00085,2025-01-18,Inflow,Booking Revenue,23854.23,CLI_025
TX_00086,2025-01-18,Outflow,Operations,8915.73,
TX_00087,2025-01-19,Inflow,Booking Revenue,99871.24,CLI_013
TX_00088,2025-01-19,Inflow,Booking Revenue,153803.45,CLI_019
TX_00089,2025-01-19,Inflow,Booking Revenue,159821.63,CLI_035
TX_00090,2025-01-19,Inflow,Booking Revenue,60727.27,CLI_019
TX_00091,2025-01-19,Inflow,Booking Revenue,163333.59,CLI_020
TX_00092,2025-01-19,Outflow,Operations,14941.94,
TX_00093,2025-01-20,Inflow,Booking Revenue,109223.94,CLI_021
TX_00094,2025-01-20,Inflow,Booking Revenue,31048.46,CLI_046
TX_00095,2025-01-20,Inflow,Booking Revenue,139338.59,CLI_003
TX_00096,2025-01-20,Inflow,Booking Revenue,136821.36,CLI_029
TX_00097,2025-01-20,Inflow,Booking Revenue,114905.43,CLI_030
TX_00098,2025-01-20,Inflow,Booking Revenue,93304.91,CLI_034
TX_00099,2025-01-20,Inflow,Booking Revenue,78135.32,CLI_049
TX_00100,2025-01-20,Outflow,Operations,17307.31,
TX_00101,2025-01-21,Inflow,Booking Revenue,142262.68,CLI_042
TX_00102,2025-01-21,Inflow,Booking Revenue,79080.71,CLI_029
TX_00103,2025-01-21,Inflow,Booking Revenue,54412.55,CLI_048
TX_00104,2025-01-21,Inflow,Booking Revenue,120940.35,CLI_013
TX_00105,2025-01-21,Inflow,Booking Revenue,214473.13,CLI_015
TX_00106,2025-01-21,Inflow,Booking Revenue,135393.42,CLI_032
TX_00107,2025-01-21,Inflow,Booking Revenue,82336.77,CLI_010
TX_00108,2025-01-21,Inflow,Booking Revenue,139591.32,CLI_038
TX_00109,2025-01-21,Inflow,Booking Revenue,13528.07,CLI_013
TX_00110,2025-01-21,Outflow,Operations,9262.76,
TX_00111,2025-01-22,Inflow,Booking Revenue,168606.04,CLI_047
TX_00112,2025-01-22,Inflow,Booking Revenue,19706.66,CLI_048
TX_00113,2025-01-22,Inflow,Booking Revenue,41948.58,CLI_009
TX_00114,2025-01-22,Inflow,Booking Revenue,82224.18,CLI_030
TX_00115,2025-01-22,Outflow,Operations,6520.7,
TX_00116,2025-01-23,Inflow,Booking Revenue,39142.02,CLI_029
TX_00117,2025-01-23,Inflow,Booking Revenue,28464.42,CLI_009
TX_00118,2025-01-23,Inflow,Booking Revenue,56668.07,CLI_021
TX_00119,2025-01-23,Outflow,Operations,12580.48,
TX_00120,2025-01-24,Inflow,Booking Revenue,35984.88,CLI_025
TX_00121,2025-01-24,Inflow,Booking Revenue,69023.09,CLI_008
TX_00122,2025-01-24,Inflow,Booking Revenue,148432.74,CLI_026
TX_00123,2025-01-24,Inflow,Booking Revenue,124298.02,CLI_048
TX_00124,2025-01-24,Inflow,Booking Revenue,156191.02,CLI_003
TX_00125,2025-01-24,Outflow,Operations,14303.52,
TX_00126,2025-01-25,Inflow,Booking Revenue,108111.15,CLI_001
TX_00127,2025-01-25,Inflow,Booking Revenue,119526.55,CLI_021
TX_00128,2025-01-25,Inflow,Booking Revenue,61302.75,CLI_010
TX_00129,2025-01-25,Outflow,Operations,5990.83,
TX_00130,2025-01-26,Inflow,Booking Revenue,118667.43,CLI_029
TX_00131,2025-01-26,Inflow,Booking Revenue,102672.23,CLI_007
TX_00132,2025-01-26,Inflow,Booking Revenue,176378.18,CLI_008
TX_00133,2025-01-26,Inflow,Booking Revenue,94506.25,CLI_044
TX_00134,2025-01-26,Inflow,Booking Revenue,226456.99,CLI_020
TX_00135,2025-01-26,Inflow,Booking Revenue,85320.32,CLI_004
TX_00136,2025-01-26,Inflow,Booking Revenue,144228.88,CLI_004
TX_00137,2025-01-26,Outflow,Operations,8101.97,
TX_00138,2025-01-27,Inflow,Booking Revenue,103616.01,CLI_032
TX_00139,2025-01-27,Inflow,Booking Revenue,120092.42,CLI_050
TX_00140,2025-01-27,Inflow,Booking Revenue,199398.75,CLI_050
TX_00141,2025-01-27,Inflow,Booking Revenue,23436.26,CLI_016
TX_00142,2025-01-27,Outflow,Operations,15871.8,
TX_00143,2025-01-28,Inflow,Booking Revenue,51763.28,CLI_019
TX_00144,2025-01-28,Inflow,Booking Revenue,56193.78,CLI_002
TX_00145,2025-01-28,Inflow,Booking Revenue,108166.96,CLI_046
TX_00146,2025-01-28,Inflow,Booking Revenue,79109.45,CLI_044
TX_00147,2025-01-28,Inflow,Booking Revenue,45604.92,CLI_004
TX_00148,2025-01-28,Inflow,Booking Revenue,92031.93,CLI_048
TX_00149,2025-01-28,Outflow,Operations,8455.93,
TX_00150,2025-01-29,Inflow,Booking Revenue,89951.06,CLI_042
TX_00151,2025-01-29,Inflow,Booking Revenue,207309.55,CLI_038
TX_00152,2025-01-29,Inflow,Booking Revenue,157631.17,CLI_034
TX_00153,2025-01-29,Inflow,Booking Revenue,48353.67,CLI_043
TX_00154,2025-01-29,Inflow,Booking Revenue,193056.64,CLI_041
TX_00155,2025-01-29,Inflow,Booking Revenue,74787.95,CLI_013
TX_00156,2025-01-29,Inflow,Booking Revenue,59789.29,CLI_020
TX_00157,2025-01-29,Inflow,Booking Revenue,26110.02,CLI_037
TX_00158,2025-01-29,Inflow,Booking Revenue,72554.2,CLI_035
TX_00159,2025-01-29,Outflow,Operations,18443.54,
TX_00160,2025-01-30,Inflow,Booking Revenue,28541.16,CLI_050
TX_00161,2025-01-30,Outflow,Operations,8430.06,
TX_00162,2025-01-31,Inflow,Booking Revenue,71650.08,CLI_025
TX_00163,2025-01-31,Outflow,Operations,10807.75,
TX_00164,2025-02-01,Inflow,Booking Revenue,79429.82,CLI_007
TX_00165,2025-02-01,Inflow,Booking Revenue,255059.51,CLI_032
TX_00166,2025-02-01,Inflow,Booking Revenue,123505.51,CLI_041
TX_00167,2025-02-01,Inflow,Booking Revenue,228179.18,CLI_022
TX_00168,2025-02-01,Outflow,Operations,6552.69,
TX_00169,2025-02-02,Inflow,Booking Revenue,123628.61,CLI_030
TX_00170,2025-02-02,Outflow,Operations,16454.05,
TX_00171,2025-02-03,Inflow,Booking Revenue,69667.53,CLI_016
TX_00172,2025-02-03,Inflow,Booking Revenue,102903.14,CLI_007
TX_00173,2025-02-03,Inflow,Booking Revenue,162530.59,CLI_032
TX_00174,2025-02-03,Outflow,Operations,7013.04,
TX_00175,2025-02-04,Inflow,Booking Revenue,95324.03,CLI_048
TX_00176,2025-02-04,Inflow,Booking Revenue,245013.41,CLI_006
TX_00177,2025-02-04,Inflow,Booking Revenue,164256.57,CLI_019
TX_00178,2025-02-04,Inflow,Booking Revenue,22076.95,CLI_028
TX_00179,2025-02-04,Inflow,Booking Revenue,118550.81,CLI_034
TX_00180,2025-02-04,Outflow,Operations,9158.88,
TX_00181,2025-02-05,Inflow,Booking Revenue,169352.87,CLI_015
TX_00182,2025-02-05,Inflow,Booking Revenue,36602.16,CLI_021
TX_00183,2025-02-05,Inflow,Booking Revenue,101536.06,CLI_036
TX_00184,2025-02-05,Inflow,Booking Revenue,59952.52,CLI_019
TX_00185,2025-02-05,Outflow,Operations,11483.2,
TX_00186,2025-02-06,Inflow,Booking Revenue,78832.59,CLI_041
TX_00187,2025-02-06,Inflow,Booking Revenue,131585.61,CLI_038
TX_00188,2025-02-06,Inflow,Booking Revenue,86640.83,CLI_002
TX_00189,2025-02-06,Inflow,Booking Revenue,89270.41,CLI_036
TX_00190,2025-02-06,Inflow,Booking Revenue,22469.45,CLI_015
TX_00191,2025-02-06,Inflow,Booking Revenue,145587.08,CLI_009
TX_00192,2025-02-06,Outflow,Operations,10393.15,
TX_00193,2025-02-07,Inflow,Booking Revenue,222166.08,CLI_006
TX_00194,2025-02-07,Inflow,Booking Revenue,100692.35,CLI_008
TX_00195,2025-02-07,Inflow,Booking Revenue,181494.74,CLI_032
TX_00196,2025-02-07,Outflow,Operations,9372.26,
TX_00197,2025-02-08,Inflow,Booking Revenue,59180.28,CLI_031
TX_00198,2025-02-08,Inflow,Booking Revenue,121684.73,CLI_003
TX_00199,2025-02-08,Inflow,Booking Revenue,109195.2,CLI_034
TX_00200,2025-02-08,Inflow,Booking Revenue,150142.15,CLI_025
TX_00201,2025-02-08,Inflow,Booking Revenue,37709.89,CLI_049
TX_00202,2025-02-08,Inflow,Booking Revenue,176767.14,CLI_050
TX_00203,2025-02-08,Outflow,Operations,18589.6,
TX_00204,2025-02-09,Inflow,Booking Revenue,128319.23,CLI_004
TX_00205,2025-02-09,Inflow,Booking Revenue,119097.66,CLI_036
TX_00206,2025-02-09,Inflow,Booking Revenue,253050.37,CLI_015
TX_00207,2025-02-09,Inflow,Booking Revenue,149987.66,CLI_043
TX_00208,2025-02-09,Inflow,Booking Revenue,143541.33,CLI_018
TX_00209,2025-02-09,Inflow,Booking Revenue,155497.59,CLI_006
TX_00210,2025-02-09,Inflow,Booking Revenue,108155.31,CLI_008
TX_00211,2025-02-09,Outflow,Operations,8301.65,
TX_00212,2025-02-10,Inflow,Booking Revenue,88259.45,CLI_048
TX_00213,2025-02-10,Inflow,Booking Revenue,116421.47,CLI_042
TX_00214,2025-02-10,Inflow,Booking Revenue,103073.16,CLI_031
TX_00215,2025-02-10,Inflow,Booking Revenue,79332.69,CLI_029
TX_00216,2025-02-10,Inflow,Booking Revenue,206947.54,CLI_043
TX_00217,2025-02-10,Inflow,Booking Revenue,144263.42,CLI_036
TX_00218,2025-02-10,Outflow,Operations,7876.6,
TX_00219,2025-02-11,Inflow,Booking Revenue,251437.99,CLI_015
TX_00220,2025-02-11,Inflow,Booking Revenue,123511.13,CLI_003
TX_00221,2025-02-11,Outflow,Operations,6235.24,
TX_00222,2025-02-12,Outflow,Operations,11489.02,
TX_00223,2025-02-13,Inflow,Booking Revenue,18231.37,CLI_031
TX_00224,2025-02-13,Inflow,Booking Revenue,130195.13,CLI_028
TX_00225,2025-02-13,Inflow,Booking Revenue,54383.72,CLI_020
TX_00226,2025-02-13,Inflow,Booking Revenue,109572.42,CLI_005
TX_00227,2025-02-13,Outflow,Operations,15078.38,
TX_00228,2025-02-14,Inflow,Booking Revenue,34330.79,CLI_041
TX_00229,2025-02-14,Inflow,Booking Revenue,53721.9,CLI_040
TX_00230,2025-02-14,Inflow,Booking Revenue,153694.03,CLI_030
TX_00231,2025-02-14,Inflow,Booking Revenue,66893.52,CLI_003
TX_00232,2025-02-14,Inflow,Booking Revenue,139334.39,CLI_047
TX_00233,2025-02-14,Inflow,Booking Revenue,106712.95,CLI_008
TX_00234,2025-02-14,Inflow,Booking Revenue,110838.69,CLI_009
TX_00235,2025-02-14,Outflow,Operations,11791.52,
TX_00236,2025-02-15,Inflow,Booking Revenue,20632.68,CLI_032
TX_00237,2025-02-15,Inflow,Booking Revenue,72638.46,CLI_033
TX_00238,2025-02-15,Inflow,Booking Revenue,151994.08,CLI_044
TX_00239,2025-02-15,Inflow,Booking Revenue,112210.08,CLI_049
TX_00240,2025-02-15,Inflow,Booking Revenue,42085.99,CLI_009
TX_00241,2025-02-15,Inflow,Booking Revenue,91375.26,CLI_047
TX_00242,2025-02-15,Inflow,Booking Revenue,117964.22,CLI_027
TX_00243,2025-02-15,Outflow,Operations,14015.39,
TX_00244,2025-02-16,Inflow,Booking Revenue,88774.33,CLI_049
TX_00245,2025-02-16,Inflow,Booking Revenue,130216.19,CLI_046
TX_00246,2025-02-16,Inflow,Booking Revenue,40203.71,CLI_024
TX_00247,2025-02-16,Inflow,Booking Revenue,126066.11,CLI_012
TX_00248,2025-02-16,Inflow,Booking Revenue,35762.62,CLI_004
TX_00249,2025-02-16,Outflow,Operations,6560.19,
TX_00250,2025-02-17,Inflow,Booking Revenue,61576.83,CLI_023
TX_00251,2025-02-17,Inflow,Booking Revenue,19647.31,CLI_015
TX_00252,2025-02-17,Inflow,Booking Revenue,89991.86,CLI_049
TX_00253,2025-02-17,Inflow,Booking Revenue,40152.31,CLI_021
TX_00254,2025-02-17,Inflow,Booking Revenue,172749.4,CLI_031
TX_00255,2025-02-17,Outflow,Operations,19725.27,
TX_00256,2025-02-18,Inflow,Booking Revenue,148030.37,CLI_015
TX_00257,2025-02-18,Inflow,Booking Revenue,59028.0,CLI_016
TX_00258,2025-02-18,Inflow,Booking Revenue,45313.51,CLI_013
TX_00259,2025-02-18,Outflow,Operations,19369.73,
TX_00260,2025-02-19,Inflow,Booking Revenue,25167.05,CLI_047
TX_00261,2025-02-19,Outflow,Operations,5213.42,
TX_00262,2025-02-20,Inflow,Booking Revenue,111098.59,CLI_025
TX_00263,2025-02-20,Inflow,Booking Revenue,234437.77,CLI_014
TX_00264,2025-02-20,Inflow,Booking Revenue,52286.1,CLI_032
TX_00265,2025-02-20,Inflow,Booking Revenue,83514.44,CLI_011
TX_00266,2025-02-20,Inflow,Booking Revenue,86985.01,CLI_009
TX_00267,2025-02-20,Outflow,Operations,11317.87,
TX_00268,2025-02-21,Inflow,Booking Revenue,161911.27,CLI_037
TX_00269,2025-02-21,Inflow,Booking Revenue,61772.98,CLI_012
TX_00270,2025-02-21,Inflow,Booking Revenue,163505.13,CLI_005
TX_00271,2025-02-21,Inflow,Booking Revenue,26307.23,CLI_012
TX_00272,2025-02-21,Inflow,Booking Revenue,240642.37,CLI_005
TX_00273,2025-02-21,Outflow,Operations,19266.68,
TX_00274,2025-02-22,Inflow,Booking Revenue,58663.28,CLI_010
TX_00275,2025-02-22,Outflow,Operations,17969.89,
TX_00276,2025-02-23,Inflow,Booking Revenue,164202.68,CLI_010
TX_00277,2025-02-23,Inflow,Booking Revenue,140500.47,CLI_029
TX_00278,2025-02-23,Inflow,Booking Revenue,44384.54,CLI_046
TX_00279,2025-02-23,Inflow,Booking Revenue,134811.36,CLI_049
TX_00280,2025-02-23,Outflow,Operations,15565.79,
TX_00281,2025-02-24,Inflow,Booking Revenue,261427.51,CLI_007
TX_00282,2025-02-24,Inflow,Booking Revenue,173142.63,CLI_049
TX_00283,2025-02-24,Inflow,Booking Revenue,53496.89,CLI_034
TX_00284,2025-02-24,Inflow,Booking Revenue,114314.57,CLI_028
TX_00285,2025-02-24,Outflow,Operations,12106.75,
TX_00286,2025-02-25,Inflow,Booking Revenue,103277.4,CLI_029
TX_00287,2025-02-25,Inflow,Booking Revenue,88824.68,CLI_036
TX_00288,2025-02-25,Outflow,Operations,14250.86,
TX_00289,2025-02-26,Outflow,Operations,16640.33,
TX_00290,2025-02-27,Inflow,Booking Revenue,158645.25,CLI_019
TX_00291,2025-02-27,Inflow,Booking Revenue,103439.0,CLI_013
TX_00292,2025-02-27,Inflow,Booking Revenue,75157.15,CLI_018
TX_00293,2025-02-27,Outflow,Operations,8209.43,
TX_00294,2025-02-28,Inflow,Booking Revenue,39959.43,CLI_017
TX_00295,2025-02-28,Inflow,Booking Revenue,23936.38,CLI_028
TX_00296,2025-02-28,Outflow,Operations,9454.92,
TX_00297,2025-03-01,Inflow,Booking Revenue,50641.67,CLI_011
TX_00298,2025-03-01,Inflow,Booking Revenue,97969.29,CLI_036
TX_00299,2025-03-01,Inflow,Booking Revenue,29645.85,CLI_049
TX_00300,2025-03-01,Inflow,Booking Revenue,31285.61,CLI_020
TX_00301,2025-03-01,Inflow,Booking Revenue,58254.06,CLI_037
TX_00302,2025-03-01,Inflow,Booking Revenue,78421.67,CLI_010
TX_00303,2025-03-01,Inflow,Booking Revenue,169219.2,CLI_038
TX_00304,2025-03-01,Outflow,Operations,13197.71,
TX_00305,2025-03-02,Inflow,Booking Revenue,57538.57,CLI_013
TX_00306,2025-03-02,Inflow,Booking Revenue,253593.36,CLI_050
TX_00307,2025-03-02,Inflow,Booking Revenue,139250.75,CLI_036
TX_00308,2025-03-02,Inflow,Booking Revenue,157882.15,CLI_043
TX_00309,2025-03-02,Inflow,Booking Revenue,17642.39,CLI_025
TX_00310,2025-03-02,Outflow,Operations,5934.77,
TX_00311,2025-03-03,Inflow,Booking Revenue,86301.72,CLI_010
TX_00312,2025-03-03,Inflow,Booking Revenue,16667.58,CLI_036
TX_00313,2025-03-03,Inflow,Booking Revenue,121766.98,CLI_027
TX_00314,2025-03-03,Outflow,Operations,7114.69,
TX_00315,2025-03-04,Inflow,Booking Revenue,86930.38,CLI_034
TX_00316,2025-03-04,Inflow,Booking Revenue,53042.29,CLI_005
TX_00317,2025-03-04,Inflow,Booking Revenue,133742.91,CLI_042
TX_00318,2025-03-04,Inflow,Booking Revenue,36044.26,CLI_021
TX_00319,2025-03-04,Outflow,Operations,12632.61,
TX_00320,2025-03-05,Inflow,Booking Revenue,25335.21,CLI_023
TX_00321,2025-03-05,Inflow,Booking Revenue,147852.08,CLI_028
TX_00322,2025-03-05,Inflow,Booking Revenue,161998.26,CLI_017
TX_00323,2025-03-05,Inflow,Booking Revenue,72457.0,CLI_012
TX_00324,2025-03-05,Outflow,Operations,12660.04,
TX_00325,2025-03-06,Inflow,Booking Revenue,93990.82,CLI_014
TX_00326,2025-03-06,Inflow,Booking Revenue,108237.44,CLI_011
TX_00327,2025-03-06,Inflow,Booking Revenue,132880.03,CLI_006
TX_00328,2025-03-06,Inflow,Booking Revenue,120098.29,CLI_046
TX_00329,2025-03-06,Outflow,Operations,18095.09,
TX_00330,2025-03-07,Inflow,Booking Revenue,23726.86,CLI_045
TX_00331,2025-03-07,Inflow,Booking Revenue,148977.51,CLI_024
TX_00332,2025-03-07,Inflow,Booking Revenue,59516.34,CLI_039
TX_00333,2025-03-07,Inflow,Booking Revenue,70903.64,CLI_015
TX_00334,2025-03-07,Inflow,Booking Revenue,112227.54,CLI_014
TX_00335,2025-03-07,Inflow,Booking Revenue,174878.22,CLI_002
TX_00336,2025-03-07,Inflow,Booking Revenue,117322.61,CLI_017
TX_00337,2025-03-07,Outflow,Operations,17897.77,
TX_00338,2025-03-08,Inflow,Booking Revenue,190521.13,CLI_030
TX_00339,2025-03-08,Inflow,Booking Revenue,30386.81,CLI_049
TX_00340,2025-03-08,Inflow,Booking Revenue,60254.28,CLI_032
TX_00341,2025-03-08,Outflow,Operations,12980.2,
TX_00342,2025-03-09,Inflow,Booking Revenue,89652.4,CLI_035
TX_00343,2025-03-09,Inflow,Booking Revenue,21219.5,CLI_010
TX_00344,2025-03-09,Inflow,Booking Revenue,76463.59,CLI_005
TX_00345,2025-03-09,Outflow,Operations,18338.21,
TX_00346,2025-03-10,Inflow,Booking Revenue,36767.44,CLI_031
TX_00347,2025-03-10,Inflow,Booking Revenue,136495.77,CLI_021
TX_00348,2025-03-10,Inflow,Booking Revenue,86159.74,CLI_024
TX_00349,2025-03-10,Inflow,Booking Revenue,46354.86,CLI_019
TX_00350,2025-03-10,Inflow,Booking Revenue,74514.63,CLI_010
TX_00351,2025-03-10,Inflow,Booking Revenue,201091.85,CLI_005
TX_00352,2025-03-10,Outflow,Operations,16079.93,
TX_00353,2025-03-11,Inflow,Booking Revenue,170842.79,CLI_031
TX_00354,2025-03-11,Inflow,Booking Revenue,16894.64,CLI_031
TX_00355,2025-03-11,Inflow,Booking Revenue,28537.17,CLI_028
TX_00356,2025-03-11,Inflow,Booking Revenue,99907.43,CLI_017
TX_00357,2025-03-11,Inflow,Booking Revenue,94839.8,CLI_006
TX_00358,2025-03-11,Inflow,Booking Revenue,100515.47,CLI_008
TX_00359,2025-03-11,Inflow,Booking Revenue,31884.81,CLI_046
TX_00360,2025-03-11,Outflow,Operations,14804.55,
TX_00361,2025-03-12,Inflow,Booking Revenue,76322.67,CLI_003
TX_00362,2025-03-12,Inflow,Booking Revenue,46957.67,CLI_049
TX_00363,2025-03-12,Inflow,Booking Revenue,75197.81,CLI_021
TX_00364,2025-03-12,Inflow,Booking Revenue,246028.4,CLI_007
TX_00365,2025-03-12,Outflow,Operations,14164.6,
TX_00366,2025-03-13,Inflow,Booking Revenue,108300.75,CLI_043
TX_00367,2025-03-13,Inflow,Booking Revenue,137421.56,CLI_049
TX_00368,2025-03-13,Inflow,Booking Revenue,145405.46,CLI_029
TX_00369,2025-03-13,Inflow,Booking Revenue,115590.86,CLI_035
TX_00370,2025-03-13,Inflow,Booking Revenue,195629.97,CLI_020
TX_00371,2025-03-13,Inflow,Booking Revenue,126506.3,CLI_032
TX_00372,2025-03-13,Outflow,Operations,16170.34,
TX_00373,2025-03-14,Inflow,Booking Revenue,65297.34,CLI_038
TX_00374,2025-03-14,Inflow,Booking Revenue,19774.82,CLI_042
TX_00375,2025-03-14,Inflow,Booking Revenue,118346.22,CLI_022
TX_00376,2025-03-14,Outflow,Operations,5566.39,
TX_00377,2025-03-15,Inflow,Booking Revenue,19185.34,CLI_041
TX_00378,2025-03-15,Inflow,Booking Revenue,178318.64,CLI_028
TX_00379,2025-03-15,Inflow,Booking Revenue,160417.68,CLI_030
TX_00380,2025-03-15,Inflow,Booking Revenue,151525.61,CLI_024
TX_00381,2025-03-15,Outflow,Operations,13052.18,
TX_00382,2025-03-16,Inflow,Booking Revenue,170287.28,CLI_049
TX_00383,2025-03-16,Inflow,Booking Revenue,79117.01,CLI_031
TX_00384,2025-03-16,Inflow,Booking Revenue,56425.11,CLI_014
TX_00385,2025-03-16,Inflow,Booking Revenue,61656.9,CLI_023
TX_00386,2025-03-16,Outflow,Operations,16755.84,
TX_00387,2025-03-17,Inflow,Booking Revenue,107437.77,CLI_035
TX_00388,2025-03-17,Inflow,Booking Revenue,124636.95,CLI_016
TX_00389,2025-03-17,Inflow,Booking Revenue,107964.22,CLI_018
TX_00390,2025-03-17,Outflow,Operations,12268.82,
TX_00391,2025-03-18,Inflow,Booking Revenue,14899.98,CLI_010
TX_00392,2025-03-18,Inflow,Booking Revenue,18056.55,CLI_004
TX_00393,2025-03-18,Inflow,Booking Revenue,15618.52,CLI_002
TX_00394,2025-03-18,Inflow,Booking Revenue,38706.51,CLI_050
TX_00395,2025-03-18,Outflow,Operations,9033.12,
TX_00396,2025-03-19,Inflow,Booking Revenue,144926.44,CLI_034
TX_00397,2025-03-19,Inflow,Booking Revenue,182870.28,CLI_020
TX_00398,2025-03-19,Inflow,Booking Revenue,198189.78,CLI_015
TX_00399,2025-03-19,Inflow,Booking Revenue,146969.89,CLI_049
TX_00400,2025-03-19,Inflow,Booking Revenue,86021.25,CLI_017
TX_00401,2025-03-19,Inflow,Booking Revenue,63104.84,CLI_001
TX_00402,2025-03-19,Outflow,Operations,13429.63,
TX_00403,2025-03-20,Inflow,Booking Revenue,99780.79,CLI_035
TX_00404,2025-03-20,Inflow,Booking Revenue,12378.96,CLI_019
TX_00405,2025-03-20,Inflow,Booking Revenue,34537.1,CLI_002
TX_00406,2025-03-20,Outflow,Operations,16614.0,
TX_00407,2025-03-21,Inflow,Booking Revenue,208730.8,CLI_027
TX_00408,2025-03-21,Inflow,Booking Revenue,76751.61,CLI_042
TX_00409,2025-03-21,Inflow,Booking Revenue,101339.19,CLI_038
TX_00410,2025-03-21,Inflow,Booking Revenue,43354.98,CLI_027
TX_00411,2025-03-21,Inflow,Booking Revenue,23236.9,CLI_026
TX_00412,2025-03-21,Inflow,Booking Revenue,99185.53,CLI_014
TX_00413,2025-03-21,Inflow,Booking Revenue,169168.32,CLI_027
TX_00414,2025-03-21,Inflow,Booking Revenue,130285.42,CLI_024
TX_00415,2025-03-21,Inflow,Booking Revenue,117033.35,CLI_036
TX_00416,2025-03-21,Outflow,Operations,16194.59,
TX_00417,2025-03-22,Inflow,Booking Revenue,76410.47,CLI_045
TX_00418,2025-03-22,Inflow,Booking Revenue,36045.49,CLI_033
TX_00419,2025-03-22,Inflow,Booking Revenue,70831.89,CLI_019
TX_00420,2025-03-22,Inflow,Booking Revenue,58498.04,CLI_032
TX_00421,2025-03-22,Inflow,Booking Revenue,18081.07,CLI_050
TX_00422,2025-03-22,Outflow,Operations,5314.91,
TX_00423,2025-03-23,Inflow,Booking Revenue,141977.11,CLI_045
TX_00424,2025-03-23,Inflow,Booking Revenue,130395.44,CLI_006
TX_00425,2025-03-23,Inflow,Booking Revenue,53480.04,CLI_002
TX_00426,2025-03-23,Inflow,Booking Revenue,231601.23,CLI_007
TX_00427,2025-03-23,Inflow,Booking Revenue,30705.09,CLI_048
TX_00428,2025-03-23,Inflow,Booking Revenue,39994.21,CLI_025
TX_00429,2025-03-23,Outflow,Operations,11964.99,
TX_00430,2025-03-24,Inflow,Booking Revenue,27296.18,CLI_001
TX_00431,2025-03-24,Inflow,Booking Revenue,70464.85,CLI_031
TX_00432,2025-03-24,Inflow,Booking Revenue,151672.48,CLI_009
TX_00433,2025-03-24,Inflow,Booking Revenue,90239.05,CLI_012
TX_00434,2025-03-24,Inflow,Booking Revenue,37759.71,CLI_008
TX_00435,2025-03-24,Inflow,Booking Revenue,114779.74,CLI_036
TX_00436,2025-03-24,Outflow,Operations,5975.59,
TX_00437,2025-03-25,Inflow,Booking Revenue,37787.33,CLI_043
TX_00438,2025-03-25,Inflow,Booking Revenue,28161.88,CLI_037
TX_00439,2025-03-25,Inflow,Booking Revenue,152130.09,CLI_043
TX_00440,2025-03-25,Inflow,Booking Revenue,146050.72,CLI_040
TX_00441,2025-03-25,Inflow,Booking Revenue,236336.87,CLI_043
TX_00442,2025-03-25,Inflow,Booking Revenue,51087.88,CLI_029
TX_00443,2025-03-25,Inflow,Booking Revenue,14837.73,CLI_018
TX_00444,2025-03-25,Inflow,Booking Revenue,70215.84,CLI_021
TX_00445,2025-03-25,Outflow,Operations,11856.81,
TX_00446,2025-03-26,Inflow,Booking Revenue,96816.69,CLI_001
TX_00447,2025-03-26,Inflow,Booking Revenue,12506.14,CLI_047
TX_00448,2025-03-26,Outflow,Operations,6564.17,
TX_00449,2025-03-27,Inflow,Booking Revenue,94807.03,CLI_008
TX_00450,2025-03-27,Inflow,Booking Revenue,155578.66,CLI_009
TX_00451,2025-03-27,Inflow,Booking Revenue,142149.0,CLI_010
TX_00452,2025-03-27,Inflow,Booking Revenue,64815.99,CLI_049
TX_00453,2025-03-27,Inflow,Booking Revenue,164452.42,CLI_050
TX_00454,2025-03-27,Inflow,Booking Revenue,122381.81,CLI_036
TX_00455,2025-03-27,Inflow,Booking Revenue,58555.56,CLI_047
TX_00456,2025-03-27,Outflow,Operations,13837.1,
TX_00457,2025-03-28,Inflow,Booking Revenue,178296.84,CLI_018
TX_00458,2025-03-28,Inflow,Booking Revenue,173740.38,CLI_011
TX_00459,2025-03-28,Outflow,Operations,19970.31,
TX_00460,2025-03-29,Inflow,Booking Revenue,116909.37,CLI_019
TX_00461,2025-03-29,Inflow,Booking Revenue,150378.49,CLI_040
TX_00462,2025-03-29,Outflow,Operations,7876.99,
TX_00463,2025-03-30,Inflow,Booking Revenue,60807.42,CLI_045
TX_00464,2025-03-30,Inflow,Booking Revenue,20853.24,CLI_017
TX_00465,2025-03-30,Inflow,Booking Revenue,37037.43,CLI_008
TX_00466,2025-03-30,Inflow,Booking Revenue,31915.21,CLI_041
TX_00467,2025-03-30,Inflow,Booking Revenue,199209.67,CLI_014
TX_00468,2025-03-30,Inflow,Booking Revenue,224588.99,CLI_033
TX_00469,2025-03-30,Inflow,Booking Revenue,162639.2,CLI_016
TX_00470,2025-03-30,Outflow,Operations,13049.31,
TX_00471,2025-03-31,Inflow,Booking Revenue,242048.39,CLI_023
TX_00472,2025-03-31,Inflow,Booking Revenue,54913.74,CLI_021
TX_00473,2025-03-31,Inflow,Booking Revenue,34290.41,CLI_050
TX_00474,2025-03-31,Inflow,Booking Revenue,137769.27,CLI_022
TX_00475,2025-03-31,Outflow,Operations,18872.32,
TX_00476,2025-04-01,Inflow,Booking Revenue,233905.75,CLI_041
TX_00477,2025-04-01,Inflow,Booking Revenue,35527.51,CLI_043
TX_00478,2025-04-01,Inflow,Booking Revenue,135288.25,CLI_038
TX_00479,2025-04-01,Inflow,Booking Revenue,80199.44,CLI_017
TX_00480,2025-04-01,Outflow,Operations,13351.84,
TX_00481,2025-04-02,Inflow,Booking Revenue,78503.22,CLI_018
TX_00482,2025-04-02,Inflow,Booking Revenue,161757.35,CLI_027
TX_00483,2025-04-02,Inflow,Booking Revenue,103409.73,CLI_026
TX_00484,2025-04-02,Inflow,Booking Revenue,46451.84,CLI_036
TX_00485,2025-04-02,Inflow,Booking Revenue,167546.74,CLI_049
TX_00486,2025-04-02,Inflow,Booking Revenue,103819.84,CLI_040
TX_00487,2025-04-02,Outflow,Operations,10506.94,
TX_00488,2025-04-03,Inflow,Booking Revenue,135071.0,CLI_042
TX_00489,2025-04-03,Inflow,Booking Revenue,60931.0,CLI_016
TX_00490,2025-04-03,Outflow,Operations,18585.27,
TX_00491,2025-04-04,Inflow,Booking Revenue,152604.03,CLI_010
TX_00492,2025-04-04,Inflow,Booking Revenue,94050.05,CLI_011
TX_00493,2025-04-04,Inflow,Booking Revenue,143196.31,CLI_038
TX_00494,2025-04-04,Inflow,Booking Revenue,87731.23,CLI_022
TX_00495,2025-04-04,Outflow,Operations,8585.26,
TX_00496,2025-04-05,Inflow,Booking Revenue,169418.86,CLI_026
TX_00497,2025-04-05,Inflow,Booking Revenue,236371.84,CLI_014
TX_00498,2025-04-05,Inflow,Booking Revenue,149118.28,CLI_013
TX_00499,2025-04-05,Inflow,Booking Revenue,60065.1,CLI_013
TX_00500,2025-04-05,Inflow,Booking Revenue,143035.88,CLI_017
TX_00501,2025-04-05,Outflow,Operations,5169.04,
TX_00502,2025-04-06,Inflow,Booking Revenue,89764.44,CLI_015
TX_00503,2025-04-06,Inflow,Booking Revenue,117456.25,CLI_037
TX_00504,2025-04-06,Inflow,Booking Revenue,150245.7,CLI_008
TX_00505,2025-04-06,Inflow,Booking Revenue,160355.9,CLI_002
TX_00506,2025-04-06,Inflow,Booking Revenue,124512.05,CLI_031
TX_00507,2025-04-06,Outflow,Operations,8492.82,
TX_00508,2025-04-07,Inflow,Booking Revenue,78242.23,CLI_007
TX_00509,2025-04-07,Inflow,Booking Revenue,105651.28,CLI_010
TX_00510,2025-04-07,Inflow,Booking Revenue,189949.13,CLI_043
TX_00511,2025-04-07,Outflow,Operations,10125.11,
TX_00512,2025-04-08,Inflow,Booking Revenue,90090.51,CLI_010
TX_00513,2025-04-08,Inflow,Booking Revenue,68785.84,CLI_017
TX_00514,2025-04-08,Inflow,Booking Revenue,109828.47,CLI_009
TX_00515,2025-04-08,Outflow,Operations,15894.7,
TX_00516,2025-04-09,Inflow,Booking Revenue,40913.76,CLI_040
TX_00517,2025-04-09,Outflow,Operations,15396.98,
TX_00518,2025-04-10,Inflow,Booking Revenue,250863.11,CLI_030
TX_00519,2025-04-10,Inflow,Booking Revenue,174734.2,CLI_048
TX_00520,2025-04-10,Inflow,Booking Revenue,145896.34,CLI_050
TX_00521,2025-04-10,Outflow,Operations,12137.47,
TX_00522,2025-04-11,Inflow,Booking Revenue,134965.67,CLI_033
TX_00523,2025-04-11,Inflow,Booking Revenue,65875.22,CLI_021
TX_00524,2025-04-11,Inflow,Booking Revenue,86308.93,CLI_008
TX_00525,2025-04-11,Inflow,Booking Revenue,37002.97,CLI_036
TX_00526,2025-04-11,Inflow,Booking Revenue,190029.91,CLI_038
TX_00527,2025-04-11,Inflow,Booking Revenue,127893.25,CLI_019
TX_00528,2025-04-11,Inflow,Booking Revenue,58970.06,CLI_042
TX_00529,2025-04-11,Inflow,Booking Revenue,135770.58,CLI_049
TX_00530,2025-04-11,Outflow,Operations,14799.73,
TX_00531,2025-04-12,Inflow,Booking Revenue,101689.85,CLI_013
TX_00532,2025-04-12,Inflow,Booking Revenue,146641.73,CLI_008
TX_00533,2025-04-12,Inflow,Booking Revenue,121818.09,CLI_046
TX_00534,2025-04-12,Inflow,Booking Revenue,132929.66,CLI_023
TX_00535,2025-04-12,Inflow,Booking Revenue,198187.7,CLI_020
TX_00536,2025-04-12,Inflow,Booking Revenue,122518.2,CLI_031
TX_00537,2025-04-12,Outflow,Operations,14376.42,
TX_00538,2025-04-13,Inflow,Booking Revenue,96264.49,CLI_013
TX_00539,2025-04-13,Inflow,Booking Revenue,17598.86,CLI_001
TX_00540,2025-04-13,Inflow,Booking Revenue,121961.35,CLI_040
TX_00541,2025-04-13,Outflow,Operations,19634.58,
TX_00542,2025-04-14,Inflow,Booking Revenue,153400.0,CLI_043
TX_00543,2025-04-14,Inflow,Booking Revenue,41869.4,CLI_036
TX_00544,2025-04-14,Inflow,Booking Revenue,138321.46,CLI_042
TX_00545,2025-04-14,Inflow,Booking Revenue,130165.49,CLI_031
TX_00546,2025-04-14,Inflow,Booking Revenue,83625.21,CLI_001
TX_00547,2025-04-14,Inflow,Booking Revenue,252178.03,CLI_020
TX_00548,2025-04-14,Outflow,Operations,18021.85,
TX_00549,2025-04-15,Inflow,Booking Revenue,159344.78,CLI_007
TX_00550,2025-04-15,Inflow,Booking Revenue,82195.83,CLI_046
TX_00551,2025-04-15,Inflow,Booking Revenue,54861.42,CLI_024
TX_00552,2025-04-15,Inflow,Booking Revenue,22047.55,CLI_008
TX_00553,2025-04-15,Inflow,Booking Revenue,159931.13,CLI_017
TX_00554,2025-04-15,Outflow,Operations,11587.71,
TX_00555,2025-04-16,Inflow,Booking Revenue,81281.8,CLI_049
TX_00556,2025-04-16,Inflow,Booking Revenue,101833.38,CLI_017
TX_00557,2025-04-16,Outflow,Operations,10220.78,
TX_00558,2025-04-17,Inflow,Booking Revenue,85398.06,CLI_008
TX_00559,2025-04-17,Inflow,Booking Revenue,83391.17,CLI_039
TX_00560,2025-04-17,Inflow,Booking Revenue,17983.39,CLI_036
TX_00561,2025-04-17,Inflow,Booking Revenue,69285.79,CLI_029
TX_00562,2025-04-17,Outflow,Operations,16027.65,
TX_00563,2025-04-18,Inflow,Booking Revenue,105087.63,CLI_010
TX_00564,2025-04-18,Inflow,Booking Revenue,50452.55,CLI_047
TX_00565,2025-04-18,Inflow,Booking Revenue,114322.56,CLI_037
TX_00566,2025-04-18,Inflow,Booking Revenue,130514.87,CLI_045
TX_00567,2025-04-18,Inflow,Booking Revenue,60671.27,CLI_037
TX_00568,2025-04-18,Outflow,Operations,10706.49,
TX_00569,2025-04-19,Inflow,Booking Revenue,173885.13,CLI_030
TX_00570,2025-04-19,Inflow,Booking Revenue,14669.53,CLI_001
TX_00571,2025-04-19,Inflow,Booking Revenue,26796.98,CLI_013
TX_00572,2025-04-19,Outflow,Operations,13771.69,
TX_00573,2025-04-20,Inflow,Booking Revenue,50887.72,CLI_028
TX_00574,2025-04-20,Inflow,Booking Revenue,110243.1,CLI_012
TX_00575,2025-04-20,Inflow,Booking Revenue,50091.69,CLI_001
TX_00576,2025-04-20,Inflow,Booking Revenue,115145.96,CLI_005
TX_00577,2025-04-20,Inflow,Booking Revenue,153043.7,CLI_042
TX_00578,2025-04-20,Inflow,Booking Revenue,54812.76,CLI_035
TX_00579,2025-04-20,Outflow,Operations,7465.38,
TX_00580,2025-04-21,Inflow,Booking Revenue,236964.94,CLI_007
TX_00581,2025-04-21,Inflow,Booking Revenue,147729.91,CLI_044
TX_00582,2025-04-21,Inflow,Booking Revenue,218733.93,CLI_045
TX_00583,2025-04-21,Inflow,Booking Revenue,65972.34,CLI_044
TX_00584,2025-04-21,Inflow,Booking Revenue,51948.99,CLI_031
TX_00585,2025-04-21,Inflow,Booking Revenue,161925.44,CLI_038
TX_00586,2025-04-21,Inflow,Booking Revenue,28650.04,CLI_034
TX_00587,2025-04-21,Inflow,Booking Revenue,128961.55,CLI_050
TX_00588,2025-04-21,Inflow,Booking Revenue,27264.77,CLI_008
TX_00589,2025-04-21,Inflow,Booking Revenue,199072.55,CLI_033
TX_00590,2025-04-21,Inflow,Booking Revenue,42468.65,CLI_014
TX_00591,2025-04-21,Outflow,Operations,11967.1,
TX_00592,2025-04-22,Inflow,Booking Revenue,69191.24,CLI_014
TX_00593,2025-04-22,Inflow,Booking Revenue,37855.37,CLI_047
TX_00594,2025-04-22,Inflow,Booking Revenue,43111.4,CLI_040
TX_00595,2025-04-22,Inflow,Booking Revenue,186998.49,CLI_041
TX_00596,2025-04-22,Inflow,Booking Revenue,108988.25,CLI_021
TX_00597,2025-04-22,Inflow,Booking Revenue,176931.65,CLI_027
TX_00598,2025-04-22,Inflow,Booking Revenue,46750.05,CLI_038
TX_00599,2025-04-22,Outflow,Operations,9866.19,
TX_00600,2025-04-23,Inflow,Booking Revenue,64693.41,CLI_013
TX_00601,2025-04-23,Inflow,Booking Revenue,128239.86,CLI_010
TX_00602,2025-04-23,Outflow,Operations,5285.58,
TX_00603,2025-04-24,Inflow,Booking Revenue,178930.55,CLI_030
TX_00604,2025-04-24,Inflow,Booking Revenue,23213.82,CLI_004
TX_00605,2025-04-24,Inflow,Booking Revenue,83734.63,CLI_046
TX_00606,2025-04-24,Outflow,Operations,15731.94,
TX_00607,2025-04-25,Inflow,Booking Revenue,62393.31,CLI_036
TX_00608,2025-04-25,Inflow,Booking Revenue,67086.35,CLI_049
TX_00609,2025-04-25,Inflow,Booking Revenue,26341.11,CLI_010
TX_00610,2025-04-25,Inflow,Booking Revenue,100195.79,CLI_008
TX_00611,2025-04-25,Outflow,Operations,8596.51,
TX_00612,2025-04-26,Inflow,Booking Revenue,137558.29,CLI_017
TX_00613,2025-04-26,Inflow,Booking Revenue,16508.65,CLI_048
TX_00614,2025-04-26,Inflow,Booking Revenue,64842.83,CLI_017
TX_00615,2025-04-26,Inflow,Booking Revenue,57916.45,CLI_026
TX_00616,2025-04-26,Inflow,Booking Revenue,105644.74,CLI_009
TX_00617,2025-04-26,Inflow,Booking Revenue,58511.28,CLI_021
TX_00618,2025-04-26,Inflow,Booking Revenue,75064.25,CLI_047
TX_00619,2025-04-26,Outflow,Operations,17249.14,
TX_00620,2025-04-27,Inflow,Booking Revenue,97767.25,CLI_042
TX_00621,2025-04-27,Inflow,Booking Revenue,76505.95,CLI_038
TX_00622,2025-04-27,Inflow,Booking Revenue,32843.48,CLI_049
TX_00623,2025-04-27,Inflow,Booking Revenue,100048.95,CLI_021
TX_00624,2025-04-27,Inflow,Booking Revenue,198175.98,CLI_023
TX_00625,2025-04-27,Inflow,Booking Revenue,112914.03,CLI_034
TX_00626,2025-04-27,Inflow,Booking Revenue,140969.44,CLI_019
TX_00627,2025-04-27,Inflow,Booking Revenue,110250.11,CLI_016
TX_00628,2025-04-27,Outflow,Operations,14497.07,
TX_00629,2025-04-28,Inflow,Booking Revenue,88514.08,CLI_008
TX_00630,2025-04-28,Inflow,Booking Revenue,159894.99,CLI_024
TX_00631,2025-04-28,Inflow,Booking Revenue,86140.79,CLI_024
TX_00632,2025-04-28,Inflow,Booking Revenue,215119.56,CLI_022
TX_00633,2025-04-28,Inflow,Booking Revenue,72204.66,CLI_033
TX_00634,2025-04-28,Inflow,Booking Revenue,173531.56,CLI_039
TX_00635,2025-04-28,Inflow,Booking Revenue,20525.5,CLI_031
TX_00636,2025-04-28,Outflow,Operations,8429.32,
TX_00637,2025-04-29,Inflow,Booking Revenue,136492.91,CLI_015
TX_00638,2025-04-29,Inflow,Booking Revenue,160253.92,CLI_038
TX_00639,2025-04-29,Inflow,Booking Revenue,146944.99,CLI_009
TX_00640,2025-04-29,Inflow,Booking Revenue,173576.61,CLI_026
TX_00641,2025-04-29,Inflow,Booking Revenue,208059.58,CLI_027
TX_00642,2025-04-29,Inflow,Booking Revenue,175823.24,CLI_030
TX_00643,2025-04-29,Inflow,Booking Revenue,254098.41,CLI_020
TX_00644,2025-04-29,Inflow,Booking Revenue,175095.54,CLI_029
TX_00645,2025-04-29,Inflow,Booking Revenue,119135.69,CLI_003
TX_00646,2025-04-29,Inflow,Booking Revenue,36169.06,CLI_001
TX_00647,2025-04-29,Inflow,Booking Revenue,37786.75,CLI_026
TX_00648,2025-04-29,Inflow,Booking Revenue,206055.89,CLI_005
TX_00649,2025-04-29,Inflow,Booking Revenue,154742.91,CLI_008
TX_00650,2025-04-29,Inflow,Booking Revenue,162914.78,CLI_046
TX_00651,2025-04-29,Inflow,Booking Revenue,53820.91,CLI_029
TX_00652,2025-04-29,Inflow,Booking Revenue,159835.55,CLI_027
TX_00653,2025-04-29,Outflow,Operations,8344.36,
TX_00654,2025-04-30,Inflow,Booking Revenue,47717.4,CLI_017
TX_00655,2025-04-30,Inflow,Booking Revenue,157116.49,CLI_046
TX_00656,2025-04-30,Inflow,Booking Revenue,159793.95,CLI_021
TX_00657,2025-04-30,Inflow,Booking Revenue,62458.94,CLI_040
TX_00658,2025-04-30,Outflow,Operations,10684.55,
TX_00659,2025-05-01,Inflow,Booking Revenue,40035.85,CLI_041
TX_00660,2025-05-01,Inflow,Booking Revenue,34396.63,CLI_005
TX_00661,2025-05-01,Inflow,Booking Revenue,131466.94,CLI_019
TX_00662,2025-05-01,Inflow,Booking Revenue,135631.23,CLI_017
TX_00663,2025-05-01,Outflow,Operations,5795.66,
TX_00664,2025-05-02,Inflow,Booking Revenue,105336.45,CLI_025
TX_00665,2025-05-02,Inflow,Booking Revenue,63682.5,CLI_009
TX_00666,2025-05-02,Inflow,Booking Revenue,208004.97,CLI_038
TX_00667,2025-05-02,Inflow,Booking Revenue,116555.98,CLI_042
TX_00668,2025-05-02,Inflow,Booking Revenue,100875.32,CLI_010
TX_00669,2025-05-02,Inflow,Booking Revenue,165923.32,CLI_031
TX_00670,2025-05-02,Inflow,Booking Revenue,125785.43,CLI_001
TX_00671,2025-05-02,Inflow,Booking Revenue,19620.37,CLI_024
TX_00672,2025-05-02,Outflow,Operations,6480.12,
TX_00673,2025-05-03,Inflow,Booking Revenue,152204.67,CLI_010
TX_00674,2025-05-03,Inflow,Booking Revenue,115038.88,CLI_038
TX_00675,2025-05-03,Inflow,Booking Revenue,49576.21,CLI_022
TX_00676,2025-05-03,Outflow,Operations,10125.8,
TX_00677,2025-05-04,Inflow,Booking Revenue,172185.39,CLI_022
TX_00678,2025-05-04,Inflow,Booking Revenue,27118.52,CLI_023
TX_00679,2025-05-04,Inflow,Booking Revenue,92437.21,CLI_007
TX_00680,2025-05-04,Inflow,Booking Revenue,161521.29,CLI_049
TX_00681,2025-05-04,Inflow,Booking Revenue,219350.22,CLI_006
TX_00682,2025-05-04,Outflow,Operations,9410.45,
TX_00683,2025-05-05,Inflow,Booking Revenue,180173.85,CLI_045
TX_00684,2025-05-05,Inflow,Booking Revenue,46882.48,CLI_002
TX_00685,2025-05-05,Inflow,Booking Revenue,76217.53,CLI_048
TX_00686,2025-05-05,Inflow,Booking Revenue,97579.9,CLI_042
TX_00687,2025-05-05,Inflow,Booking Revenue,15800.69,CLI_019
TX_00688,2025-05-05,Outflow,Operations,17578.38,
TX_00689,2025-05-06,Inflow,Booking Revenue,249689.24,CLI_043
TX_00690,2025-05-06,Inflow,Booking Revenue,247829.35,CLI_043
TX_00691,2025-05-06,Inflow,Booking Revenue,140057.71,CLI_037
TX_00692,2025-05-06,Inflow,Booking Revenue,90799.41,CLI_013
TX_00693,2025-05-06,Inflow,Booking Revenue,108482.77,CLI_029
TX_00694,2025-05-06,Outflow,Operations,10977.39,
TX_00695,2025-05-07,Inflow,Booking Revenue,106866.2,CLI_045
TX_00696,2025-05-07,Inflow,Booking Revenue,60588.6,CLI_028
TX_00697,2025-05-07,Inflow,Booking Revenue,82681.64,CLI_003
TX_00698,2025-05-07,Outflow,Operations,18319.72,
TX_00699,2025-05-08,Inflow,Booking Revenue,19024.75,CLI_018
TX_00700,2025-05-08,Inflow,Booking Revenue,34662.55,CLI_010
TX_00701,2025-05-08,Inflow,Booking Revenue,204389.99,CLI_045
TX_00702,2025-05-08,Inflow,Booking Revenue,71020.19,CLI_036
TX_00703,2025-05-08,Inflow,Booking Revenue,63216.83,CLI_017
TX_00704,2025-05-08,Outflow,Operations,19120.11,
TX_00705,2025-05-09,Inflow,Booking Revenue,108871.74,CLI_036
TX_00706,2025-05-09,Inflow,Booking Revenue,211750.67,CLI_014
TX_00707,2025-05-09,Inflow,Booking Revenue,242976.49,CLI_041
TX_00708,2025-05-09,Inflow,Booking Revenue,76806.43,CLI_044
TX_00709,2025-05-09,Outflow,Operations,6789.68,
TX_00710,2025-05-10,Inflow,Booking Revenue,132319.16,CLI_002
TX_00711,2025-05-10,Inflow,Booking Revenue,128096.86,CLI_020
TX_00712,2025-05-10,Inflow,Booking Revenue,27069.84,CLI_050
TX_00713,2025-05-10,Inflow,Booking Revenue,239106.32,CLI_011
TX_00714,2025-05-10,Inflow,Booking Revenue,125158.11,CLI_010
TX_00715,2025-05-10,Outflow,Operations,16126.64,
TX_00716,2025-05-11,Inflow,Booking Revenue,64191.09,CLI_040
TX_00717,2025-05-11,Inflow,Booking Revenue,180306.86,CLI_050
TX_00718,2025-05-11,Inflow,Booking Revenue,253135.5,CLI_015
TX_00719,2025-05-11,Inflow,Booking Revenue,63194.38,CLI_023
TX_00720,2025-05-11,Outflow,Operations,6973.0,
TX_00721,2025-05-12,Inflow,Booking Revenue,229029.83,CLI_011
TX_00722,2025-05-12,Inflow,Booking Revenue,62745.45,CLI_012
TX_00723,2025-05-12,Inflow,Booking Revenue,135134.2,CLI_021
TX_00724,2025-05-12,Inflow,Booking Revenue,185492.64,CLI_032
TX_00725,2025-05-12,Outflow,Operations,11720.69,
TX_00726,2025-05-13,Inflow,Booking Revenue,211959.67,CLI_043
TX_00727,2025-05-13,Inflow,Booking Revenue,49362.4,CLI_037
TX_00728,2025-05-13,Inflow,Booking Revenue,69285.25,CLI_027
TX_00729,2025-05-13,Inflow,Booking Revenue,98664.54,CLI_015
TX_00730,2025-05-13,Inflow,Booking Revenue,154567.38,CLI_047
TX_00731,2025-05-13,Outflow,Operations,8596.22,
TX_00732,2025-05-14,Inflow,Booking Revenue,143644.21,CLI_005
TX_00733,2025-05-14,Inflow,Booking Revenue,91576.87,CLI_027
TX_00734,2025-05-14,Inflow,Booking Revenue,51813.46,CLI_017
TX_00735,2025-05-14,Inflow,Booking Revenue,16768.63,CLI_048
TX_00736,2025-05-14,Inflow,Booking Revenue,154340.19,CLI_010
TX_00737,2025-05-14,Outflow,Operations,14796.69,
TX_00738,2025-05-15,Inflow,Booking Revenue,151286.18,CLI_022
TX_00739,2025-05-15,Inflow,Booking Revenue,43962.77,CLI_035
TX_00740,2025-05-15,Inflow,Booking Revenue,165199.19,CLI_026
TX_00741,2025-05-15,Inflow,Booking Revenue,125976.43,CLI_026
TX_00742,2025-05-15,Inflow,Booking Revenue,155834.95,CLI_040
TX_00743,2025-05-15,Inflow,Booking Revenue,70584.64,CLI_036
TX_00744,2025-05-15,Inflow,Booking Revenue,103143.42,CLI_047
TX_00745,2025-05-15,Inflow,Booking Revenue,163331.37,CLI_040
TX_00746,2025-05-15,Outflow,Operations,14196.14,
TX_00747,2025-05-16,Inflow,Booking Revenue,42344.27,CLI_021
TX_00748,2025-05-16,Inflow,Booking Revenue,166612.61,CLI_042
TX_00749,2025-05-16,Inflow,Booking Revenue,129367.71,CLI_033
TX_00750,2025-05-16,Inflow,Booking Revenue,14852.26,CLI_039
TX_00751,2025-05-16,Inflow,Booking Revenue,146724.09,CLI_002
TX_00752,2025-05-16,Inflow,Booking Revenue,107148.31,CLI_037
TX_00753,2025-05-16,Outflow,Operations,8846.19,
TX_00754,2025-05-17,Inflow,Booking Revenue,120236.02,CLI_005
TX_00755,2025-05-17,Outflow,Operations,8865.45,
TX_00756,2025-05-18,Inflow,Booking Revenue,102082.55,CLI_035
TX_00757,2025-05-18,Inflow,Booking Revenue,72913.78,CLI_049
TX_00758,2025-05-18,Inflow,Booking Revenue,58543.24,CLI_042
TX_00759,2025-05-18,Inflow,Booking Revenue,63311.87,CLI_033
TX_00760,2025-05-18,Outflow,Operations,15852.74,
TX_00761,2025-05-19,Inflow,Booking Revenue,35647.32,CLI_009
TX_00762,2025-05-19,Inflow,Booking Revenue,222976.11,CLI_022
TX_00763,2025-05-19,Inflow,Booking Revenue,100618.96,CLI_014
TX_00764,2025-05-19,Inflow,Booking Revenue,34355.31,CLI_036
TX_00765,2025-05-19,Outflow,Operations,9782.95,
TX_00766,2025-05-20,Inflow,Booking Revenue,36753.87,CLI_024
TX_00767,2025-05-20,Inflow,Booking Revenue,234862.45,CLI_020
TX_00768,2025-05-20,Inflow,Booking Revenue,122029.49,CLI_020
TX_00769,2025-05-20,Outflow,Operations,18278.69,
TX_00770,2025-05-21,Inflow,Booking Revenue,157451.14,CLI_015
TX_00771,2025-05-21,Inflow,Booking Revenue,164552.96,CLI_029
TX_00772,2025-05-21,Inflow,Booking Revenue,190273.29,CLI_006
TX_00773,2025-05-21,Inflow,Booking Revenue,99297.21,CLI_021
TX_00774,2025-05-21,Inflow,Booking Revenue,148227.7,CLI_020
TX_00775,2025-05-21,Inflow,Booking Revenue,134704.55,CLI_026
TX_00776,2025-05-21,Inflow,Booking Revenue,184868.65,CLI_007
TX_00777,2025-05-21,Inflow,Booking Revenue,125719.23,CLI_019
TX_00778,2025-05-21,Inflow,Booking Revenue,104544.59,CLI_030
TX_00779,2025-05-21,Outflow,Operations,13111.51,
TX_00780,2025-05-22,Inflow,Booking Revenue,76546.42,CLI_022
TX_00781,2025-05-22,Inflow,Booking Revenue,118959.85,CLI_008
TX_00782,2025-05-22,Inflow,Booking Revenue,251286.09,CLI_006
TX_00783,2025-05-22,Outflow,Operations,14569.02,
TX_00784,2025-05-23,Inflow,Booking Revenue,171111.6,CLI_011
TX_00785,2025-05-23,Inflow,Booking Revenue,79779.3,CLI_032
TX_00786,2025-05-23,Inflow,Booking Revenue,57346.12,CLI_043
TX_00787,2025-05-23,Inflow,Booking Revenue,83206.89,CLI_050
TX_00788,2025-05-23,Outflow,Operations,12707.56,
TX_00789,2025-05-24,Inflow,Booking Revenue,156619.17,CLI_025
TX_00790,2025-05-24,Inflow,Booking Revenue,135193.39,CLI_004
TX_00791,2025-05-24,Inflow,Booking Revenue,66391.13,CLI_001
TX_00792,2025-05-24,Inflow,Booking Revenue,112905.08,CLI_038
TX_00793,2025-05-24,Inflow,Booking Revenue,143604.96,CLI_014
TX_00794,2025-05-24,Outflow,Operations,17652.15,
TX_00795,2025-05-25,Inflow,Booking Revenue,100839.47,CLI_032
TX_00796,2025-05-25,Inflow,Booking Revenue,53737.25,CLI_007
TX_00797,2025-05-25,Inflow,Booking Revenue,117937.67,CLI_043
TX_00798,2025-05-25,Inflow,Booking Revenue,130058.3,CLI_033
TX_00799,2025-05-25,Inflow,Booking Revenue,138874.77,CLI_047
TX_00800,2025-05-25,Inflow,Booking Revenue,143570.19,CLI_013
TX_00801,2025-05-25,Outflow,Operations,10578.96,
TX_00802,2025-05-26,Inflow,Booking Revenue,28810.47,CLI_005
TX_00803,2025-05-26,Inflow,Booking Revenue,135694.34,CLI_040
TX_00804,2025-05-26,Inflow,Booking Revenue,132385.88,CLI_038
TX_00805,2025-05-26,Inflow,Booking Revenue,63139.93,CLI_014
TX_00806,2025-05-26,Outflow,Operations,12421.72,
TX_00807,2025-05-27,Inflow,Booking Revenue,96336.91,CLI_026
TX_00808,2025-05-27,Inflow,Booking Revenue,99635.74,CLI_026
TX_00809,2025-05-27,Inflow,Booking Revenue,173075.45,CLI_027
TX_00810,2025-05-27,Inflow,Booking Revenue,139380.58,CLI_036
TX_00811,2025-05-27,Inflow,Booking Revenue,165982.77,CLI_013
TX_00812,2025-05-27,Outflow,Operations,9048.78,
TX_00813,2025-05-28,Inflow,Booking Revenue,60280.49,CLI_037
TX_00814,2025-05-28,Inflow,Booking Revenue,121875.25,CLI_046
TX_00815,2025-05-28,Inflow,Booking Revenue,175776.66,CLI_038
TX_00816,2025-05-28,Outflow,Operations,18261.64,
TX_00817,2025-05-29,Inflow,Booking Revenue,116470.6,CLI_011
TX_00818,2025-05-29,Inflow,Booking Revenue,149167.32,CLI_046
TX_00819,2025-05-29,Inflow,Booking Revenue,49807.53,CLI_012
TX_00820,2025-05-29,Outflow,Operations,7535.95,
TX_00821,2025-05-30,Inflow,Booking Revenue,49323.57,CLI_034
TX_00822,2025-05-30,Inflow,Booking Revenue,87121.45,CLI_005
TX_00823,2025-05-30,Inflow,Booking Revenue,77033.86,CLI_024
TX_00824,2025-05-30,Inflow,Booking Revenue,128015.07,CLI_006
TX_00825,2025-05-30,Outflow,Operations,14066.74,
TX_00826,2025-05-31,Inflow,Booking Revenue,156455.93,CLI_034
TX_00827,2025-05-31,Inflow,Booking Revenue,161239.22,CLI_038
TX_00828,2025-05-31,Inflow,Booking Revenue,78591.65,CLI_037
TX_00829,2025-05-31,Inflow,Booking Revenue,142571.18,CLI_025
TX_00830,2025-05-31,Inflow,Booking Revenue,84129.71,CLI_008
TX_00831,2025-05-31,Inflow,Booking Revenue,90230.73,CLI_047
TX_00832,2025-05-31,Inflow,Booking Revenue,123097.12,CLI_006
TX_00833,2025-05-31,Outflow,Operations,17893.45,
TX_00834,2025-06-01,Inflow,Booking Revenue,65579.05,CLI_027
TX_00835,2025-06-01,Inflow,Booking Revenue,16913.54,CLI_040
TX_00836,2025-06-01,Inflow,Booking Revenue,184487.23,CLI_006
TX_00837,2025-06-01,Inflow,Booking Revenue,77703.98,CLI_026
TX_00838,2025-06-01,Inflow,Booking Revenue,141941.94,CLI_044
TX_00839,2025-06-01,Inflow,Booking Revenue,226194.12,CLI_033
TX_00840,2025-06-01,Inflow,Booking Revenue,168402.86,CLI_021
TX_00841,2025-06-01,Outflow,Operations,11320.34,
TX_00842,2025-06-02,Inflow,Booking Revenue,68920.14,CLI_016
TX_00843,2025-06-02,Inflow,Booking Revenue,166727.99,CLI_009
TX_00844,2025-06-02,Inflow,Booking Revenue,110284.49,CLI_032
TX_00845,2025-06-02,Inflow,Booking Revenue,32549.74,CLI_037
TX_00846,2025-06-02,Inflow,Booking Revenue,178861.18,CLI_030
TX_00847,2025-06-02,Inflow,Booking Revenue,112922.83,CLI_003
TX_00848,2025-06-02,Inflow,Booking Revenue,47472.65,CLI_012
TX_00849,2025-06-02,Inflow,Booking Revenue,70432.17,CLI_037
TX_00850,2025-06-02,Outflow,Operations,5772.63,
TX_00851,2025-06-03,Inflow,Booking Revenue,62363.24,CLI_024
TX_00852,2025-06-03,Inflow,Booking Revenue,57164.27,CLI_002
TX_00853,2025-06-03,Inflow,Booking Revenue,238409.46,CLI_006
TX_00854,2025-06-03,Inflow,Booking Revenue,113972.67,CLI_042
TX_00855,2025-06-03,Inflow,Booking Revenue,71870.05,CLI_002
TX_00856,2025-06-03,Inflow,Booking Revenue,158085.66,CLI_042
TX_00857,2025-06-03,Outflow,Operations,19599.3,
TX_00858,2025-06-04,Inflow,Booking Revenue,35238.8,CLI_011
TX_00859,2025-06-04,Inflow,Booking Revenue,88514.26,CLI_012
TX_00860,2025-06-04,Inflow,Booking Revenue,166211.03,CLI_025
TX_00861,2025-06-04,Inflow,Booking Revenue,123035.0,CLI_018
TX_00862,2025-06-04,Inflow,Booking Revenue,157105.63,CLI_048
TX_00863,2025-06-04,Outflow,Operations,19171.26,
TX_00864,2025-06-05,Inflow,Booking Revenue,198184.55,CLI_038
TX_00865,2025-06-05,Inflow,Booking Revenue,92015.91,CLI_027
TX_00866,2025-06-05,Outflow,Operations,13696.13,
TX_00867,2025-06-06,Inflow,Booking Revenue,18154.19,CLI_019
TX_00868,2025-06-06,Inflow,Booking Revenue,16534.86,CLI_024
TX_00869,2025-06-06,Inflow,Booking Revenue,112500.66,CLI_018
TX_00870,2025-06-06,Inflow,Booking Revenue,170281.24,CLI_004
TX_00871,2025-06-06,Inflow,Booking Revenue,253816.71,CLI_023
TX_00872,2025-06-06,Inflow,Booking Revenue,74064.98,CLI_040
TX_00873,2025-06-06,Inflow,Booking Revenue,101004.47,CLI_027
TX_00874,2025-06-06,Inflow,Booking Revenue,95843.64,CLI_003
TX_00875,2025-06-06,Inflow,Booking Revenue,30029.6,CLI_018
TX_00876,2025-06-06,Inflow,Booking Revenue,159502.24,CLI_009
TX_00877,2025-06-06,Inflow,Booking Revenue,159220.05,CLI_004
TX_00878,2025-06-06,Inflow,Booking Revenue,122107.69,CLI_041
TX_00879,2025-06-06,Outflow,Operations,7101.14,
TX_00880,2025-06-07,Inflow,Booking Revenue,22780.71,CLI_020
TX_00881,2025-06-07,Inflow,Booking Revenue,156928.14,CLI_028
TX_00882,2025-06-07,Inflow,Booking Revenue,122688.96,CLI_048
TX_00883,2025-06-07,Inflow,Booking Revenue,68518.49,CLI_026
TX_00884,2025-06-07,Inflow,Booking Revenue,90860.62,CLI_044
TX_00885,2025-06-07,Inflow,Booking Revenue,95176.39,CLI_035
TX_00886,2025-06-07,Outflow,Operations,6426.32,
TX_00887,2025-06-08,Inflow,Booking Revenue,207870.41,CLI_005
TX_00888,2025-06-08,Inflow,Booking Revenue,70679.24,CLI_043
TX_00889,2025-06-08,Inflow,Booking Revenue,154238.72,CLI_011
TX_00890,2025-06-08,Inflow,Booking Revenue,244929.12,CLI_027
TX_00891,2025-06-08,Inflow,Booking Revenue,105673.91,CLI_037
TX_00892,2025-06-08,Inflow,Booking Revenue,105276.04,CLI_020
TX_00893,2025-06-08,Outflow,Operations,16785.84,
TX_00894,2025-06-09,Inflow,Booking Revenue,88893.93,CLI_028
TX_00895,2025-06-09,Inflow,Booking Revenue,33595.32,CLI_046
TX_00896,2025-06-09,Inflow,Booking Revenue,171171.45,CLI_015
TX_00897,2025-06-09,Inflow,Booking Revenue,53126.14,CLI_038
TX_00898,2025-06-09,Outflow,Operations,19411.06,
TX_00899,2025-06-10,Inflow,Booking Revenue,62924.14,CLI_013
TX_00900,2025-06-10,Inflow,Booking Revenue,69658.59,CLI_022
TX_00901,2025-06-10,Inflow,Booking Revenue,120851.95,CLI_016
TX_00902,2025-06-10,Inflow,Booking Revenue,12274.84,CLI_031
TX_00903,2025-06-10,Inflow,Booking Revenue,30360.01,CLI_043
TX_00904,2025-06-10,Inflow,Booking Revenue,157880.69,CLI_028
TX_00905,2025-06-10,Inflow,Booking Revenue,68495.62,CLI_010
TX_00906,2025-06-10,Inflow,Booking Revenue,132960.05,CLI_026
TX_00907,2025-06-10,Inflow,Booking Revenue,177405.38,CLI_033
TX_00908,2025-06-10,Outflow,Operations,18241.89,
TX_00909,2025-06-11,Inflow,Booking Revenue,194705.19,CLI_043
TX_00910,2025-06-11,Inflow,Booking Revenue,15381.25,CLI_042
TX_00911,2025-06-11,Inflow,Booking Revenue,209181.96,CLI_033
TX_00912,2025-06-11,Inflow,Booking Revenue,134339.98,CLI_016
TX_00913,2025-06-11,Inflow,Booking Revenue,163289.26,CLI_034
TX_00914,2025-06-11,Outflow,Operations,12963.86,
TX_00915,2025-06-12,Inflow,Booking Revenue,86841.04,CLI_028
TX_00916,2025-06-12,Inflow,Booking Revenue,103028.09,CLI_002
TX_00917,2025-06-12,Inflow,Booking Revenue,47999.7,CLI_019
TX_00918,2025-06-12,Inflow,Booking Revenue,179724.97,CLI_041
TX_00919,2025-06-12,Inflow,Booking Revenue,128624.32,CLI_044
TX_00920,2025-06-12,Outflow,Operations,10351.18,
TX_00921,2025-06-13,Inflow,Booking Revenue,112227.67,CLI_031
TX_00922,2025-06-13,Inflow,Booking Revenue,41052.8,CLI_018
TX_00923,2025-06-13,Inflow,Booking Revenue,148539.82,CLI_044
TX_00924,2025-06-13,Inflow,Booking Revenue,62289.21,CLI_048
TX_00925,2025-06-13,Inflow,Booking Revenue,82522.45,CLI_005
TX_00926,2025-06-13,Inflow,Booking Revenue,50454.24,CLI_048
TX_00927,2025-06-13,Inflow,Booking Revenue,175598.75,CLI_011
TX_00928,2025-06-13,Inflow,Booking Revenue,90101.31,CLI_025
TX_00929,2025-06-13,Inflow,Booking Revenue,107176.21,CLI_036
TX_00930,2025-06-13,Inflow,Booking Revenue,159721.35,CLI_035
TX_00931,2025-06-13,Inflow,Booking Revenue,97569.82,CLI_038
TX_00932,2025-06-13,Outflow,Operations,16022.62,
TX_00933,2025-06-14,Inflow,Booking Revenue,211996.89,CLI_030
TX_00934,2025-06-14,Inflow,Booking Revenue,207304.03,CLI_022
TX_00935,2025-06-14,Inflow,Booking Revenue,132165.25,CLI_003
TX_00936,2025-06-14,Inflow,Booking Revenue,58008.41,CLI_044
TX_00937,2025-06-14,Inflow,Booking Revenue,142946.15,CLI_033
TX_00938,2025-06-14,Inflow,Booking Revenue,224847.18,CLI_005
TX_00939,2025-06-14,Inflow,Booking Revenue,158135.07,CLI_036
TX_00940,2025-06-14,Inflow,Booking Revenue,57110.4,CLI_016
TX_00941,2025-06-14,Inflow,Booking Revenue,20162.84,CLI_040
TX_00942,2025-06-14,Outflow,Operations,19978.08,
TX_00943,2025-06-15,Inflow,Booking Revenue,142489.34,CLI_043
TX_00944,2025-06-15,Inflow,Booking Revenue,94065.82,CLI_012
TX_00945,2025-06-15,Inflow,Booking Revenue,100264.31,CLI_007
TX_00946,2025-06-15,Inflow,Booking Revenue,129033.43,CLI_021
TX_00947,2025-06-15,Inflow,Booking Revenue,51852.58,CLI_011
TX_00948,2025-06-15,Outflow,Operations,17916.28,
TX_00949,2025-06-16,Inflow,Booking Revenue,58333.02,CLI_005
TX_00950,2025-06-16,Inflow,Booking Revenue,87903.82,CLI_049
TX_00951,2025-06-16,Inflow,Booking Revenue,88124.08,CLI_049
TX_00952,2025-06-16,Inflow,Booking Revenue,36115.84,CLI_012
TX_00953,2025-06-16,Inflow,Booking Revenue,137725.46,CLI_039
TX_00954,2025-06-16,Inflow,Booking Revenue,78373.16,CLI_010
TX_00955,2025-06-16,Inflow,Booking Revenue,121117.28,CLI_005
TX_00956,2025-06-16,Inflow,Booking Revenue,41230.53,CLI_008
TX_00957,2025-06-16,Inflow,Booking Revenue,99878.28,CLI_003
TX_00958,2025-06-16,Outflow,Operations,16837.9,
TX_00959,2025-06-17,Inflow,Booking Revenue,24105.75,CLI_046
TX_00960,2025-06-17,Inflow,Booking Revenue,142509.36,CLI_034
TX_00961,2025-06-17,Inflow,Booking Revenue,64591.85,CLI_010
TX_00962,2025-06-17,Inflow,Booking Revenue,20823.83,CLI_028
TX_00963,2025-06-17,Inflow,Booking Revenue,15563.79,CLI_003
TX_00964,2025-06-17,Inflow,Booking Revenue,69401.23,CLI_029
TX_00965,2025-06-17,Outflow,Operations,18739.46,
TX_00966,2025-06-18,Inflow,Booking Revenue,79931.57,CLI_040
TX_00967,2025-06-18,Inflow,Booking Revenue,77309.29,CLI_032
TX_00968,2025-06-18,Inflow,Booking Revenue,35877.11,CLI_022
TX_00969,2025-06-18,Inflow,Booking Revenue,123148.13,CLI_015
TX_00970,2025-06-18,Inflow,Booking Revenue,77413.54,CLI_034
TX_00971,2025-06-18,Outflow,Operations,18794.12,
TX_00972,2025-06-19,Inflow,Booking Revenue,70197.41,CLI_029
TX_00973,2025-06-19,Inflow,Booking Revenue,149395.15,CLI_008
TX_00974,2025-06-19,Outflow,Operations,7110.84,
TX_00975,2025-06-20,Inflow,Booking Revenue,151554.03,CLI_029
TX_00976,2025-06-20,Inflow,Booking Revenue,154203.54,CLI_024
TX_00977,2025-06-20,Inflow,Booking Revenue,41924.73,CLI_029
TX_00978,2025-06-20,Inflow,Booking Revenue,46009.84,CLI_017
TX_00979,2025-06-20,Inflow,Booking Revenue,111915.52,CLI_010
TX_00980,2025-06-20,Outflow,Operations,13070.61,
TX_00981,2025-06-21,Inflow,Booking Revenue,49348.2,CLI_017
TX_00982,2025-06-21,Inflow,Booking Revenue,59769.52,CLI_039
TX_00983,2025-06-21,Inflow,Booking Revenue,60007.72,CLI_041
TX_00984,2025-06-21,Inflow,Booking Revenue,220408.4,CLI_015
TX_00985,2025-06-21,Outflow,Operations,10959.0,
TX_00986,2025-06-22,Inflow,Booking Revenue,123267.71,CLI_027
TX_00987,2025-06-22,Inflow,Booking Revenue,166712.93,CLI_003
TX_00988,2025-06-22,Inflow,Booking Revenue,49249.13,CLI_038
TX_00989,2025-06-22,Inflow,Booking Revenue,203834.03,CLI_020
TX_00990,2025-06-22,Inflow,Booking Revenue,137859.03,CLI_017
TX_00991,2025-06-22,Inflow,Booking Revenue,81192.28,CLI_042
TX_00992,2025-06-22,Outflow,Operations,19004.75,
TX_00993,2025-06-23,Inflow,Booking Revenue,175074.81,CLI_028
TX_00994,2025-06-23,Inflow,Booking Revenue,178704.91,CLI_016
TX_00995,2025-06-23,Inflow,Booking Revenue,166001.08,CLI_037
TX_00996,2025-06-23,Inflow,Booking Revenue,137329.64,CLI_036
TX_00997,2025-06-23,Inflow,Booking Revenue,176054.89,CLI_034
TX_00998,2025-06-23,Inflow,Booking Revenue,257792.17,CLI_030
TX_00999,2025-06-23,Inflow,Booking Revenue,42665.21,CLI_015
TX_01000,2025-06-23,Outflow,Operations,18976.57,
TX_01001,2025-06-24,Inflow,Booking Revenue,126377.52,CLI_047
TX_01002,2025-06-24,Inflow,Booking Revenue,104155.65,CLI_017
TX_01003,2025-06-24,Inflow,Booking Revenue,151366.44,CLI_019
TX_01004,2025-06-24,Inflow,Booking Revenue,88931.71,CLI_030
TX_01005,2025-06-24,Inflow,Booking Revenue,107197.23,CLI_007
TX_01006,2025-06-24,Inflow,Booking Revenue,219245.05,CLI_020
TX_01007,2025-06-24,Inflow,Booking Revenue,16489.93,CLI_040
TX_01008,2025-06-24,Inflow,Booking Revenue,170247.96,CLI_008
TX_01009,2025-06-24,Inflow,Booking Revenue,17135.96,CLI_020
TX_01010,2025-06-24,Outflow,Operations,10189.89,
TX_01011,2025-06-25,Inflow,Booking Revenue,138406.23,CLI_014
TX_01012,2025-06-25,Inflow,Booking Revenue,29645.82,CLI_025
TX_01013,2025-06-25,Inflow,Booking Revenue,37134.29,CLI_017
TX_01014,2025-06-25,Inflow,Booking Revenue,168234.44,CLI_025
TX_01015,2025-06-25,Inflow,Booking Revenue,195823.62,CLI_014
TX_01016,2025-06-25,Outflow,Operations,15595.58,
TX_01017,2025-06-26,Inflow,Booking Revenue,80903.91,CLI_036
TX_01018,2025-06-26,Inflow,Booking Revenue,126563.41,CLI_045
TX_01019,2025-06-26,Inflow,Booking Revenue,56634.19,CLI_007
TX_01020,2025-06-26,Inflow,Booking Revenue,99719.74,CLI_036
TX_01021,2025-06-26,Inflow,Booking Revenue,151576.95,CLI_047
TX_01022,2025-06-26,Inflow,Booking Revenue,28852.45,CLI_026
TX_01023,2025-06-26,Inflow,Booking Revenue,125900.64,CLI_020
TX_01024,2025-06-26,Inflow,Booking Revenue,94073.27,CLI_011
TX_01025,2025-06-26,Inflow,Booking Revenue,166343.83,CLI_023
TX_01026,2025-06-26,Inflow,Booking Revenue,226870.3,CLI_050
TX_01027,2025-06-26,Inflow,Booking Revenue,84221.68,CLI_047
TX_01028,2025-06-26,Inflow,Booking Revenue,188123.54,CLI_006
TX_01029,2025-06-26,Inflow,Booking Revenue,132072.23,CLI_017
TX_01030,2025-06-26,Inflow,Booking Revenue,191641.91,CLI_022
TX_01031,2025-06-26,Outflow,Operations,19276.02,
TX_01032,2025-06-27,Inflow,Booking Revenue,70660.64,CLI_042
TX_01033,2025-06-27,Inflow,Booking Revenue,39496.1,CLI_050
TX_01034,2025-06-27,Inflow,Booking Revenue,128394.77,CLI_033
TX_01035,2025-06-27,Inflow,Booking Revenue,173602.47,CLI_031
TX_01036,2025-06-27,Inflow,Booking Revenue,176971.27,CLI_030
TX_01037,2025-06-27,Inflow,Booking Revenue,164803.8,CLI_028
TX_01038,2025-06-27,Outflow,Operations,10578.35,
TX_01039,2025-06-28,Inflow,Booking Revenue,62807.79,CLI_034
TX_01040,2025-06-28,Inflow,Booking Revenue,52634.04,CLI_016
TX_01041,2025-06-28,Inflow,Booking Revenue,151822.79,CLI_011
TX_01042,2025-06-28,Inflow,Booking Revenue,132927.46,CLI_002
TX_01043,2025-06-28,Inflow,Booking Revenue,58756.61,CLI_002
TX_01044,2025-06-28,Outflow,Operations,12494.98,
TX_01045,2025-06-29,Inflow,Booking Revenue,52716.74,CLI_007
TX_01046,2025-06-29,Inflow,Booking Revenue,69222.2,CLI_034
TX_01047,2025-06-29,Inflow,Booking Revenue,30510.61,CLI_026
TX_01048,2025-06-29,Inflow,Booking Revenue,122080.9,CLI_009
TX_01049,2025-06-29,Inflow,Booking Revenue,73676.71,CLI_021
TX_01050,2025-06-29,Inflow,Booking Revenue,60532.15,CLI_039
TX_01051,2025-06-29,Outflow,Operations,6274.01,
TX_01052,2025-06-30,Inflow,Booking Revenue,162710.3,CLI_005
TX_01053,2025-06-30,Inflow,Booking Revenue,57700.3,CLI_004
TX_01054,2025-06-30,Inflow,Booking Revenue,29910.44,CLI_048
TX_01055,2025-06-30,Inflow,Booking Revenue,138100.49,CLI_023
TX_01056,2025-06-30,Inflow,Booking Revenue,84836.44,CLI_040
TX_01057,2025-06-30,Inflow,Booking Revenue,101674.7,CLI_040
TX_01058,2025-06-30,Inflow,Booking Revenue,20626.93,CLI_007
TX_01059,2025-06-30,Inflow,Booking Revenue,111473.7,CLI_011
TX_01060,2025-06-30,Inflow,Booking Revenue,121214.18,CLI_047
TX_01061,2025-06-30,Outflow,Operations,13400.86,
TX_01062,2025-07-01,Inflow,Booking Revenue,72954.39,CLI_035
TX_01063,2025-07-01,Inflow,Booking Revenue,69923.54,CLI_011
TX_01064,2025-07-01,Inflow,Booking Revenue,46315.92,CLI_018
TX_01065,2025-07-01,Inflow,Booking Revenue,141954.45,CLI_012
TX_01066,2025-07-01,Inflow,Booking Revenue,169007.1,CLI_009
TX_01067,2025-07-01,Outflow,Operations,13860.15,
TX_01068,2025-07-02,Inflow,Booking Revenue,12987.38,CLI_047
TX_01069,2025-07-02,Inflow,Booking Revenue,65677.36,CLI_001
TX_01070,2025-07-02,Inflow,Booking Revenue,164127.24,CLI_049
TX_01071,2025-07-02,Inflow,Booking Revenue,118102.31,CLI_025
TX_01072,2025-07-02,Inflow,Booking Revenue,55513.28,CLI_002
TX_01073,2025-07-02,Inflow,Booking Revenue,161389.31,CLI_033
TX_01074,2025-07-02,Outflow,Operations,13057.3,
TX_01075,2025-07-03,Inflow,Booking Revenue,40763.05,CLI_044
TX_01076,2025-07-03,Inflow,Booking Revenue,12078.98,CLI_044
TX_01077,2025-07-03,Inflow,Booking Revenue,126810.29,CLI_041
TX_01078,2025-07-03,Inflow,Booking Revenue,142566.56,CLI_002
TX_01079,2025-07-03,Inflow,Booking Revenue,218398.6,CLI_032
TX_01080,2025-07-03,Inflow,Booking Revenue,34432.57,CLI_006
TX_01081,2025-07-03,Inflow,Booking Revenue,21102.34,CLI_016
TX_01082,2025-07-03,Outflow,Operations,10228.83,
TX_01083,2025-07-04,Inflow,Booking Revenue,20243.87,CLI_007
TX_01084,2025-07-04,Inflow,Booking Revenue,162917.4,CLI_037
TX_01085,2025-07-04,Inflow,Booking Revenue,154238.58,CLI_019
TX_01086,2025-07-04,Inflow,Booking Revenue,44642.52,CLI_018
TX_01087,2025-07-04,Inflow,Booking Revenue,257297.18,CLI_027
TX_01088,2025-07-04,Inflow,Booking Revenue,80029.54,CLI_032
TX_01089,2025-07-04,Outflow,Operations,19204.28,
TX_01090,2025-07-05,Inflow,Booking Revenue,218029.71,CLI_045
TX_01091,2025-07-05,Inflow,Booking Revenue,80473.7,CLI_042
TX_01092,2025-07-05,Inflow,Booking Revenue,32564.96,CLI_010
TX_01093,2025-07-05,Inflow,Booking Revenue,137181.6,CLI_048
TX_01094,2025-07-05,Inflow,Booking Revenue,119818.9,CLI_008
TX_01095,2025-07-05,Inflow,Booking Revenue,19834.13,CLI_044
TX_01096,2025-07-05,Inflow,Booking Revenue,88873.78,CLI_035
TX_01097,2025-07-05,Inflow,Booking Revenue,35248.93,CLI_018
TX_01098,2025-07-05,Inflow,Booking Revenue,43877.48,CLI_044
TX_01099,2025-07-05,Outflow,Operations,8725.8,
TX_01100,2025-07-06,Inflow,Booking Revenue,114280.97,CLI_045
TX_01101,2025-07-06,Inflow,Booking Revenue,221665.79,CLI_038
TX_01102,2025-07-06,Inflow,Booking Revenue,72619.62,CLI_029
TX_01103,2025-07-06,Inflow,Booking Revenue,34869.41,CLI_039
TX_01104,2025-07-06,Inflow,Booking Revenue,20584.85,CLI_037
TX_01105,2025-07-06,Inflow,Booking Revenue,168552.01,CLI_022
TX_01106,2025-07-06,Outflow,Operations,8044.55,
TX_01107,2025-07-07,Inflow,Booking Revenue,19680.17,CLI_049
TX_01108,2025-07-07,Inflow,Booking Revenue,26871.68,CLI_014
TX_01109,2025-07-07,Inflow,Booking Revenue,109463.45,CLI_043
TX_01110,2025-07-07,Outflow,Operations,17347.66,
TX_01111,2025-07-08,Inflow,Booking Revenue,128987.27,CLI_048
TX_01112,2025-07-08,Inflow,Booking Revenue,64707.8,CLI_033
TX_01113,2025-07-08,Inflow,Booking Revenue,156951.02,CLI_026
TX_01114,2025-07-08,Inflow,Booking Revenue,142584.0,CLI_042
TX_01115,2025-07-08,Inflow,Booking Revenue,83879.82,CLI_040
TX_01116,2025-07-08,Inflow,Booking Revenue,210293.65,CLI_030
TX_01117,2025-07-08,Inflow,Booking Revenue,62637.1,CLI_044
TX_01118,2025-07-08,Inflow,Booking Revenue,27720.13,CLI_049
TX_01119,2025-07-08,Outflow,Operations,14674.8,
TX_01120,2025-07-09,Inflow,Booking Revenue,50556.33,CLI_020
TX_01121,2025-07-09,Inflow,Booking Revenue,36397.75,CLI_008
TX_01122,2025-07-09,Inflow,Booking Revenue,97715.73,CLI_012
TX_01123,2025-07-09,Inflow,Booking Revenue,17981.19,CLI_020
TX_01124,2025-07-09,Inflow,Booking Revenue,91828.57,CLI_008
TX_01125,2025-07-09,Inflow,Booking Revenue,226478.2,CLI_033
TX_01126,2025-07-09,Inflow,Booking Revenue,105548.05,CLI_029
TX_01127,2025-07-09,Inflow,Booking Revenue,79570.91,CLI_047
TX_01128,2025-07-09,Inflow,Booking Revenue,93899.6,CLI_009
TX_01129,2025-07-09,Outflow,Operations,9825.47,
TX_01130,2025-07-10,Inflow,Booking Revenue,241057.75,CLI_038
TX_01131,2025-07-10,Inflow,Booking Revenue,136610.28,CLI_026
TX_01132,2025-07-10,Inflow,Booking Revenue,32892.94,CLI_016
TX_01133,2025-07-10,Inflow,Booking Revenue,17235.49,CLI_020
TX_01134,2025-07-10,Inflow,Booking Revenue,76497.57,CLI_006
TX_01135,2025-07-10,Outflow,Operations,17354.28,
TX_01136,2025-07-11,Inflow,Booking Revenue,161994.81,CLI_021
TX_01137,2025-07-11,Inflow,Booking Revenue,156274.85,CLI_044
TX_01138,2025-07-11,Inflow,Booking Revenue,36360.36,CLI_019
TX_01139,2025-07-11,Inflow,Booking Revenue,71095.68,CLI_047
TX_01140,2025-07-11,Inflow,Booking Revenue,90292.15,CLI_047
TX_01141,2025-07-11,Inflow,Booking Revenue,94008.72,CLI_048
TX_01142,2025-07-11,Inflow,Booking Revenue,22159.11,CLI_004
TX_01143,2025-07-11,Inflow,Booking Revenue,172390.6,CLI_008
TX_01144,2025-07-11,Inflow,Booking Revenue,194948.62,CLI_020
TX_01145,2025-07-11,Inflow,Booking Revenue,149455.77,CLI_032
TX_01146,2025-07-11,Inflow,Booking Revenue,124802.24,CLI_029
TX_01147,2025-07-11,Outflow,Operations,13502.91,
TX_01148,2025-07-12,Inflow,Booking Revenue,60618.23,CLI_046
TX_01149,2025-07-12,Inflow,Booking Revenue,89294.98,CLI_021
TX_01150,2025-07-12,Inflow,Booking Revenue,129069.12,CLI_025
TX_01151,2025-07-12,Inflow,Booking Revenue,201133.75,CLI_043
TX_01152,2025-07-12,Inflow,Booking Revenue,67540.93,CLI_044
TX_01153,2025-07-12,Inflow,Booking Revenue,22880.82,CLI_031
TX_01154,2025-07-12,Inflow,Booking Revenue,83373.2,CLI_027
TX_01155,2025-07-12,Inflow,Booking Revenue,18731.38,CLI_021
TX_01156,2025-07-12,Inflow,Booking Revenue,228562.54,CLI_043
TX_01157,2025-07-12,Inflow,Booking Revenue,41526.77,CLI_033
TX_01158,2025-07-12,Outflow,Operations,5767.27,
TX_01159,2025-07-13,Inflow,Booking Revenue,148778.18,CLI_019
TX_01160,2025-07-13,Inflow,Booking Revenue,223043.17,CLI_007
TX_01161,2025-07-13,Inflow,Booking Revenue,156627.96,CLI_042
TX_01162,2025-07-13,Inflow,Booking Revenue,239077.4,CLI_011
TX_01163,2025-07-13,Inflow,Booking Revenue,141801.62,CLI_007
TX_01164,2025-07-13,Inflow,Booking Revenue,24225.48,CLI_024
TX_01165,2025-07-13,Inflow,Booking Revenue,146639.15,CLI_018
TX_01166,2025-07-13,Inflow,Booking Revenue,133965.55,CLI_048
TX_01167,2025-07-13,Outflow,Operations,17732.92,
TX_01168,2025-07-14,Inflow,Booking Revenue,83940.03,CLI_034
TX_01169,2025-07-14,Inflow,Booking Revenue,120670.98,CLI_029
TX_01170,2025-07-14,Inflow,Booking Revenue,127875.19,CLI_034
TX_01171,2025-07-14,Inflow,Booking Revenue,200131.7,CLI_016
TX_01172,2025-07-14,Inflow,Booking Revenue,57521.96,CLI_045
TX_01173,2025-07-14,Inflow,Booking Revenue,174759.65,CLI_007
TX_01174,2025-07-14,Inflow,Booking Revenue,123155.79,CLI_040
TX_01175,2025-07-14,Outflow,Operations,9151.58,
TX_01176,2025-07-15,Inflow,Booking Revenue,15947.64,CLI_029
TX_01177,2025-07-15,Inflow,Booking Revenue,160304.93,CLI_024
TX_01178,2025-07-15,Inflow,Booking Revenue,140668.94,CLI_025
TX_01179,2025-07-15,Inflow,Booking Revenue,17696.57,CLI_034
TX_01180,2025-07-15,Inflow,Booking Revenue,33350.82,CLI_004
TX_01181,2025-07-15,Inflow,Booking Revenue,123112.5,CLI_042
TX_01182,2025-07-15,Inflow,Booking Revenue,149843.3,CLI_046
TX_01183,2025-07-15,Inflow,Booking Revenue,28698.87,CLI_009
TX_01184,2025-07-15,Outflow,Operations,13124.81,
TX_01185,2025-07-16,Inflow,Booking Revenue,114713.3,CLI_040
TX_01186,2025-07-16,Inflow,Booking Revenue,166913.52,CLI_028
TX_01187,2025-07-16,Inflow,Booking Revenue,162009.04,CLI_044
TX_01188,2025-07-16,Inflow,Booking Revenue,155187.42,CLI_010
TX_01189,2025-07-16,Inflow,Booking Revenue,83284.47,CLI_049
TX_01190,2025-07-16,Inflow,Booking Revenue,163741.12,CLI_022
TX_01191,2025-07-16,Outflow,Operations,19308.73,
TX_01192,2025-07-17,Inflow,Booking Revenue,127699.96,CLI_022
TX_01193,2025-07-17,Inflow,Booking Revenue,125500.9,CLI_043
TX_01194,2025-07-17,Inflow,Booking Revenue,66095.99,CLI_019
TX_01195,2025-07-17,Inflow,Booking Revenue,87903.3,CLI_048
TX_01196,2025-07-17,Outflow,Operations,15407.03,
TX_01197,2025-07-18,Inflow,Booking Revenue,90064.79,CLI_002
TX_01198,2025-07-18,Inflow,Booking Revenue,218829.76,CLI_006
TX_01199,2025-07-18,Inflow,Booking Revenue,170804.83,CLI_032
TX_01200,2025-07-18,Inflow,Booking Revenue,136354.88,CLI_008
TX_01201,2025-07-18,Inflow,Booking Revenue,93588.36,CLI_044
TX_01202,2025-07-18,Inflow,Booking Revenue,215590.06,CLI_023
TX_01203,2025-07-18,Inflow,Booking Revenue,135008.33,CLI_028
TX_01204,2025-07-18,Inflow,Booking Revenue,15070.57,CLI_031
TX_01205,2025-07-18,Inflow,Booking Revenue,122960.5,CLI_014
TX_01206,2025-07-18,Outflow,Operations,13686.76,
TX_01207,2025-07-19,Inflow,Booking Revenue,130068.57,CLI_019
TX_01208,2025-07-19,Inflow,Booking Revenue,94164.9,CLI_032
TX_01209,2025-07-19,Inflow,Booking Revenue,52151.12,CLI_047
TX_01210,2025-07-19,Inflow,Booking Revenue,67925.13,CLI_003
TX_01211,2025-07-19,Inflow,Booking Revenue,135523.05,CLI_038
TX_01212,2025-07-19,Outflow,Operations,11597.39,
TX_01213,2025-07-20,Inflow,Booking Revenue,99694.06,CLI_025
TX_01214,2025-07-20,Outflow,Operations,19380.88,
TX_01215,2025-07-21,Inflow,Booking Revenue,154669.01,CLI_028
TX_01216,2025-07-21,Inflow,Booking Revenue,107087.38,CLI_001
TX_01217,2025-07-21,Inflow,Booking Revenue,45846.06,CLI_029
TX_01218,2025-07-21,Inflow,Booking Revenue,104168.71,CLI_004
TX_01219,2025-07-21,Inflow,Booking Revenue,59289.42,CLI_018
TX_01220,2025-07-21,Inflow,Booking Revenue,63371.72,CLI_023
TX_01221,2025-07-21,Outflow,Operations,11876.73,
TX_01222,2025-07-22,Inflow,Booking Revenue,45566.27,CLI_028
TX_01223,2025-07-22,Inflow,Booking Revenue,161838.75,CLI_013
TX_01224,2025-07-22,Inflow,Booking Revenue,107712.6,CLI_009
TX_01225,2025-07-22,Inflow,Booking Revenue,77801.58,CLI_027
TX_01226,2025-07-22,Inflow,Booking Revenue,134429.43,CLI_007
TX_01227,2025-07-22,Inflow,Booking Revenue,118976.59,CLI_045
TX_01228,2025-07-22,Inflow,Booking Revenue,149477.23,CLI_018
TX_01229,2025-07-22,Outflow,Operations,7400.28,
TX_01230,2025-07-23,Inflow,Booking Revenue,45799.55,CLI_006
TX_01231,2025-07-23,Inflow,Booking Revenue,87650.47,CLI_040
TX_01232,2025-07-23,Inflow,Booking Revenue,24117.52,CLI_028
TX_01233,2025-07-23,Inflow,Booking Revenue,137420.02,CLI_048
TX_01234,2025-07-23,Inflow,Booking Revenue,112639.68,CLI_003
TX_01235,2025-07-23,Inflow,Booking Revenue,127223.06,CLI_047
TX_01236,2025-07-23,Inflow,Booking Revenue,38035.05,CLI_042
TX_01237,2025-07-23,Inflow,Booking Revenue,68711.05,CLI_039
TX_01238,2025-07-23,Inflow,Booking Revenue,162456.07,CLI_035
TX_01239,2025-07-23,Outflow,Operations,8032.21,
TX_01240,2025-07-24,Inflow,Booking Revenue,207061.5,CLI_016
TX_01241,2025-07-24,Inflow,Booking Revenue,156950.69,CLI_020
TX_01242,2025-07-24,Inflow,Booking Revenue,158944.99,CLI_042
TX_01243,2025-07-24,Inflow,Booking Revenue,240606.74,CLI_033
TX_01244,2025-07-24,Inflow,Booking Revenue,126613.2,CLI_025
TX_01245,2025-07-24,Outflow,Operations,16917.21,
TX_01246,2025-07-25,Inflow,Booking Revenue,192028.37,CLI_007
TX_01247,2025-07-25,Inflow,Booking Revenue,219025.86,CLI_011
TX_01248,2025-07-25,Inflow,Booking Revenue,101273.37,CLI_019
TX_01249,2025-07-25,Inflow,Booking Revenue,132013.11,CLI_008
TX_01250,2025-07-25,Inflow,Booking Revenue,127814.22,CLI_021
TX_01251,2025-07-25,Inflow,Booking Revenue,169963.83,CLI_022
TX_01252,2025-07-25,Outflow,Operations,9964.04,
TX_01253,2025-07-26,Inflow,Booking Revenue,86344.0,CLI_012
TX_01254,2025-07-26,Inflow,Booking Revenue,244537.52,CLI_020
TX_01255,2025-07-26,Inflow,Booking Revenue,109971.86,CLI_019
TX_01256,2025-07-26,Inflow,Booking Revenue,167654.47,CLI_041
TX_01257,2025-07-26,Inflow,Booking Revenue,17278.25,CLI_005
TX_01258,2025-07-26,Inflow,Booking Revenue,131184.64,CLI_049
TX_01259,2025-07-26,Outflow,Operations,5293.15,
TX_01260,2025-07-27,Inflow,Booking Revenue,37685.84,CLI_042
TX_01261,2025-07-27,Inflow,Booking Revenue,199441.88,CLI_043
TX_01262,2025-07-27,Inflow,Booking Revenue,49886.86,CLI_010
TX_01263,2025-07-27,Inflow,Booking Revenue,110948.53,CLI_042
TX_01264,2025-07-27,Inflow,Booking Revenue,244167.39,CLI_050
TX_01265,2025-07-27,Inflow,Booking Revenue,171767.31,CLI_019
TX_01266,2025-07-27,Inflow,Booking Revenue,91285.17,CLI_017
TX_01267,2025-07-27,Inflow,Booking Revenue,37677.41,CLI_040
TX_01268,2025-07-27,Inflow,Booking Revenue,128540.69,CLI_018
TX_01269,2025-07-27,Inflow,Booking Revenue,148709.07,CLI_021
TX_01270,2025-07-27,Inflow,Booking Revenue,82962.74,CLI_044
TX_01271,2025-07-27,Inflow,Booking Revenue,39093.32,CLI_027
TX_01272,2025-07-27,Inflow,Booking Revenue,24914.33,CLI_013
TX_01273,2025-07-27,Outflow,Operations,7673.15,
TX_01274,2025-07-28,Inflow,Booking Revenue,144585.64,CLI_042
TX_01275,2025-07-28,Inflow,Booking Revenue,31963.41,CLI_009
TX_01276,2025-07-28,Inflow,Booking Revenue,94765.97,CLI_049
TX_01277,2025-07-28,Inflow,Booking Revenue,138626.28,CLI_034
TX_01278,2025-07-28,Inflow,Booking Revenue,55577.41,CLI_031
TX_01279,2025-07-28,Inflow,Booking Revenue,82072.39,CLI_010
TX_01280,2025-07-28,Inflow,Booking Revenue,222558.19,CLI_038
TX_01281,2025-07-28,Inflow,Booking Revenue,82407.42,CLI_024
TX_01282,2025-07-28,Outflow,Operations,11757.83,
TX_01283,2025-07-29,Inflow,Booking Revenue,265329.74,CLI_007
TX_01284,2025-07-29,Inflow,Booking Revenue,134518.36,CLI_017
TX_01285,2025-07-29,Inflow,Booking Revenue,47639.52,CLI_017
TX_01286,2025-07-29,Inflow,Booking Revenue,173262.04,CLI_020
TX_01287,2025-07-29,Inflow,Booking Revenue,260161.64,CLI_006
TX_01288,2025-07-29,Outflow,Operations,17403.65,
TX_01289,2025-07-30,Inflow,Booking Revenue,137085.88,CLI_002
TX_01290,2025-07-30,Inflow,Booking Revenue,90321.51,CLI_006
TX_01291,2025-07-30,Inflow,Booking Revenue,87482.05,CLI_013
TX_01292,2025-07-30,Inflow,Booking Revenue,28781.59,CLI_042
TX_01293,2025-07-30,Inflow,Booking Revenue,90444.32,CLI_050
TX_01294,2025-07-30,Inflow,Booking Revenue,84304.63,CLI_024
TX_01295,2025-07-30,Inflow,Booking Revenue,106799.74,CLI_037
TX_01296,2025-07-30,Inflow,Booking Revenue,113887.24,CLI_049
TX_01297,2025-07-30,Outflow,Operations,10083.6,
TX_01298,2025-07-31,Inflow,Booking Revenue,160012.41,CLI_007
TX_01299,2025-07-31,Inflow,Booking Revenue,39209.8,CLI_032
TX_01300,2025-07-31,Inflow,Booking Revenue,149939.56,CLI_027
TX_01301,2025-07-31,Inflow,Booking Revenue,34990.74,CLI_026
TX_01302,2025-07-31,Inflow,Booking Revenue,44218.22,CLI_042
TX_01303,2025-07-31,Inflow,Booking Revenue,48862.4,CLI_033
TX_01304,2025-07-31,Inflow,Booking Revenue,125598.72,CLI_031
TX_01305,2025-07-31,Inflow,Booking Revenue,204780.4,CLI_023
TX_01306,2025-07-31,Inflow,Booking Revenue,216700.7,CLI_007
TX_01307,2025-07-31,Outflow,Operations,18123.01,
TX_01308,2025-08-01,Inflow,Booking Revenue,45592.56,CLI_019
TX_01309,2025-08-01,Inflow,Booking Revenue,192711.67,CLI_006
TX_01310,2025-08-01,Inflow,Booking Revenue,182191.82,CLI_011
TX_01311,2025-08-01,Inflow,Booking Revenue,197722.62,CLI_020
TX_01312,2025-08-01,Inflow,Booking Revenue,47903.75,CLI_046
TX_01313,2025-08-01,Inflow,Booking Revenue,154397.17,CLI_008
TX_01314,2025-08-01,Outflow,Operations,7470.6,
TX_01315,2025-08-02,Inflow,Booking Revenue,91495.4,CLI_014
TX_01316,2025-08-02,Inflow,Booking Revenue,98693.59,CLI_029
TX_01317,2025-08-02,Inflow,Booking Revenue,109972.69,CLI_005
TX_01318,2025-08-02,Inflow,Booking Revenue,143041.7,CLI_037
TX_01319,2025-08-02,Inflow,Booking Revenue,93693.42,CLI_042
TX_01320,2025-08-02,Inflow,Booking Revenue,236880.7,CLI_023
TX_01321,2025-08-02,Outflow,Operations,12272.0,
TX_01322,2025-08-03,Inflow,Booking Revenue,59537.62,CLI_039
TX_01323,2025-08-03,Inflow,Booking Revenue,180876.95,CLI_043
TX_01324,2025-08-03,Inflow,Booking Revenue,255318.28,CLI_041
TX_01325,2025-08-03,Inflow,Booking Revenue,163903.99,CLI_012
TX_01326,2025-08-03,Inflow,Booking Revenue,103118.32,CLI_048
TX_01327,2025-08-03,Inflow,Booking Revenue,36910.23,CLI_013
TX_01328,2025-08-03,Inflow,Booking Revenue,29015.08,CLI_037
TX_01329,2025-08-03,Inflow,Booking Revenue,12952.99,CLI_019
TX_01330,2025-08-03,Inflow,Booking Revenue,157725.64,CLI_025
TX_01331,2025-08-03,Outflow,Operations,17258.59,
TX_01332,2025-08-04,Inflow,Booking Revenue,173260.49,CLI_006
TX_01333,2025-08-04,Inflow,Booking Revenue,86792.61,CLI_021
TX_01334,2025-08-04,Inflow,Booking Revenue,66978.96,CLI_008
TX_01335,2025-08-04,Inflow,Booking Revenue,111041.94,CLI_049
TX_01336,2025-08-04,Inflow,Booking Revenue,235300.93,CLI_032
TX_01337,2025-08-04,Inflow,Booking Revenue,129620.55,CLI_001
TX_01338,2025-08-04,Inflow,Booking Revenue,108712.55,CLI_005
TX_01339,2025-08-04,Inflow,Booking Revenue,131122.98,CLI_031
TX_01340,2025-08-04,Outflow,Operations,6216.69,
TX_01341,2025-08-05,Inflow,Booking Revenue,141261.97,CLI_024
TX_01342,2025-08-05,Outflow,Operations,6060.2,
TX_01343,2025-08-06,Inflow,Booking Revenue,139196.24,CLI_017
TX_01344,2025-08-06,Inflow,Booking Revenue,201889.17,CLI_041
TX_01345,2025-08-06,Inflow,Booking Revenue,92202.78,CLI_049
TX_01346,2025-08-06,Inflow,Booking Revenue,75462.03,CLI_025
TX_01347,2025-08-06,Inflow,Booking Revenue,154523.13,CLI_025
TX_01348,2025-08-06,Inflow,Booking Revenue,126382.0,CLI_015
TX_01349,2025-08-06,Inflow,Booking Revenue,75317.75,CLI_014
TX_01350,2025-08-06,Inflow,Booking Revenue,54414.48,CLI_035
TX_01351,2025-08-06,Inflow,Booking Revenue,97772.49,CLI_023
TX_01352,2025-08-06,Outflow,Operations,19991.83,
TX_01353,2025-08-07,Inflow,Booking Revenue,97328.92,CLI_027
TX_01354,2025-08-07,Inflow,Booking Revenue,38704.64,CLI_009
TX_01355,2025-08-07,Inflow,Booking Revenue,79780.94,CLI_039
TX_01356,2025-08-07,Inflow,Booking Revenue,159050.62,CLI_016
TX_01357,2025-08-07,Inflow,Booking Revenue,152940.35,CLI_008
TX_01358,2025-08-07,Inflow,Booking Revenue,60421.24,CLI_003
TX_01359,2025-08-07,Inflow,Booking Revenue,74192.93,CLI_035
TX_01360,2025-08-07,Inflow,Booking Revenue,152643.09,CLI_049
TX_01361,2025-08-07,Outflow,Operations,13066.34,
TX_01362,2025-08-08,Inflow,Booking Revenue,254172.69,CLI_027
TX_01363,2025-08-08,Inflow,Booking Revenue,124376.83,CLI_036
TX_01364,2025-08-08,Inflow,Booking Revenue,238475.82,CLI_043
TX_01365,2025-08-08,Inflow,Booking Revenue,120927.45,CLI_002
TX_01366,2025-08-08,Inflow,Booking Revenue,170689.77,CLI_014
TX_01367,2025-08-08,Inflow,Booking Revenue,148646.4,CLI_046
TX_01368,2025-08-08,Inflow,Booking Revenue,131185.81,CLI_027
TX_01369,2025-08-08,Inflow,Booking Revenue,122026.93,CLI_008
TX_01370,2025-08-08,Inflow,Booking Revenue,83430.03,CLI_010
TX_01371,2025-08-08,Inflow,Booking Revenue,86707.24,CLI_025
TX_01372,2025-08-08,Outflow,Operations,13387.56,
TX_01373,2025-08-09,Inflow,Booking Revenue,148322.61,CLI_025
TX_01374,2025-08-09,Inflow,Booking Revenue,52597.23,CLI_004
TX_01375,2025-08-09,Inflow,Booking Revenue,114521.74,CLI_041
TX_01376,2025-08-09,Inflow,Booking Revenue,64951.59,CLI_042
TX_01377,2025-08-09,Outflow,Operations,12857.19,
TX_01378,2025-08-10,Inflow,Booking Revenue,26552.62,CLI_021
TX_01379,2025-08-10,Inflow,Booking Revenue,95469.89,CLI_025
TX_01380,2025-08-10,Inflow,Booking Revenue,38955.78,CLI_007
TX_01381,2025-08-10,Inflow,Booking Revenue,154527.12,CLI_031
TX_01382,2025-08-10,Outflow,Operations,14586.45,
TX_01383,2025-08-11,Inflow,Booking Revenue,76451.78,CLI_013
TX_01384,2025-08-11,Inflow,Booking Revenue,36035.97,CLI_045
TX_01385,2025-08-11,Inflow,Booking Revenue,22219.77,CLI_012
TX_01386,2025-08-11,Inflow,Booking Revenue,141502.57,CLI_038
TX_01387,2025-08-11,Inflow,Booking Revenue,62542.41,CLI_004
TX_01388,2025-08-11,Inflow,Booking Revenue,233783.03,CLI_027
TX_01389,2025-08-11,Inflow,Booking Revenue,65380.41,CLI_013
TX_01390,2025-08-11,Inflow,Booking Revenue,19781.72,CLI_027
TX_01391,2025-08-11,Inflow,Booking Revenue,70213.0,CLI_044
TX_01392,2025-08-11,Inflow,Booking Revenue,173645.5,CLI_040
TX_01393,2025-08-11,Inflow,Booking Revenue,233965.18,CLI_033
TX_01394,2025-08-11,Outflow,Operations,19108.29,
TX_01395,2025-08-12,Inflow,Booking Revenue,126046.09,CLI_020
TX_01396,2025-08-12,Inflow,Booking Revenue,96072.94,CLI_020
TX_01397,2025-08-12,Inflow,Booking Revenue,129527.04,CLI_044
TX_01398,2025-08-12,Inflow,Booking Revenue,159383.45,CLI_021
TX_01399,2025-08-12,Inflow,Booking Revenue,54439.98,CLI_012
TX_01400,2025-08-12,Inflow,Booking Revenue,85403.17,CLI_026
TX_01401,2025-08-12,Inflow,Booking Revenue,64383.2,CLI_038
TX_01402,2025-08-12,Outflow,Operations,11482.0,
TX_01403,2025-08-13,Inflow,Booking Revenue,187068.32,CLI_038
TX_01404,2025-08-13,Inflow,Booking Revenue,135663.37,CLI_012
TX_01405,2025-08-13,Inflow,Booking Revenue,74063.22,CLI_027
TX_01406,2025-08-13,Inflow,Booking Revenue,158336.88,CLI_031
TX_01407,2025-08-13,Inflow,Booking Revenue,226345.09,CLI_015
TX_01408,2025-08-13,Inflow,Booking Revenue,126788.29,CLI_002
TX_01409,2025-08-13,Outflow,Operations,5892.2,
TX_01410,2025-08-14,Inflow,Booking Revenue,39344.44,CLI_003
TX_01411,2025-08-14,Inflow,Booking Revenue,127637.65,CLI_022
TX_01412,2025-08-14,Inflow,Booking Revenue,68796.31,CLI_039
TX_01413,2025-08-14,Inflow,Booking Revenue,166061.36,CLI_024
TX_01414,2025-08-14,Inflow,Booking Revenue,112735.79,CLI_021
TX_01415,2025-08-14,Inflow,Booking Revenue,153633.91,CLI_047
TX_01416,2025-08-14,Outflow,Operations,6433.24,
TX_01417,2025-08-15,Inflow,Booking Revenue,25974.06,CLI_012
TX_01418,2025-08-15,Inflow,Booking Revenue,81676.03,CLI_050
TX_01419,2025-08-15,Inflow,Booking Revenue,128237.92,CLI_041
TX_01420,2025-08-15,Inflow,Booking Revenue,97112.48,CLI_044
TX_01421,2025-08-15,Inflow,Booking Revenue,123491.4,CLI_037
TX_01422,2025-08-15,Outflow,Operations,9170.69,
TX_01423,2025-08-16,Inflow,Booking Revenue,202978.95,CLI_023
TX_01424,2025-08-16,Inflow,Booking Revenue,141980.05,CLI_048
TX_01425,2025-08-16,Inflow,Booking Revenue,50412.91,CLI_036
TX_01426,2025-08-16,Inflow,Booking Revenue,152506.28,CLI_028
TX_01427,2025-08-16,Inflow,Booking Revenue,16523.57,CLI_025
TX_01428,2025-08-16,Inflow,Booking Revenue,93977.11,CLI_050
TX_01429,2025-08-16,Inflow,Booking Revenue,210522.21,CLI_030
TX_01430,2025-08-16,Inflow,Booking Revenue,138413.33,CLI_047
TX_01431,2025-08-16,Outflow,Operations,13658.4,
TX_01432,2025-08-17,Inflow,Booking Revenue,103275.11,CLI_010
TX_01433,2025-08-17,Inflow,Booking Revenue,147101.14,CLI_032
TX_01434,2025-08-17,Inflow,Booking Revenue,28467.74,CLI_027
TX_01435,2025-08-17,Inflow,Booking Revenue,86576.77,CLI_046
TX_01436,2025-08-17,Inflow,Booking Revenue,21757.53,CLI_010
TX_01437,2025-08-17,Inflow,Booking Revenue,40490.88,CLI_005
TX_01438,2025-08-17,Outflow,Operations,5972.81,
TX_01439,2025-08-18,Inflow,Booking Revenue,128584.79,CLI_039
TX_01440,2025-08-18,Inflow,Booking Revenue,103320.55,CLI_045
TX_01441,2025-08-18,Inflow,Booking Revenue,99476.82,CLI_039
TX_01442,2025-08-18,Inflow,Booking Revenue,241545.79,CLI_014
TX_01443,2025-08-18,Inflow,Booking Revenue,140166.51,CLI_004
TX_01444,2025-08-18,Inflow,Booking Revenue,160420.36,CLI_019
TX_01445,2025-08-18,Inflow,Booking Revenue,131880.16,CLI_025
TX_01446,2025-08-18,Outflow,Operations,9232.4,
TX_01447,2025-08-19,Inflow,Booking Revenue,86710.93,CLI_043
TX_01448,2025-08-19,Inflow,Booking Revenue,45793.25,CLI_035
TX_01449,2025-08-19,Inflow,Booking Revenue,105720.95,CLI_029
TX_01450,2025-08-19,Inflow,Booking Revenue,11976.32,CLI_046
TX_01451,2025-08-19,Inflow,Booking Revenue,36688.19,CLI_043
TX_01452,2025-08-19,Inflow,Booking Revenue,108262.81,CLI_003
TX_01453,2025-08-19,Inflow,Booking Revenue,162622.44,CLI_034
TX_01454,2025-08-19,Inflow,Booking Revenue,118342.09,CLI_046
TX_01455,2025-08-19,Inflow,Booking Revenue,175805.39,CLI_034
TX_01456,2025-08-19,Inflow,Booking Revenue,150849.39,CLI_034
TX_01457,2025-08-19,Outflow,Operations,14160.04,
TX_01458,2025-08-20,Inflow,Booking Revenue,92402.48,CLI_038
TX_01459,2025-08-20,Inflow,Booking Revenue,95244.76,CLI_039
TX_01460,2025-08-20,Inflow,Booking Revenue,66525.58,CLI_001
TX_01461,2025-08-20,Inflow,Booking Revenue,19462.81,CLI_037
TX_01462,2025-08-20,Inflow,Booking Revenue,234812.09,CLI_045
TX_01463,2025-08-20,Outflow,Operations,19961.44,
TX_01464,2025-08-21,Inflow,Booking Revenue,36509.75,CLI_013
TX_01465,2025-08-21,Inflow,Booking Revenue,79157.23,CLI_044
TX_01466,2025-08-21,Inflow,Booking Revenue,122044.09,CLI_041
TX_01467,2025-08-21,Inflow,Booking Revenue,133249.71,CLI_036
TX_01468,2025-08-21,Inflow,Booking Revenue,85018.98,CLI_036
TX_01469,2025-08-21,Inflow,Booking Revenue,53222.55,CLI_046
TX_01470,2025-08-21,Inflow,Booking Revenue,63703.83,CLI_011
TX_01471,2025-08-21,Outflow,Operations,18491.76,
TX_01472,2025-08-22,Inflow,Booking Revenue,59564.18,CLI_017
TX_01473,2025-08-22,Inflow,Booking Revenue,42610.09,CLI_046
TX_01474,2025-08-22,Inflow,Booking Revenue,46939.7,CLI_048
TX_01475,2025-08-22,Inflow,Booking Revenue,112965.54,CLI_002
TX_01476,2025-08-22,Outflow,Operations,12203.01,
TX_01477,2025-08-23,Inflow,Booking Revenue,81453.1,CLI_031
TX_01478,2025-08-23,Inflow,Booking Revenue,123998.99,CLI_006
TX_01479,2025-08-23,Inflow,Booking Revenue,255919.52,CLI_006
TX_01480,2025-08-23,Inflow,Booking Revenue,235183.53,CLI_043
TX_01481,2025-08-23,Inflow,Booking Revenue,170612.9,CLI_018
TX_01482,2025-08-23,Inflow,Booking Revenue,165338.13,CLI_018
TX_01483,2025-08-23,Inflow,Booking Revenue,118247.71,CLI_036
TX_01484,2025-08-23,Inflow,Booking Revenue,19928.99,CLI_045
TX_01485,2025-08-23,Inflow,Booking Revenue,79478.77,CLI_040
TX_01486,2025-08-23,Inflow,Booking Revenue,163133.23,CLI_022
TX_01487,2025-08-23,Inflow,Booking Revenue,51480.32,CLI_013
TX_01488,2025-08-23,Outflow,Operations,6556.37,
TX_01489,2025-08-24,Inflow,Booking Revenue,39236.21,CLI_020
TX_01490,2025-08-24,Inflow,Booking Revenue,135599.39,CLI_024
TX_01491,2025-08-24,Inflow,Booking Revenue,208668.06,CLI_043
TX_01492,2025-08-24,Inflow,Booking Revenue,47752.95,CLI_042
TX_01493,2025-08-24,Inflow,Booking Revenue,161365.39,CLI_045
TX_01494,2025-08-24,Outflow,Operations,18102.42,
TX_01495,2025-08-25,Inflow,Booking Revenue,87421.65,CLI_025
TX_01496,2025-08-25,Inflow,Booking Revenue,20506.63,CLI_038
TX_01497,2025-08-25,Inflow,Booking Revenue,142273.01,CLI_042
TX_01498,2025-08-25,Inflow,Booking Revenue,92408.74,CLI_048
TX_01499,2025-08-25,Inflow,Booking Revenue,99502.03,CLI_049
TX_01500,2025-08-25,Inflow,Booking Revenue,36555.0,CLI_043
TX_01501,2025-08-25,Outflow,Operations,6491.56,
TX_01502,2025-08-26,Inflow,Booking Revenue,196539.51,CLI_033
TX_01503,2025-08-26,Inflow,Booking Revenue,127590.49,CLI_010
TX_01504,2025-08-26,Inflow,Booking Revenue,93664.58,CLI_032
TX_01505,2025-08-26,Inflow,Booking Revenue,108553.79,CLI_018
TX_01506,2025-08-26,Inflow,Booking Revenue,167331.77,CLI_042
TX_01507,2025-08-26,Outflow,Operations,17800.41,
TX_01508,2025-08-27,Inflow,Booking Revenue,90341.65,CLI_026
TX_01509,2025-08-27,Inflow,Booking Revenue,42425.19,CLI_038
TX_01510,2025-08-27,Inflow,Booking Revenue,64411.28,CLI_008
TX_01511,2025-08-27,Inflow,Booking Revenue,106101.94,CLI_010
TX_01512,2025-08-27,Outflow,Operations,8189.36,
TX_01513,2025-08-28,Inflow,Booking Revenue,171278.22,CLI_049
TX_01514,2025-08-28,Inflow,Booking Revenue,51500.13,CLI_038
TX_01515,2025-08-28,Inflow,Booking Revenue,33459.45,CLI_047
TX_01516,2025-08-28,Inflow,Booking Revenue,150843.34,CLI_031
TX_01517,2025-08-28,Inflow,Booking Revenue,200856.17,CLI_032
TX_01518,2025-08-28,Outflow,Operations,7104.15,
TX_01519,2025-08-29,Inflow,Booking Revenue,53262.77,CLI_044
TX_01520,2025-08-29,Inflow,Booking Revenue,55008.45,CLI_029
TX_01521,2025-08-29,Inflow,Booking Revenue,36142.44,CLI_004
TX_01522,2025-08-29,Inflow,Booking Revenue,20655.56,CLI_026
TX_01523,2025-08-29,Inflow,Booking Revenue,253721.59,CLI_023
TX_01524,2025-08-29,Inflow,Booking Revenue,49021.13,CLI_035
TX_01525,2025-08-29,Inflow,Booking Revenue,156751.65,CLI_024
TX_01526,2025-08-29,Outflow,Operations,18430.86,
TX_01527,2025-08-30,Inflow,Booking Revenue,131098.07,CLI_050
TX_01528,2025-08-30,Inflow,Booking Revenue,197344.64,CLI_027
TX_01529,2025-08-30,Inflow,Booking Revenue,69446.1,CLI_041
TX_01530,2025-08-30,Inflow,Booking Revenue,103578.43,CLI_002
TX_01531,2025-08-30,Inflow,Booking Revenue,66141.25,CLI_011
TX_01532,2025-08-30,Inflow,Booking Revenue,22933.03,CLI_024
TX_01533,2025-08-30,Inflow,Booking Revenue,33303.26,CLI_003
TX_01534,2025-08-30,Inflow,Booking Revenue,206149.83,CLI_006
TX_01535,2025-08-30,Inflow,Booking Revenue,254290.15,CLI_045
TX_01536,2025-08-30,Outflow,Operations,5770.76,
TX_01537,2025-08-31,Inflow,Booking Revenue,241471.06,CLI_023
TX_01538,2025-08-31,Inflow,Booking Revenue,111693.25,CLI_040
TX_01539,2025-08-31,Inflow,Booking Revenue,33157.2,CLI_023
TX_01540,2025-08-31,Inflow,Booking Revenue,115901.92,CLI_036
TX_01541,2025-08-31,Inflow,Booking Revenue,90012.93,CLI_034
TX_01542,2025-08-31,Inflow,Booking Revenue,23266.13,CLI_012
TX_01543,2025-08-31,Inflow,Booking Revenue,178719.8,CLI_045
TX_01544,2025-08-31,Inflow,Booking Revenue,69431.62,CLI_005
TX_01545,2025-08-31,Outflow,Operations,17419.75,
TX_01546,2025-09-01,Inflow,Booking Revenue,28461.76,CLI_041
TX_01547,2025-09-01,Inflow,Booking Revenue,128803.48,CLI_033
TX_01548,2025-09-01,Outflow,Operations,18935.56,
TX_01549,2025-09-02,Inflow,Booking Revenue,43254.48,CLI_028
TX_01550,2025-09-02,Inflow,Booking Revenue,88178.26,CLI_002
TX_01551,2025-09-02,Inflow,Booking Revenue,72114.44,CLI_032
TX_01552,2025-09-02,Inflow,Booking Revenue,133751.5,CLI_049
TX_01553,2025-09-02,Inflow,Booking Revenue,42592.89,CLI_012
TX_01554,2025-09-02,Inflow,Booking Revenue,243144.13,CLI_022
TX_01555,2025-09-02,Inflow,Booking Revenue,102580.49,CLI_012
TX_01556,2025-09-02,Inflow,Booking Revenue,138011.65,CLI_036
TX_01557,2025-09-02,Inflow,Booking Revenue,17960.11,CLI_046
TX_01558,2025-09-02,Inflow,Booking Revenue,30265.61,CLI_002
TX_01559,2025-09-02,Outflow,Operations,17792.58,
TX_01560,2025-09-03,Inflow,Booking Revenue,167374.86,CLI_033
TX_01561,2025-09-03,Inflow,Booking Revenue,70044.12,CLI_034
TX_01562,2025-09-03,Inflow,Booking Revenue,201445.43,CLI_005
TX_01563,2025-09-03,Inflow,Booking Revenue,205037.49,CLI_038
TX_01564,2025-09-03,Inflow,Booking Revenue,17272.16,CLI_019
TX_01565,2025-09-03,Inflow,Booking Revenue,108386.6,CLI_037
TX_01566,2025-09-03,Inflow,Booking Revenue,146576.22,CLI_026
TX_01567,2025-09-03,Inflow,Booking Revenue,95024.37,CLI_049
TX_01568,2025-09-03,Inflow,Booking Revenue,171703.78,CLI_018
TX_01569,2025-09-03,Outflow,Operations,5221.03,
TX_01570,2025-09-04,Inflow,Booking Revenue,26790.78,CLI_013
TX_01571,2025-09-04,Inflow,Booking Revenue,212741.88,CLI_038
TX_01572,2025-09-04,Inflow,Booking Revenue,85942.59,CLI_022
TX_01573,2025-09-04,Inflow,Booking Revenue,72921.09,CLI_014
TX_01574,2025-09-04,Outflow,Operations,14352.61,
TX_01575,2025-09-05,Inflow,Booking Revenue,18130.04,CLI_023
TX_01576,2025-09-05,Outflow,Operations,5463.6,
TX_01577,2025-09-06,Inflow,Booking Revenue,170059.85,CLI_041
TX_01578,2025-09-06,Inflow,Booking Revenue,140424.14,CLI_028
TX_01579,2025-09-06,Inflow,Booking Revenue,71441.01,CLI_024
TX_01580,2025-09-06,Inflow,Booking Revenue,137533.47,CLI_039
TX_01581,2025-09-06,Inflow,Booking Revenue,117010.45,CLI_004
TX_01582,2025-09-06,Inflow,Booking Revenue,113685.74,CLI_046
TX_01583,2025-09-06,Inflow,Booking Revenue,119947.94,CLI_017
TX_01584,2025-09-06,Inflow,Booking Revenue,53081.62,CLI_039
TX_01585,2025-09-06,Outflow,Operations,7282.36,
TX_01586,2025-09-07,Inflow,Booking Revenue,113493.76,CLI_006
TX_01587,2025-09-07,Inflow,Booking Revenue,23047.09,CLI_030
TX_01588,2025-09-07,Inflow,Booking Revenue,153179.5,CLI_003
TX_01589,2025-09-07,Inflow,Booking Revenue,145964.88,CLI_041
TX_01590,2025-09-07,Inflow,Booking Revenue,57505.75,CLI_035
TX_01591,2025-09-07,Inflow,Booking Revenue,42224.84,CLI_011
TX_01592,2025-09-07,Outflow,Operations,10641.12,
TX_01593,2025-09-08,Inflow,Booking Revenue,48701.76,CLI_028
TX_01594,2025-09-08,Inflow,Booking Revenue,114626.59,CLI_023
TX_01595,2025-09-08,Inflow,Booking Revenue,137794.25,CLI_013
TX_01596,2025-09-08,Inflow,Booking Revenue,67572.92,CLI_017
TX_01597,2025-09-08,Inflow,Booking Revenue,67195.89,CLI_005
TX_01598,2025-09-08,Inflow,Booking Revenue,92321.3,CLI_037
TX_01599,2025-09-08,Outflow,Operations,13600.27,
TX_01600,2025-09-09,Inflow,Booking Revenue,125999.75,CLI_011
TX_01601,2025-09-09,Inflow,Booking Revenue,50372.84,CLI_039
TX_01602,2025-09-09,Inflow,Booking Revenue,40585.8,CLI_028
TX_01603,2025-09-09,Inflow,Booking Revenue,114477.75,CLI_014
TX_01604,2025-09-09,Outflow,Operations,6833.18,
TX_01605,2025-09-10,Inflow,Booking Revenue,74960.2,CLI_019
TX_01606,2025-09-10,Inflow,Booking Revenue,141234.48,CLI_001
TX_01607,2025-09-10,Inflow,Booking Revenue,164060.23,CLI_047
TX_01608,2025-09-10,Inflow,Booking Revenue,89568.19,CLI_012
TX_01609,2025-09-10,Outflow,Operations,18596.67,
TX_01610,2025-09-11,Inflow,Booking Revenue,35966.05,CLI_040
TX_01611,2025-09-11,Inflow,Booking Revenue,74571.2,CLI_015
TX_01612,2025-09-11,Inflow,Booking Revenue,162556.4,CLI_018
TX_01613,2025-09-11,Outflow,Operations,6477.76,
TX_01614,2025-09-12,Inflow,Booking Revenue,81742.44,CLI_020
TX_01615,2025-09-12,Inflow,Booking Revenue,29602.2,CLI_026
TX_01616,2025-09-12,Outflow,Operations,7941.73,
TX_01617,2025-09-13,Inflow,Booking Revenue,49562.53,CLI_043
TX_01618,2025-09-13,Inflow,Booking Revenue,223778.87,CLI_045
TX_01619,2025-09-13,Inflow,Booking Revenue,46324.21,CLI_003
TX_01620,2025-09-13,Inflow,Booking Revenue,169960.81,CLI_031
TX_01621,2025-09-13,Inflow,Booking Revenue,101330.98,CLI_050
TX_01622,2025-09-13,Inflow,Booking Revenue,49822.64,CLI_019
TX_01623,2025-09-13,Inflow,Booking Revenue,48215.83,CLI_040
TX_01624,2025-09-13,Outflow,Operations,16299.75,
TX_01625,2025-09-14,Inflow,Booking Revenue,243418.03,CLI_033
TX_01626,2025-09-14,Inflow,Booking Revenue,154688.15,CLI_010
TX_01627,2025-09-14,Inflow,Booking Revenue,40716.25,CLI_013
TX_01628,2025-09-14,Inflow,Booking Revenue,144889.02,CLI_005
TX_01629,2025-09-14,Outflow,Operations,10609.76,
TX_01630,2025-09-15,Inflow,Booking Revenue,106747.49,CLI_036
TX_01631,2025-09-15,Inflow,Booking Revenue,197032.17,CLI_043
TX_01632,2025-09-15,Inflow,Booking Revenue,171734.56,CLI_014
TX_01633,2025-09-15,Outflow,Operations,5415.66,
TX_01634,2025-09-16,Inflow,Booking Revenue,19263.77,CLI_031
TX_01635,2025-09-16,Inflow,Booking Revenue,136351.98,CLI_003
TX_01636,2025-09-16,Inflow,Booking Revenue,41350.35,CLI_022
TX_01637,2025-09-16,Inflow,Booking Revenue,76614.04,CLI_010
TX_01638,2025-09-16,Inflow,Booking Revenue,233661.13,CLI_020
TX_01639,2025-09-16,Inflow,Booking Revenue,164832.76,CLI_048
TX_01640,2025-09-16,Inflow,Booking Revenue,155536.47,CLI_002
TX_01641,2025-09-16,Inflow,Booking Revenue,54459.75,CLI_010
TX_01642,2025-09-16,Outflow,Operations,6115.39,
TX_01643,2025-09-17,Inflow,Booking Revenue,172789.07,CLI_006
TX_01644,2025-09-17,Inflow,Booking Revenue,23649.64,CLI_028
TX_01645,2025-09-17,Inflow,Booking Revenue,150793.98,CLI_038
TX_01646,2025-09-17,Inflow,Booking Revenue,35023.15,CLI_030
TX_01647,2025-09-17,Inflow,Booking Revenue,153654.71,CLI_042
TX_01648,2025-09-17,Outflow,Operations,6976.96,
TX_01649,2025-09-18,Inflow,Booking Revenue,122889.81,CLI_001
TX_01650,2025-09-18,Inflow,Booking Revenue,116183.35,CLI_005
TX_01651,2025-09-18,Inflow,Booking Revenue,95707.08,CLI_002
TX_01652,2025-09-18,Inflow,Booking Revenue,20391.65,CLI_005
TX_01653,2025-09-18,Outflow,Operations,5055.47,
TX_01654,2025-09-19,Inflow,Booking Revenue,128539.4,CLI_041
TX_01655,2025-09-19,Inflow,Booking Revenue,139423.01,CLI_031
TX_01656,2025-09-19,Inflow,Booking Revenue,220322.22,CLI_014
TX_01657,2025-09-19,Inflow,Booking Revenue,22496.36,CLI_032
TX_01658,2025-09-19,Outflow,Operations,12495.77,
TX_01659,2025-09-20,Inflow,Booking Revenue,180258.42,CLI_041
TX_01660,2025-09-20,Inflow,Booking Revenue,53265.31,CLI_050
TX_01661,2025-09-20,Inflow,Booking Revenue,60189.66,CLI_048
TX_01662,2025-09-20,Inflow,Booking Revenue,118228.58,CLI_021
TX_01663,2025-09-20,Inflow,Booking Revenue,60301.56,CLI_048
TX_01664,2025-09-20,Outflow,Operations,16672.92,
TX_01665,2025-09-21,Inflow,Booking Revenue,181767.27,CLI_015
TX_01666,2025-09-21,Inflow,Booking Revenue,32203.55,CLI_050
TX_01667,2025-09-21,Inflow,Booking Revenue,214832.02,CLI_041
TX_01668,2025-09-21,Inflow,Booking Revenue,208049.87,CLI_045
TX_01669,2025-09-21,Inflow,Booking Revenue,107609.64,CLI_037
TX_01670,2025-09-21,Inflow,Booking Revenue,156164.93,CLI_039
TX_01671,2025-09-21,Inflow,Booking Revenue,126745.23,CLI_015
TX_01672,2025-09-21,Outflow,Operations,10432.35,
TX_01673,2025-09-22,Inflow,Booking Revenue,48951.14,CLI_012
TX_01674,2025-09-22,Inflow,Booking Revenue,17022.76,CLI_023
TX_01675,2025-09-22,Inflow,Booking Revenue,28395.29,CLI_047
TX_01676,2025-09-22,Outflow,Operations,14863.03,
TX_01677,2025-09-23,Inflow,Booking Revenue,121338.15,CLI_038
TX_01678,2025-09-23,Inflow,Booking Revenue,121215.52,CLI_033
TX_01679,2025-09-23,Outflow,Operations,7825.33,
TX_01680,2025-09-24,Inflow,Booking Revenue,85210.6,CLI_018
TX_01681,2025-09-24,Inflow,Booking Revenue,39245.66,CLI_023
TX_01682,2025-09-24,Inflow,Booking Revenue,141143.19,CLI_037
TX_01683,2025-09-24,Inflow,Booking Revenue,134472.97,CLI_050
TX_01684,2025-09-24,Inflow,Booking Revenue,48360.21,CLI_008
TX_01685,2025-09-24,Inflow,Booking Revenue,23160.68,CLI_049
TX_01686,2025-09-24,Outflow,Operations,19541.19,
TX_01687,2025-09-25,Inflow,Booking Revenue,109025.95,CLI_002
TX_01688,2025-09-25,Inflow,Booking Revenue,150168.72,CLI_005
TX_01689,2025-09-25,Inflow,Booking Revenue,215306.61,CLI_006
TX_01690,2025-09-25,Inflow,Booking Revenue,141755.14,CLI_013
TX_01691,2025-09-25,Inflow,Booking Revenue,28068.23,CLI_017
TX_01692,2025-09-25,Inflow,Booking Revenue,142334.54,CLI_027
TX_01693,2025-09-25,Outflow,Operations,16899.53,
TX_01694,2025-09-26,Inflow,Booking Revenue,168096.6,CLI_007
TX_01695,2025-09-26,Inflow,Booking Revenue,151660.96,CLI_036
TX_01696,2025-09-26,Inflow,Booking Revenue,26475.36,CLI_015
TX_01697,2025-09-26,Inflow,Booking Revenue,89391.51,CLI_036
TX_01698,2025-09-26,Inflow,Booking Revenue,80410.48,CLI_042
TX_01699,2025-09-26,Outflow,Operations,10772.32,
TX_01700,2025-09-27,Inflow,Booking Revenue,142834.44,CLI_035
TX_01701,2025-09-27,Inflow,Booking Revenue,63222.04,CLI_037
TX_01702,2025-09-27,Inflow,Booking Revenue,172437.39,CLI_005
TX_01703,2025-09-27,Outflow,Operations,14440.27,
TX_01704,2025-09-28,Inflow,Booking Revenue,125813.56,CLI_007
TX_01705,2025-09-28,Inflow,Booking Revenue,145742.54,CLI_025
TX_01706,2025-09-28,Inflow,Booking Revenue,64894.87,CLI_045
TX_01707,2025-09-28,Inflow,Booking Revenue,36300.73,CLI_034
TX_01708,2025-09-28,Inflow,Booking Revenue,153328.22,CLI_028
TX_01709,2025-09-28,Outflow,Operations,10729.15,
TX_01710,2025-09-29,Inflow,Booking Revenue,204400.3,CLI_016
TX_01711,2025-09-29,Inflow,Booking Revenue,160872.59,CLI_046
TX_01712,2025-09-29,Inflow,Booking Revenue,68948.27,CLI_006
TX_01713,2025-09-29,Inflow,Booking Revenue,100075.71,CLI_019
TX_01714,2025-09-29,Inflow,Booking Revenue,140278.66,CLI_044
TX_01715,2025-09-29,Inflow,Booking Revenue,35397.74,CLI_006
TX_01716,2025-09-29,Inflow,Booking Revenue,89132.26,CLI_042
TX_01717,2025-09-29,Inflow,Booking Revenue,128920.23,CLI_035
TX_01718,2025-09-29,Outflow,Operations,11700.0,
TX_01719,2025-09-30,Inflow,Booking Revenue,41073.5,CLI_024
TX_01720,2025-09-30,Inflow,Booking Revenue,46881.04,CLI_017
TX_01721,2025-09-30,Inflow,Booking Revenue,90495.86,CLI_023
TX_01722,2025-09-30,Inflow,Booking Revenue,174726.73,CLI_029
TX_01723,2025-09-30,Inflow,Booking Revenue,120342.81,CLI_026
TX_01724,2025-09-30,Inflow,Booking Revenue,18443.92,CLI_049
TX_01725,2025-09-30,Inflow,Booking Revenue,27183.9,CLI_006
TX_01726,2025-09-30,Outflow,Operations,6926.46,
TX_01727,2025-10-01,Inflow,Booking Revenue,102753.53,CLI_042
TX_01728,2025-10-01,Inflow,Booking Revenue,33656.28,CLI_012
TX_01729,2025-10-01,Inflow,Booking Revenue,102857.09,CLI_023
TX_01730,2025-10-01,Inflow,Booking Revenue,94905.54,CLI_048
TX_01731,2025-10-01,Inflow,Booking Revenue,158960.89,CLI_003
TX_01732,2025-10-01,Inflow,Booking Revenue,160086.07,CLI_020
TX_01733,2025-10-01,Outflow,Operations,9873.17,
TX_01734,2025-10-02,Inflow,Booking Revenue,105263.78,CLI_008
TX_01735,2025-10-02,Inflow,Booking Revenue,94881.62,CLI_037
TX_01736,2025-10-02,Inflow,Booking Revenue,228996.76,CLI_033
TX_01737,2025-10-02,Inflow,Booking Revenue,127375.1,CLI_009
TX_01738,2025-10-02,Inflow,Booking Revenue,34584.15,CLI_011
TX_01739,2025-10-02,Inflow,Booking Revenue,78725.06,CLI_046
TX_01740,2025-10-02,Outflow,Operations,11812.93,
TX_01741,2025-10-03,Inflow,Booking Revenue,72249.27,CLI_037
TX_01742,2025-10-03,Inflow,Booking Revenue,174315.83,CLI_023
TX_01743,2025-10-03,Inflow,Booking Revenue,110869.68,CLI_020
TX_01744,2025-10-03,Inflow,Booking Revenue,119599.32,CLI_034
TX_01745,2025-10-03,Inflow,Booking Revenue,31764.05,CLI_018
TX_01746,2025-10-03,Inflow,Booking Revenue,45371.6,CLI_008
TX_01747,2025-10-03,Outflow,Operations,5191.26,
TX_01748,2025-10-04,Inflow,Booking Revenue,70426.93,CLI_005
TX_01749,2025-10-04,Inflow,Booking Revenue,102918.26,CLI_028
TX_01750,2025-10-04,Inflow,Booking Revenue,141703.73,CLI_024
TX_01751,2025-10-04,Outflow,Operations,13703.82,
TX_01752,2025-10-05,Inflow,Booking Revenue,120610.99,CLI_035
TX_01753,2025-10-05,Inflow,Booking Revenue,162570.21,CLI_026
TX_01754,2025-10-05,Inflow,Booking Revenue,161568.84,CLI_009
TX_01755,2025-10-05,Inflow,Booking Revenue,20367.02,CLI_013
TX_01756,2025-10-05,Inflow,Booking Revenue,102018.38,CLI_048
TX_01757,2025-10-05,Inflow,Booking Revenue,147589.97,CLI_048
TX_01758,2025-10-05,Inflow,Booking Revenue,65174.09,CLI_006
TX_01759,2025-10-05,Inflow,Booking Revenue,88307.18,CLI_002
TX_01760,2025-10-05,Outflow,Operations,10591.94,
TX_01761,2025-10-06,Inflow,Booking Revenue,97509.65,CLI_012
TX_01762,2025-10-06,Inflow,Booking Revenue,193279.38,CLI_038
TX_01763,2025-10-06,Outflow,Operations,12836.97,
TX_01764,2025-10-07,Inflow,Booking Revenue,109455.96,CLI_032
TX_01765,2025-10-07,Inflow,Booking Revenue,48907.51,CLI_011
TX_01766,2025-10-07,Inflow,Booking Revenue,126934.77,CLI_024
TX_01767,2025-10-07,Inflow,Booking Revenue,164735.06,CLI_045
TX_01768,2025-10-07,Inflow,Booking Revenue,243461.54,CLI_032
TX_01769,2025-10-07,Outflow,Operations,10350.85,
TX_01770,2025-10-08,Inflow,Booking Revenue,141599.92,CLI_030
TX_01771,2025-10-08,Inflow,Booking Revenue,79482.99,CLI_035
TX_01772,2025-10-08,Inflow,Booking Revenue,13890.19,CLI_026
TX_01773,2025-10-08,Outflow,Operations,18372.98,
TX_01774,2025-10-09,Inflow,Booking Revenue,65740.1,CLI_046
TX_01775,2025-10-09,Inflow,Booking Revenue,110127.68,CLI_050
TX_01776,2025-10-09,Inflow,Booking Revenue,43041.14,CLI_050
TX_01777,2025-10-09,Inflow,Booking Revenue,17246.73,CLI_026
TX_01778,2025-10-09,Inflow,Booking Revenue,190627.12,CLI_032
TX_01779,2025-10-09,Inflow,Booking Revenue,31828.19,CLI_004
TX_01780,2025-10-09,Inflow,Booking Revenue,143380.61,CLI_031
TX_01781,2025-10-09,Inflow,Booking Revenue,28887.85,CLI_017
TX_01782,2025-10-09,Outflow,Operations,8621.85,
TX_01783,2025-10-10,Inflow,Booking Revenue,24167.48,CLI_038
TX_01784,2025-10-10,Inflow,Booking Revenue,57891.79,CLI_015
TX_01785,2025-10-10,Inflow,Booking Revenue,69850.58,CLI_017
TX_01786,2025-10-10,Inflow,Booking Revenue,23210.92,CLI_006
TX_01787,2025-10-10,Outflow,Operations,5846.46,
TX_01788,2025-10-11,Inflow,Booking Revenue,97342.25,CLI_037
TX_01789,2025-10-11,Inflow,Booking Revenue,96720.92,CLI_026
TX_01790,2025-10-11,Inflow,Booking Revenue,85622.72,CLI_042
TX_01791,2025-10-11,Outflow,Operations,19519.39,
TX_01792,2025-10-12,Inflow,Booking Revenue,156789.2,CLI_044
TX_01793,2025-10-12,Inflow,Booking Revenue,137891.67,CLI_046
TX_01794,2025-10-12,Inflow,Booking Revenue,101459.85,CLI_013
TX_01795,2025-10-12,Outflow,Operations,19591.4,
TX_01796,2025-10-13,Inflow,Booking Revenue,246827.43,CLI_050
TX_01797,2025-10-13,Inflow,Booking Revenue,165261.06,CLI_020
TX_01798,2025-10-13,Inflow,Booking Revenue,222142.87,CLI_016
TX_01799,2025-10-13,Outflow,Operations,5142.98,
TX_01800,2025-10-14,Inflow,Booking Revenue,153262.52,CLI_021
TX_01801,2025-10-14,Outflow,Operations,8154.15,
TX_01802,2025-10-15,Inflow,Booking Revenue,166418.88,CLI_018
TX_01803,2025-10-15,Inflow,Booking Revenue,29103.41,CLI_049
TX_01804,2025-10-15,Inflow,Booking Revenue,33633.91,CLI_020
TX_01805,2025-10-15,Inflow,Booking Revenue,195937.15,CLI_030
TX_01806,2025-10-15,Inflow,Booking Revenue,75267.83,CLI_025
TX_01807,2025-10-15,Inflow,Booking Revenue,242404.11,CLI_033
TX_01808,2025-10-15,Inflow,Booking Revenue,159103.15,CLI_019
TX_01809,2025-10-15,Outflow,Operations,7185.19,
TX_01810,2025-10-16,Inflow,Booking Revenue,47533.85,CLI_017
TX_01811,2025-10-16,Inflow,Booking Revenue,68316.19,CLI_023
TX_01812,2025-10-16,Inflow,Booking Revenue,148107.72,CLI_046
TX_01813,2025-10-16,Inflow,Booking Revenue,151682.6,CLI_003
TX_01814,2025-10-16,Inflow,Booking Revenue,219194.73,CLI_007
TX_01815,2025-10-16,Outflow,Operations,12620.02,
TX_01816,2025-10-17,Inflow,Booking Revenue,66009.85,CLI_017
TX_01817,2025-10-17,Inflow,Booking Revenue,234116.61,CLI_043
TX_01818,2025-10-17,Inflow,Booking Revenue,199585.11,CLI_011
TX_01819,2025-10-17,Inflow,Booking Revenue,83608.57,CLI_049
TX_01820,2025-10-17,Inflow,Booking Revenue,113822.3,CLI_026
TX_01821,2025-10-17,Inflow,Booking Revenue,220404.53,CLI_011
TX_01822,2025-10-17,Outflow,Operations,10759.88,
TX_01823,2025-10-18,Inflow,Booking Revenue,143009.96,CLI_025
TX_01824,2025-10-18,Inflow,Booking Revenue,94759.47,CLI_006
TX_01825,2025-10-18,Inflow,Booking Revenue,29849.57,CLI_029
TX_01826,2025-10-18,Inflow,Booking Revenue,119762.08,CLI_012
TX_01827,2025-10-18,Inflow,Booking Revenue,103265.24,CLI_001
TX_01828,2025-10-18,Inflow,Booking Revenue,149106.36,CLI_033
TX_01829,2025-10-18,Outflow,Operations,7544.77,
TX_01830,2025-10-19,Inflow,Booking Revenue,105131.43,CLI_003
TX_01831,2025-10-19,Inflow,Booking Revenue,70108.49,CLI_050
TX_01832,2025-10-19,Inflow,Booking Revenue,39761.22,CLI_008
TX_01833,2025-10-19,Inflow,Booking Revenue,133177.61,CLI_040
TX_01834,2025-10-19,Outflow,Operations,6764.29,
TX_01835,2025-10-20,Inflow,Booking Revenue,154473.94,CLI_010
TX_01836,2025-10-20,Inflow,Booking Revenue,126809.11,CLI_028
TX_01837,2025-10-20,Inflow,Booking Revenue,206950.19,CLI_015
TX_01838,2025-10-20,Inflow,Booking Revenue,87537.27,CLI_046
TX_01839,2025-10-20,Inflow,Booking Revenue,113295.58,CLI_010
TX_01840,2025-10-20,Inflow,Booking Revenue,80234.61,CLI_003
TX_01841,2025-10-20,Inflow,Booking Revenue,79426.6,CLI_029
TX_01842,2025-10-20,Outflow,Operations,6584.69,
TX_01843,2025-10-21,Inflow,Booking Revenue,179104.39,CLI_006
TX_01844,2025-10-21,Inflow,Booking Revenue,227056.39,CLI_033
TX_01845,2025-10-21,Inflow,Booking Revenue,111725.04,CLI_017
TX_01846,2025-10-21,Inflow,Booking Revenue,52707.33,CLI_048
TX_01847,2025-10-21,Inflow,Booking Revenue,67009.38,CLI_043
TX_01848,2025-10-21,Inflow,Booking Revenue,22750.99,CLI_009
TX_01849,2025-10-21,Outflow,Operations,15986.19,
TX_01850,2025-10-22,Inflow,Booking Revenue,18338.06,CLI_049
TX_01851,2025-10-22,Inflow,Booking Revenue,121294.39,CLI_016
TX_01852,2025-10-22,Inflow,Booking Revenue,68165.82,CLI_001
TX_01853,2025-10-22,Inflow,Booking Revenue,76775.09,CLI_031
TX_01854,2025-10-22,Outflow,Operations,16331.43,
TX_01855,2025-10-23,Inflow,Booking Revenue,92484.39,CLI_033
TX_01856,2025-10-23,Inflow,Booking Revenue,161114.79,CLI_002
TX_01857,2025-10-23,Inflow,Booking Revenue,50226.22,CLI_026
TX_01858,2025-10-23,Outflow,Operations,6478.13,
TX_01859,2025-10-24,Inflow,Booking Revenue,147615.18,CLI_020
TX_01860,2025-10-24,Inflow,Booking Revenue,82692.19,CLI_024
TX_01861,2025-10-24,Inflow,Booking Revenue,104957.25,CLI_039
TX_01862,2025-10-24,Inflow,Booking Revenue,193626.85,CLI_016
TX_01863,2025-10-24,Inflow,Booking Revenue,58426.95,CLI_022
TX_01864,2025-10-24,Inflow,Booking Revenue,61688.22,CLI_047
TX_01865,2025-10-24,Inflow,Booking Revenue,58337.72,CLI_041
TX_01866,2025-10-24,Inflow,Booking Revenue,164345.72,CLI_003
TX_01867,2025-10-24,Inflow,Booking Revenue,179771.54,CLI_038
TX_01868,2025-10-24,Outflow,Operations,8707.92,
TX_01869,2025-10-25,Inflow,Booking Revenue,221652.71,CLI_007
TX_01870,2025-10-25,Inflow,Booking Revenue,79340.42,CLI_033
TX_01871,2025-10-25,Inflow,Booking Revenue,78790.87,CLI_027
TX_01872,2025-10-25,Outflow,Operations,17000.82,
TX_01873,2025-10-26,Inflow,Booking Revenue,111933.42,CLI_019
TX_01874,2025-10-26,Inflow,Booking Revenue,82729.63,CLI_035
TX_01875,2025-10-26,Inflow,Booking Revenue,250825.54,CLI_050
TX_01876,2025-10-26,Inflow,Booking Revenue,45834.91,CLI_042
TX_01877,2025-10-26,Inflow,Booking Revenue,26934.0,CLI_010
TX_01878,2025-10-26,Outflow,Operations,8874.72,
TX_01879,2025-10-27,Inflow,Booking Revenue,159072.05,CLI_046
TX_01880,2025-10-27,Inflow,Booking Revenue,121412.95,CLI_021
TX_01881,2025-10-27,Inflow,Booking Revenue,13899.59,CLI_017
TX_01882,2025-10-27,Inflow,Booking Revenue,117521.2,CLI_021
TX_01883,2025-10-27,Inflow,Booking Revenue,137581.68,CLI_031
TX_01884,2025-10-27,Inflow,Booking Revenue,26370.34,CLI_050
TX_01885,2025-10-27,Inflow,Booking Revenue,138063.52,CLI_049
TX_01886,2025-10-27,Outflow,Operations,16007.45,
TX_01887,2025-10-28,Inflow,Booking Revenue,92414.12,CLI_014
TX_01888,2025-10-28,Inflow,Booking Revenue,192295.24,CLI_022
TX_01889,2025-10-28,Inflow,Booking Revenue,230536.06,CLI_032
TX_01890,2025-10-28,Inflow,Booking Revenue,58597.68,CLI_024
TX_01891,2025-10-28,Inflow,Booking Revenue,183654.16,CLI_007
TX_01892,2025-10-28,Inflow,Booking Revenue,161120.12,CLI_021
TX_01893,2025-10-28,Inflow,Booking Revenue,103728.02,CLI_044
TX_01894,2025-10-28,Inflow,Booking Revenue,17615.18,CLI_010
TX_01895,2025-10-28,Inflow,Booking Revenue,115664.94,CLI_029
TX_01896,2025-10-28,Inflow,Booking Revenue,242961.12,CLI_041
TX_01897,2025-10-28,Outflow,Operations,13145.42,
TX_01898,2025-10-29,Inflow,Booking Revenue,234540.26,CLI_022
TX_01899,2025-10-29,Outflow,Operations,7936.64,
TX_01900,2025-10-30,Inflow,Booking Revenue,98032.28,CLI_034
TX_01901,2025-10-30,Inflow,Booking Revenue,121065.98,CLI_003
TX_01902,2025-10-30,Inflow,Booking Revenue,128651.5,CLI_018
TX_01903,2025-10-30,Outflow,Operations,12041.28,
TX_01904,2025-10-31,Inflow,Booking Revenue,51479.31,CLI_035
TX_01905,2025-10-31,Outflow,Operations,5344.35,
TX_01906,2025-11-01,Inflow,Booking Revenue,54162.78,CLI_035
TX_01907,2025-11-01,Inflow,Booking Revenue,66364.73,CLI_046
TX_01908,2025-11-01,Inflow,Booking Revenue,239418.88,CLI_030
TX_01909,2025-11-01,Inflow,Booking Revenue,75421.87,CLI_039
TX_01910,2025-11-01,Inflow,Booking Revenue,56284.1,CLI_040
TX_01911,2025-11-01,Inflow,Booking Revenue,93660.38,CLI_037
TX_01912,2025-11-01,Inflow,Booking Revenue,20430.66,CLI_033
TX_01913,2025-11-01,Inflow,Booking Revenue,112192.6,CLI_013
TX_01914,2025-11-01,Inflow,Booking Revenue,13278.69,CLI_031
TX_01915,2025-11-01,Outflow,Operations,18664.24,
TX_01916,2025-11-02,Inflow,Booking Revenue,153613.35,CLI_016
TX_01917,2025-11-02,Inflow,Booking Revenue,45417.23,CLI_001
TX_01918,2025-11-02,Inflow,Booking Revenue,103836.97,CLI_046
TX_01919,2025-11-02,Inflow,Booking Revenue,39778.2,CLI_026
TX_01920,2025-11-02,Outflow,Operations,5006.56,
TX_01921,2025-11-03,Inflow,Booking Revenue,54414.89,CLI_008
TX_01922,2025-11-03,Inflow,Booking Revenue,49177.57,CLI_046
TX_01923,2025-11-03,Inflow,Booking Revenue,139690.0,CLI_049
TX_01924,2025-11-03,Inflow,Booking Revenue,238753.97,CLI_032
TX_01925,2025-11-03,Outflow,Operations,18046.71,
TX_01926,2025-11-04,Inflow,Booking Revenue,174799.73,CLI_024
TX_01927,2025-11-04,Inflow,Booking Revenue,83906.09,CLI_009
TX_01928,2025-11-04,Inflow,Booking Revenue,106276.52,CLI_030
TX_01929,2025-11-04,Inflow,Booking Revenue,51142.22,CLI_049
TX_01930,2025-11-04,Inflow,Booking Revenue,155280.57,CLI_005
TX_01931,2025-11-04,Inflow,Booking Revenue,38483.3,CLI_006
TX_01932,2025-11-04,Inflow,Booking Revenue,140319.78,CLI_001
TX_01933,2025-11-04,Inflow,Booking Revenue,57253.33,CLI_021
TX_01934,2025-11-04,Inflow,Booking Revenue,125264.44,CLI_037
TX_01935,2025-11-04,Outflow,Operations,14636.6,
TX_01936,2025-11-05,Inflow,Booking Revenue,98230.75,CLI_047
TX_01937,2025-11-05,Inflow,Booking Revenue,252101.71,CLI_050
TX_01938,2025-11-05,Inflow,Booking Revenue,206975.61,CLI_016
TX_01939,2025-11-05,Inflow,Booking Revenue,257956.69,CLI_030
TX_01940,2025-11-05,Inflow,Booking Revenue,154022.2,CLI_049
TX_01941,2025-11-05,Inflow,Booking Revenue,26768.96,CLI_035
TX_01942,2025-11-05,Outflow,Operations,7703.29,
TX_01943,2025-11-06,Inflow,Booking Revenue,19055.76,CLI_030
TX_01944,2025-11-06,Inflow,Booking Revenue,128901.75,CLI_001
TX_01945,2025-11-06,Inflow,Booking Revenue,140922.08,CLI_039
TX_01946,2025-11-06,Inflow,Booking Revenue,126952.65,CLI_011
TX_01947,2025-11-06,Inflow,Booking Revenue,39300.18,CLI_028
TX_01948,2025-11-06,Inflow,Booking Revenue,116841.3,CLI_036
TX_01949,2025-11-06,Inflow,Booking Revenue,240286.52,CLI_020
TX_01950,2025-11-06,Inflow,Booking Revenue,27020.98,CLI_026
TX_01951,2025-11-06,Inflow,Booking Revenue,32227.0,CLI_013
TX_01952,2025-11-06,Outflow,Operations,13613.99,
TX_01953,2025-11-07,Inflow,Booking Revenue,31818.91,CLI_038
TX_01954,2025-11-07,Inflow,Booking Revenue,64759.15,CLI_036
TX_01955,2025-11-07,Inflow,Booking Revenue,74192.21,CLI_043
TX_01956,2025-11-07,Outflow,Operations,8428.19,
TX_01957,2025-11-08,Inflow,Booking Revenue,63655.67,CLI_004
TX_01958,2025-11-08,Inflow,Booking Revenue,132356.38,CLI_001
TX_01959,2025-11-08,Inflow,Booking Revenue,205063.1,CLI_045
TX_01960,2025-11-08,Inflow,Booking Revenue,108035.55,CLI_011
TX_01961,2025-11-08,Outflow,Operations,16853.4,
TX_01962,2025-11-09,Inflow,Booking Revenue,13510.34,CLI_029
TX_01963,2025-11-09,Inflow,Booking Revenue,134664.68,CLI_027
TX_01964,2025-11-09,Inflow,Booking Revenue,28242.81,CLI_032
TX_01965,2025-11-09,Inflow,Booking Revenue,158488.58,CLI_043
TX_01966,2025-11-09,Inflow,Booking Revenue,193492.74,CLI_041
TX_01967,2025-11-09,Inflow,Booking Revenue,78533.66,CLI_022
TX_01968,2025-11-09,Inflow,Booking Revenue,78107.64,CLI_040
TX_01969,2025-11-09,Outflow,Operations,13385.66,
TX_01970,2025-11-10,Inflow,Booking Revenue,112525.98,CLI_037
TX_01971,2025-11-10,Inflow,Booking Revenue,116325.08,CLI_022
TX_01972,2025-11-10,Inflow,Booking Revenue,20602.19,CLI_048
TX_01973,2025-11-10,Inflow,Booking Revenue,114254.26,CLI_037
TX_01974,2025-11-10,Inflow,Booking Revenue,52188.66,CLI_033
TX_01975,2025-11-10,Inflow,Booking Revenue,91590.13,CLI_050
TX_01976,2025-11-10,Inflow,Booking Revenue,78046.22,CLI_004
TX_01977,2025-11-10,Inflow,Booking Revenue,29756.02,CLI_029
TX_01978,2025-11-10,Outflow,Operations,5503.7,
TX_01979,2025-11-11,Inflow,Booking Revenue,46173.95,CLI_025
TX_01980,2025-11-11,Inflow,Booking Revenue,80484.55,CLI_009
TX_01981,2025-11-11,Inflow,Booking Revenue,25323.08,CLI_035
TX_01982,2025-11-11,Inflow,Booking Revenue,28476.77,CLI_018
TX_01983,2025-11-11,Inflow,Booking Revenue,105204.61,CLI_048
TX_01984,2025-11-11,Inflow,Booking Revenue,182798.46,CLI_030
TX_01985,2025-11-11,Outflow,Operations,14647.45,
TX_01986,2025-11-12,Inflow,Booking Revenue,165177.2,CLI_003
TX_01987,2025-11-12,Inflow,Booking Revenue,83060.96,CLI_046
TX_01988,2025-11-12,Inflow,Booking Revenue,50270.77,CLI_044
TX_01989,2025-11-12,Outflow,Operations,13234.67,
TX_01990,2025-11-13,Inflow,Booking Revenue,74840.99,CLI_014
TX_01991,2025-11-13,Inflow,Booking Revenue,109573.62,CLI_010
TX_01992,2025-11-13,Inflow,Booking Revenue,20932.13,CLI_046
TX_01993,2025-11-13,Inflow,Booking Revenue,224284.51,CLI_027
TX_01994,2025-11-13,Inflow,Booking Revenue,89416.47,CLI_046
TX_01995,2025-11-13,Outflow,Operations,14923.34,
TX_01996,2025-11-14,Inflow,Booking Revenue,40728.55,CLI_035
TX_01997,2025-11-14,Inflow,Booking Revenue,136993.3,CLI_030
TX_01998,2025-11-14,Inflow,Booking Revenue,69183.39,CLI_031
TX_01999,2025-11-14,Inflow,Booking Revenue,29102.14,CLI_008
TX_02000,2025-11-14,Inflow,Booking Revenue,28368.28,CLI_026
TX_02001,2025-11-14,Outflow,Operations,19558.0,
TX_02002,2025-11-15,Inflow,Booking Revenue,43770.78,CLI_028
TX_02003,2025-11-15,Inflow,Booking Revenue,81694.55,CLI_028
TX_02004,2025-11-15,Inflow,Booking Revenue,213110.39,CLI_041
TX_02005,2025-11-15,Outflow,Operations,10044.44,
TX_02006,2025-11-16,Outflow,Operations,17896.81,
TX_02007,2025-11-17,Inflow,Booking Revenue,74537.77,CLI_028
TX_02008,2025-11-17,Inflow,Booking Revenue,84225.84,CLI_024
TX_02009,2025-11-17,Inflow,Booking Revenue,33089.21,CLI_026
TX_02010,2025-11-17,Inflow,Booking Revenue,208793.35,CLI_027
TX_02011,2025-11-17,Inflow,Booking Revenue,41926.96,CLI_008
TX_02012,2025-11-17,Outflow,Operations,10559.91,
TX_02013,2025-11-18,Inflow,Booking Revenue,92853.28,CLI_026
TX_02014,2025-11-18,Inflow,Booking Revenue,75246.55,CLI_048
TX_02015,2025-11-18,Outflow,Operations,19959.99,
TX_02016,2025-11-19,Inflow,Booking Revenue,132251.88,CLI_020
TX_02017,2025-11-19,Inflow,Booking Revenue,243167.04,CLI_033
TX_02018,2025-11-19,Inflow,Booking Revenue,166905.54,CLI_008
TX_02019,2025-11-19,Inflow,Booking Revenue,91547.18,CLI_026
TX_02020,2025-11-19,Inflow,Booking Revenue,165265.77,CLI_037
TX_02021,2025-11-19,Inflow,Booking Revenue,27958.4,CLI_049
TX_02022,2025-11-19,Outflow,Operations,11458.27,
TX_02023,2025-11-20,Inflow,Booking Revenue,39803.07,CLI_017
TX_02024,2025-11-20,Inflow,Booking Revenue,88454.42,CLI_003
TX_02025,2025-11-20,Inflow,Booking Revenue,50879.7,CLI_022
TX_02026,2025-11-20,Inflow,Booking Revenue,86522.98,CLI_012
TX_02027,2025-11-20,Inflow,Booking Revenue,141960.03,CLI_023
TX_02028,2025-11-20,Outflow,Operations,12307.36,
TX_02029,2025-11-21,Inflow,Booking Revenue,123557.32,CLI_038
TX_02030,2025-11-21,Inflow,Booking Revenue,84202.4,CLI_048
TX_02031,2025-11-21,Inflow,Booking Revenue,203357.03,CLI_032
TX_02032,2025-11-21,Inflow,Booking Revenue,39722.28,CLI_031
TX_02033,2025-11-21,Inflow,Booking Revenue,203526.6,CLI_050
TX_02034,2025-11-21,Inflow,Booking Revenue,99736.03,CLI_023
TX_02035,2025-11-21,Outflow,Operations,12295.41,
TX_02036,2025-11-22,Inflow,Booking Revenue,102635.86,CLI_042
TX_02037,2025-11-22,Inflow,Booking Revenue,40529.03,CLI_006
TX_02038,2025-11-22,Inflow,Booking Revenue,38151.1,CLI_040
TX_02039,2025-11-22,Inflow,Booking Revenue,65125.76,CLI_023
TX_02040,2025-11-22,Inflow,Booking Revenue,113991.03,CLI_036
TX_02041,2025-11-22,Inflow,Booking Revenue,142827.4,CLI_050
TX_02042,2025-11-22,Outflow,Operations,6077.48,
TX_02043,2025-11-23,Inflow,Booking Revenue,64255.71,CLI_016
TX_02044,2025-11-23,Inflow,Booking Revenue,64308.79,CLI_042
TX_02045,2025-11-23,Inflow,Booking Revenue,147645.03,CLI_034
TX_02046,2025-11-23,Inflow,Booking Revenue,80113.77,CLI_037
TX_02047,2025-11-23,Outflow,Operations,7583.37,
TX_02048,2025-11-24,Inflow,Booking Revenue,51294.85,CLI_005
TX_02049,2025-11-24,Inflow,Booking Revenue,125806.67,CLI_004
TX_02050,2025-11-24,Inflow,Booking Revenue,56578.32,CLI_042
TX_02051,2025-11-24,Inflow,Booking Revenue,164380.54,CLI_019
TX_02052,2025-11-24,Inflow,Booking Revenue,60215.36,CLI_010
TX_02053,2025-11-24,Outflow,Operations,8707.36,
TX_02054,2025-11-25,Inflow,Booking Revenue,73636.24,CLI_020
TX_02055,2025-11-25,Inflow,Booking Revenue,154345.59,CLI_044
TX_02056,2025-11-25,Inflow,Booking Revenue,172313.18,CLI_019
TX_02057,2025-11-25,Inflow,Booking Revenue,212582.22,CLI_011
TX_02058,2025-11-25,Outflow,Operations,9599.29,
TX_02059,2025-11-26,Inflow,Booking Revenue,28447.13,CLI_021
TX_02060,2025-11-26,Inflow,Booking Revenue,50826.19,CLI_026
TX_02061,2025-11-26,Inflow,Booking Revenue,85586.37,CLI_017
TX_02062,2025-11-26,Inflow,Booking Revenue,147197.07,CLI_017
TX_02063,2025-11-26,Inflow,Booking Revenue,133587.91,CLI_050
TX_02064,2025-11-26,Inflow,Booking Revenue,96720.44,CLI_019
TX_02065,2025-11-26,Outflow,Operations,19638.53,
TX_02066,2025-11-27,Inflow,Booking Revenue,180057.13,CLI_014
TX_02067,2025-11-27,Inflow,Booking Revenue,240448.35,CLI_005
TX_02068,2025-11-27,Inflow,Booking Revenue,217641.26,CLI_022
TX_02069,2025-11-27,Inflow,Booking Revenue,194038.24,CLI_032
TX_02070,2025-11-27,Inflow,Booking Revenue,110680.27,CLI_024
TX_02071,2025-11-27,Outflow,Operations,11936.79,
TX_02072,2025-11-28,Inflow,Booking Revenue,91496.29,CLI_009
TX_02073,2025-11-28,Inflow,Booking Revenue,77768.2,CLI_042
TX_02074,2025-11-28,Inflow,Booking Revenue,67852.8,CLI_015
TX_02075,2025-11-28,Inflow,Booking Revenue,40898.05,CLI_029
TX_02076,2025-11-28,Inflow,Booking Revenue,49595.06,CLI_047
TX_02077,2025-11-28,Inflow,Booking Revenue,99091.79,CLI_005
TX_02078,2025-11-28,Inflow,Booking Revenue,117545.8,CLI_024
TX_02079,2025-11-28,Inflow,Booking Revenue,65362.17,CLI_035
TX_02080,2025-11-28,Inflow,Booking Revenue,148255.39,CLI_045
TX_02081,2025-11-28,Outflow,Operations,12228.0,
TX_02082,2025-11-29,Inflow,Booking Revenue,63379.05,CLI_029
TX_02083,2025-11-29,Inflow,Booking Revenue,56620.62,CLI_028
TX_02084,2025-11-29,Inflow,Booking Revenue,46499.92,CLI_015
TX_02085,2025-11-29,Inflow,Booking Revenue,73033.8,CLI_038
TX_02086,2025-11-29,Inflow,Booking Revenue,74618.81,CLI_045
TX_02087,2025-11-29,Inflow,Booking Revenue,205360.74,CLI_045
TX_02088,2025-11-29,Outflow,Operations,5157.01,
TX_02089,2025-11-30,Inflow,Booking Revenue,15874.62,CLI_029
TX_02090,2025-11-30,Inflow,Booking Revenue,53969.61,CLI_043
TX_02091,2025-11-30,Inflow,Booking Revenue,91303.09,CLI_027
TX_02092,2025-11-30,Inflow,Booking Revenue,119786.89,CLI_048
TX_02093,2025-11-30,Inflow,Booking Revenue,25175.46,CLI_046
TX_02094,2025-11-30,Inflow,Booking Revenue,32244.44,CLI_025
TX_02095,2025-11-30,Inflow,Booking Revenue,145441.25,CLI_001
TX_02096,2025-11-30,Outflow,Operations,5219.02,
TX_02097,2025-12-01,Inflow,Booking Revenue,69856.18,CLI_025
TX_02098,2025-12-01,Inflow,Booking Revenue,23220.4,CLI_032
TX_02099,2025-12-01,Inflow,Booking Revenue,103553.95,CLI_005
TX_02100,2025-12-01,Inflow,Booking Revenue,152380.67,CLI_007
TX_02101,2025-12-01,Inflow,Booking Revenue,133398.35,CLI_017
TX_02102,2025-12-01,Inflow,Booking Revenue,250087.21,CLI_014
TX_02103,2025-12-01,Outflow,Operations,17977.87,
TX_02104,2025-12-02,Inflow,Booking Revenue,40763.85,CLI_005
TX_02105,2025-12-02,Inflow,Booking Revenue,126912.8,CLI_006
TX_02106,2025-12-02,Inflow,Booking Revenue,193323.93,CLI_045
TX_02107,2025-12-02,Inflow,Booking Revenue,20322.6,CLI_017
TX_02108,2025-12-02,Inflow,Booking Revenue,48702.76,CLI_008
TX_02109,2025-12-02,Inflow,Booking Revenue,67950.59,CLI_042
TX_02110,2025-12-02,Inflow,Booking Revenue,178936.99,CLI_022
TX_02111,2025-12-02,Inflow,Booking Revenue,62570.53,CLI_035
TX_02112,2025-12-02,Inflow,Booking Revenue,28113.01,CLI_024
TX_02113,2025-12-02,Outflow,Operations,12659.76,
TX_02114,2025-12-03,Inflow,Booking Revenue,41865.75,CLI_011
TX_02115,2025-12-03,Inflow,Booking Revenue,62460.8,CLI_035
TX_02116,2025-12-03,Inflow,Booking Revenue,221226.99,CLI_022
TX_02117,2025-12-03,Inflow,Booking Revenue,121820.67,CLI_036
TX_02118,2025-12-03,Inflow,Booking Revenue,77551.52,CLI_003
TX_02119,2025-12-03,Outflow,Operations,9447.5,
TX_02120,2025-12-04,Inflow,Booking Revenue,127475.51,CLI_048
TX_02121,2025-12-04,Inflow,Booking Revenue,75731.3,CLI_015
TX_02122,2025-12-04,Inflow,Booking Revenue,115051.79,CLI_042
TX_02123,2025-12-04,Inflow,Booking Revenue,68807.73,CLI_038
TX_02124,2025-12-04,Inflow,Booking Revenue,70219.22,CLI_016
TX_02125,2025-12-04,Inflow,Booking Revenue,132290.98,CLI_044
TX_02126,2025-12-04,Inflow,Booking Revenue,22994.74,CLI_035
TX_02127,2025-12-04,Inflow,Booking Revenue,42997.7,CLI_028
TX_02128,2025-12-04,Inflow,Booking Revenue,165270.89,CLI_005
TX_02129,2025-12-04,Inflow,Booking Revenue,136690.9,CLI_019
TX_02130,2025-12-04,Outflow,Operations,12526.71,
TX_02131,2025-12-05,Inflow,Booking Revenue,34383.04,CLI_028
TX_02132,2025-12-05,Inflow,Booking Revenue,115048.46,CLI_029
TX_02133,2025-12-05,Inflow,Booking Revenue,149597.51,CLI_015
TX_02134,2025-12-05,Inflow,Booking Revenue,31958.71,CLI_021
TX_02135,2025-12-05,Inflow,Booking Revenue,33074.39,CLI_028
TX_02136,2025-12-05,Inflow,Booking Revenue,59168.31,CLI_007
TX_02137,2025-12-05,Inflow,Booking Revenue,173389.23,CLI_008
TX_02138,2025-12-05,Inflow,Booking Revenue,83201.18,CLI_031
TX_02139,2025-12-05,Outflow,Operations,5891.93,
TX_02140,2025-12-06,Inflow,Booking Revenue,213125.55,CLI_023
TX_02141,2025-12-06,Inflow,Booking Revenue,144057.05,CLI_042
TX_02142,2025-12-06,Inflow,Booking Revenue,181766.62,CLI_006
TX_02143,2025-12-06,Inflow,Booking Revenue,213096.55,CLI_011
TX_02144,2025-12-06,Inflow,Booking Revenue,177626.91,CLI_032
TX_02145,2025-12-06,Inflow,Booking Revenue,24843.45,CLI_003
TX_02146,2025-12-06,Inflow,Booking Revenue,100482.65,CLI_046
TX_02147,2025-12-06,Outflow,Operations,8352.09,
TX_02148,2025-12-07,Inflow,Booking Revenue,131351.24,CLI_018
TX_02149,2025-12-07,Inflow,Booking Revenue,52225.93,CLI_018
TX_02150,2025-12-07,Inflow,Booking Revenue,108169.18,CLI_015
TX_02151,2025-12-07,Inflow,Booking Revenue,232257.63,CLI_022
TX_02152,2025-12-07,Inflow,Booking Revenue,224090.95,CLI_022
TX_02153,2025-12-07,Inflow,Booking Revenue,114008.95,CLI_040
TX_02154,2025-12-07,Inflow,Booking Revenue,135602.63,CLI_040
TX_02155,2025-12-07,Inflow,Booking Revenue,251625.24,CLI_022
TX_02156,2025-12-07,Outflow,Operations,10313.96,
TX_02157,2025-12-08,Inflow,Booking Revenue,35553.04,CLI_032
TX_02158,2025-12-08,Inflow,Booking Revenue,95592.78,CLI_008
TX_02159,2025-12-08,Inflow,Booking Revenue,145488.82,CLI_023
TX_02160,2025-12-08,Inflow,Booking Revenue,32108.69,CLI_003
TX_02161,2025-12-08,Inflow,Booking Revenue,209884.12,CLI_050
TX_02162,2025-12-08,Inflow,Booking Revenue,46967.48,CLI_015
TX_02163,2025-12-08,Outflow,Operations,7259.7,
TX_02164,2025-12-09,Inflow,Booking Revenue,139280.83,CLI_028
TX_02165,2025-12-09,Inflow,Booking Revenue,142004.9,CLI_025
TX_02166,2025-12-09,Inflow,Booking Revenue,230365.13,CLI_006
TX_02167,2025-12-09,Inflow,Booking Revenue,125538.15,CLI_017
TX_02168,2025-12-09,Inflow,Booking Revenue,59310.63,CLI_006
TX_02169,2025-12-09,Outflow,Operations,7902.41,
TX_02170,2025-12-10,Inflow,Booking Revenue,66820.72,CLI_046
TX_02171,2025-12-10,Inflow,Booking Revenue,142461.13,CLI_026
TX_02172,2025-12-10,Inflow,Booking Revenue,87027.56,CLI_047
TX_02173,2025-12-10,Inflow,Booking Revenue,99853.25,CLI_038
TX_02174,2025-12-10,Inflow,Booking Revenue,164546.46,CLI_006
TX_02175,2025-12-10,Inflow,Booking Revenue,76200.47,CLI_034
TX_02176,2025-12-10,Inflow,Booking Revenue,51987.88,CLI_038
TX_02177,2025-12-10,Outflow,Operations,14400.29,
TX_02178,2025-12-11,Inflow,Booking Revenue,75150.75,CLI_034
TX_02179,2025-12-11,Inflow,Booking Revenue,117247.54,CLI_039
TX_02180,2025-12-11,Inflow,Booking Revenue,90101.18,CLI_010
TX_02181,2025-12-11,Inflow,Booking Revenue,234285.55,CLI_030
TX_02182,2025-12-11,Inflow,Booking Revenue,18431.13,CLI_048
TX_02183,2025-12-11,Outflow,Operations,11333.36,
TX_02184,2025-12-12,Inflow,Booking Revenue,25959.31,CLI_043
TX_02185,2025-12-12,Inflow,Booking Revenue,130414.22,CLI_022
TX_02186,2025-12-12,Inflow,Booking Revenue,20540.2,CLI_029
TX_02187,2025-12-12,Inflow,Booking Revenue,164840.03,CLI_002
TX_02188,2025-12-12,Inflow,Booking Revenue,239011.21,CLI_041
TX_02189,2025-12-12,Inflow,Booking Revenue,47094.8,CLI_022
TX_02190,2025-12-12,Inflow,Booking Revenue,159987.79,CLI_007
TX_02191,2025-12-12,Outflow,Operations,6649.66,
TX_02192,2025-12-13,Inflow,Booking Revenue,118665.79,CLI_046
TX_02193,2025-12-13,Inflow,Booking Revenue,121378.45,CLI_031
TX_02194,2025-12-13,Inflow,Booking Revenue,78173.21,CLI_002
TX_02195,2025-12-13,Inflow,Booking Revenue,214163.03,CLI_050
TX_02196,2025-12-13,Inflow,Booking Revenue,252248.68,CLI_022
TX_02197,2025-12-13,Inflow,Booking Revenue,121607.21,CLI_002
TX_02198,2025-12-13,Inflow,Booking Revenue,54812.83,CLI_044
TX_02199,2025-12-13,Inflow,Booking Revenue,143559.44,CLI_048
TX_02200,2025-12-13,Outflow,Operations,7235.24,
TX_02201,2025-12-14,Inflow,Booking Revenue,154821.61,CLI_008
TX_02202,2025-12-14,Inflow,Booking Revenue,29054.01,CLI_006
TX_02203,2025-12-14,Inflow,Booking Revenue,66853.0,CLI_029
TX_02204,2025-12-14,Inflow,Booking Revenue,25118.93,CLI_043
TX_02205,2025-12-14,Inflow,Booking Revenue,73356.9,CLI_023
TX_02206,2025-12-14,Inflow,Booking Revenue,221865.33,CLI_006
TX_02207,2025-12-14,Inflow,Booking Revenue,164412.99,CLI_020
TX_02208,2025-12-14,Inflow,Booking Revenue,92287.56,CLI_001
TX_02209,2025-12-14,Outflow,Operations,6779.4,
TX_02210,2025-12-15,Inflow,Booking Revenue,199132.58,CLI_041
TX_02211,2025-12-15,Inflow,Booking Revenue,218904.24,CLI_043
TX_02212,2025-12-15,Inflow,Booking Revenue,34862.12,CLI_004
TX_02213,2025-12-15,Inflow,Booking Revenue,144998.25,CLI_043
TX_02214,2025-12-15,Inflow,Booking Revenue,84725.71,CLI_016
TX_02215,2025-12-15,Inflow,Booking Revenue,111156.61,CLI_021
TX_02216,2025-12-15,Inflow,Booking Revenue,50338.75,CLI_004
TX_02217,2025-12-15,Inflow,Booking Revenue,44648.4,CLI_040
TX_02218,2025-12-15,Outflow,Operations,9240.27,
TX_02219,2025-12-16,Inflow,Booking Revenue,75423.16,CLI_044
TX_02220,2025-12-16,Inflow,Booking Revenue,114658.73,CLI_009
TX_02221,2025-12-16,Inflow,Booking Revenue,118566.29,CLI_009
TX_02222,2025-12-16,Inflow,Booking Revenue,161869.75,CLI_048
TX_02223,2025-12-16,Inflow,Booking Revenue,212501.49,CLI_050
TX_02224,2025-12-16,Outflow,Operations,6563.07,
TX_02225,2025-12-17,Inflow,Booking Revenue,210639.07,CLI_015
TX_02226,2025-12-17,Inflow,Booking Revenue,151169.9,CLI_049
TX_02227,2025-12-17,Inflow,Booking Revenue,137697.51,CLI_042
TX_02228,2025-12-17,Inflow,Booking Revenue,57878.17,CLI_034
TX_02229,2025-12-17,Inflow,Booking Revenue,158241.81,CLI_023
TX_02230,2025-12-17,Inflow,Booking Revenue,112963.86,CLI_021
TX_02231,2025-12-17,Inflow,Booking Revenue,35115.13,CLI_007
TX_02232,2025-12-17,Inflow,Booking Revenue,73067.63,CLI_041
TX_02233,2025-12-17,Inflow,Booking Revenue,106684.12,CLI_032
TX_02234,2025-12-17,Outflow,Operations,15082.48,
TX_02235,2025-12-18,Inflow,Booking Revenue,44948.14,CLI_039
TX_02236,2025-12-18,Inflow,Booking Revenue,12511.4,CLI_001
TX_02237,2025-12-18,Inflow,Booking Revenue,29395.97,CLI_034
TX_02238,2025-12-18,Inflow,Booking Revenue,116353.99,CLI_040
TX_02239,2025-12-18,Inflow,Booking Revenue,94032.66,CLI_027
TX_02240,2025-12-18,Inflow,Booking Revenue,122155.62,CLI_005
TX_02241,2025-12-18,Inflow,Booking Revenue,223425.34,CLI_038
TX_02242,2025-12-18,Inflow,Booking Revenue,158968.64,CLI_043
TX_02243,2025-12-18,Outflow,Operations,17322.04,
TX_02244,2025-12-19,Inflow,Booking Revenue,209396.57,CLI_045
TX_02245,2025-12-19,Inflow,Booking Revenue,129696.86,CLI_023
TX_02246,2025-12-19,Inflow,Booking Revenue,94880.64,CLI_025
TX_02247,2025-12-19,Inflow,Booking Revenue,102029.69,CLI_045
TX_02248,2025-12-19,Inflow,Booking Revenue,98860.84,CLI_018
TX_02249,2025-12-19,Inflow,Booking Revenue,91706.75,CLI_002
TX_02250,2025-12-19,Outflow,Operations,14553.14,
TX_02251,2025-12-20,Inflow,Booking Revenue,130147.77,CLI_012
TX_02252,2025-12-20,Inflow,Booking Revenue,148184.01,CLI_038
TX_02253,2025-12-20,Inflow,Booking Revenue,164410.83,CLI_036
TX_02254,2025-12-20,Inflow,Booking Revenue,84313.97,CLI_002
TX_02255,2025-12-20,Inflow,Booking Revenue,43259.4,CLI_013
TX_02256,2025-12-20,Inflow,Booking Revenue,175984.95,CLI_048
TX_02257,2025-12-20,Inflow,Booking Revenue,134644.22,CLI_002
TX_02258,2025-12-20,Inflow,Booking Revenue,202443.25,CLI_014
TX_02259,2025-12-20,Inflow,Booking Revenue,118364.97,CLI_035
TX_02260,2025-12-20,Inflow,Booking Revenue,79430.25,CLI_029
TX_02261,2025-12-20,Outflow,Operations,5569.46,
TX_02262,2025-12-21,Inflow,Booking Revenue,110191.85,CLI_012
TX_02263,2025-12-21,Inflow,Booking Revenue,77717.19,CLI_012
TX_02264,2025-12-21,Outflow,Operations,6639.47,
TX_02265,2025-12-22,Inflow,Booking Revenue,36061.71,CLI_036
TX_02266,2025-12-22,Inflow,Booking Revenue,109085.84,CLI_044
TX_02267,2025-12-22,Inflow,Booking Revenue,154896.7,CLI_027
TX_02268,2025-12-22,Inflow,Booking Revenue,131598.92,CLI_018
TX_02269,2025-12-22,Inflow,Booking Revenue,131967.54,CLI_036
TX_02270,2025-12-22,Inflow,Booking Revenue,20264.05,CLI_025
TX_02271,2025-12-22,Outflow,Operations,14039.98,
TX_02272,2025-12-23,Inflow,Booking Revenue,131711.79,CLI_008
TX_02273,2025-12-23,Inflow,Booking Revenue,64727.15,CLI_026
TX_02274,2025-12-23,Inflow,Booking Revenue,93046.37,CLI_021
TX_02275,2025-12-23,Inflow,Booking Revenue,47504.61,CLI_040
TX_02276,2025-12-23,Inflow,Booking Revenue,198014.14,CLI_030
TX_02277,2025-12-23,Inflow,Booking Revenue,25415.81,CLI_035
TX_02278,2025-12-23,Inflow,Booking Revenue,99513.69,CLI_043
TX_02279,2025-12-23,Inflow,Booking Revenue,179280.83,CLI_006
TX_02280,2025-12-23,Inflow,Booking Revenue,81119.14,CLI_049
TX_02281,2025-12-23,Outflow,Operations,8485.82,
TX_02282,2025-12-24,Inflow,Booking Revenue,74437.09,CLI_036
TX_02283,2025-12-24,Inflow,Booking Revenue,93383.66,CLI_034
TX_02284,2025-12-24,Inflow,Booking Revenue,18481.37,CLI_050
TX_02285,2025-12-24,Inflow,Booking Revenue,18102.56,CLI_043
TX_02286,2025-12-24,Outflow,Operations,15359.81,
TX_02287,2025-12-25,Inflow,Booking Revenue,19289.19,CLI_035
TX_02288,2025-12-25,Inflow,Booking Revenue,126681.86,CLI_035
TX_02289,2025-12-25,Inflow,Booking Revenue,79362.29,CLI_014
TX_02290,2025-12-25,Inflow,Booking Revenue,95120.27,CLI_040
TX_02291,2025-12-25,Inflow,Booking Revenue,156573.55,CLI_047
TX_02292,2025-12-25,Outflow,Operations,13146.17,
TX_02293,2025-12-26,Inflow,Booking Revenue,163415.81,CLI_040
TX_02294,2025-12-26,Inflow,Booking Revenue,114935.1,CLI_036
TX_02295,2025-12-26,Inflow,Booking Revenue,159672.73,CLI_043
TX_02296,2025-12-26,Outflow,Operations,19703.08,
TX_02297,2025-12-27,Inflow,Booking Revenue,34244.49,CLI_035
TX_02298,2025-12-27,Inflow,Booking Revenue,37390.29,CLI_001
TX_02299,2025-12-27,Inflow,Booking Revenue,78193.58,CLI_019
TX_02300,2025-12-27,Outflow,Operations,13625.86,
TX_02301,2025-12-28,Inflow,Booking Revenue,220016.65,CLI_043
TX_02302,2025-12-28,Inflow,Booking Revenue,28712.46,CLI_043
TX_02303,2025-12-28,Inflow,Booking Revenue,82544.23,CLI_036
TX_02304,2025-12-28,Inflow,Booking Revenue,129268.22,CLI_009
TX_02305,2025-12-28,Outflow,Operations,5792.44,
TX_02306,2025-12-29,Inflow,Booking Revenue,47122.38,CLI_048
TX_02307,2025-12-29,Inflow,Booking Revenue,103150.81,CLI_047
TX_02308,2025-12-29,Inflow,Booking Revenue,75590.76,CLI_007
TX_02309,2025-12-29,Inflow,Booking Revenue,235353.37,CLI_016
TX_02310,2025-12-29,Inflow,Booking Revenue,28525.26,CLI_043
TX_02311,2025-12-29,Inflow,Booking Revenue,75340.33,CLI_037
TX_02312,2025-12-29,Inflow,Booking Revenue,82659.83,CLI_050
TX_02313,2025-12-29,Inflow,Booking Revenue,158171.58,CLI_040
TX_02314,2025-12-29,Outflow,Operations,5837.21,
TX_02315,2025-12-30,Inflow,Booking Revenue,64796.16,CLI_042
TX_02316,2025-12-30,Inflow,Booking Revenue,21015.86,CLI_010
TX_02317,2025-12-30,Inflow,Booking Revenue,92326.32,CLI_042
TX_02318,2025-12-30,Inflow,Booking Revenue,56202.64,CLI_011
TX_02319,2025-12-30,Inflow,Booking Revenue,140174.52,CLI_032
TX_02320,2025-12-30,Inflow,Booking Revenue,170715.97,CLI_027
TX_02321,2025-12-30,Inflow,Booking Revenue,21087.6,CLI_048
TX_02322,2025-12-30,Inflow,Booking Revenue,218409.23,CLI_011
TX_02323,2025-12-30,Inflow,Booking Revenue,139585.9,CLI_006
TX_02324,2025-12-30,Inflow,Booking Revenue,69362.16,CLI_037
TX_02325,2025-12-30,Outflow,Operations,10214.48,
TX_02326,2025-12-31,Inflow,Booking Revenue,53023.08,CLI_029
TX_02327,2025-12-31,Inflow,Booking Revenue,29625.56,CLI_035
TX_02328,2025-12-31,Inflow,Booking Revenue,112876.57,CLI_006
TX_02329,2025-12-31,Inflow,Booking Revenue,246174.01,CLI_030
TX_02330,2025-12-31,Inflow,Booking Revenue,83227.67,CLI_044
TX_02331,2025-12-31,Outflow,Operations,18681.98,
