previous_consumption,people,temperature,day_of_week,is_holiday,food_demand
122,1,17,5,1,109.54091056087104
455,4,16,3,1,310.4644703280964
368,5,16,2,1,358.0458190814177
290,12,27,5,1,403.0629021253606
126,11,23,1,1,281.9066490454497
91,3,30,2,1,157.63678787919838
208,13,19,3,0,340.3572478721352
40,9,37,5,1,251.10295792791817
122,1,35,6,0,107.61414842286064
141,6,21,0,1,249.79081338926898
486,6,27,5,0,393.6996711099585
234,10,34,6,1,401.79821998337763
350,5,38,6,0,348.8158289510908
478,12,27,5,0,411.0370569095844
107,5,21,4,1,228.83947947675125
392,10,24,5,0,418.14982498549074
119,14,29,3,1,342.77254495288
379,13,35,6,1,475.84848485753844
171,5,20,0,0,208.73450214482483
150,6,19,3,1,212.71569982406345
169,8,37,1,0,273.6454226357434
328,2,16,2,0,246.00074891651826
277,6,35,5,1,338.8545581738016
363,1,29,4,1,271.1643047207652
433,4,30,0,1,386.9552111328245
313,14,33,4,1,468.5579052508586
405,10,23,4,1,433.87410905893745
211,3,36,4,0,212.2013527403759
463,9,33,5,0,432.36922912662277
296,3,21,0,1,249.51817036760454
180,6,18,0,1,207.188968305927
479,1,17,6,1,312.9041566860203
333,12,38,4,0,420.056955078104
41,6,34,6,0,181.2457755897533
272,4,25,6,0,270.2430919673699
255,8,15,2,1,294.4543031054658
364,13,20,5,1,439.6449599297056
68,11,25,5,0,264.3235519524244
494,9,15,3,1,426.9495577083631
78,4,35,6,1,202.07499057616957
189,10,21,5,0,278.33435972871285
495,12,20,4,0,462.6275123457715
207,10,28,1,1,354.66289778421356
483,6,16,4,0,356.0309388803912
290,1,18,0,1,241.8148801447967
209,4,25,5,0,175.45133783589682
465,7,29,5,0,366.90770652161075
194,12,32,3,1,324.635998185023
465,1,15,6,1,284.18458765666065
70,8,17,1,0,226.13687325698345
383,12,17,5,1,435.14928182633093
74,10,21,3,0,214.57394499085086
263,12,15,3,1,387.15613649984846
339,11,39,1,0,430.98022114514345
150,6,25,4,0,190.58304371874948
326,5,20,4,0,327.96400235948227
154,10,34,4,1,330.52661686002114
40,11,17,2,0,227.04703976908684
348,14,33,6,0,459.9446630271572
186,9,16,6,0,269.9027574009195
293,2,32,4,0,228.07053190571045
407,5,26,1,1,402.75038581925605
108,6,24,2,1,216.29623106512682
335,7,19,6,0,329.65035555286653
33,5,23,4,0,128.00130755557504
261,9,16,2,1,314.4546699379337
284,1,16,1,0,227.0372922650198
365,7,20,4,1,355.3325792676232
72,10,24,0,0,233.31785598020912
405,7,32,5,1,407.1723441101002
359,4,26,1,0,343.53540942641604
111,9,18,3,1,299.87522335842857
386,14,36,3,1,530.6756521665154
463,12,35,1,1,568.572451654809
474,11,31,3,0,445.1084656015818
447,5,29,6,1,399.6176798138278
283,4,20,1,1,273.0164586196088
450,13,30,0,0,444.61824535928287
54,7,31,1,0,203.2619386132755
225,4,17,4,0,196.683470401719
100,3,24,4,0,173.6700168196062
439,9,19,2,1,414.59956271123264
69,11,28,3,0,246.46216061554316
379,8,35,5,0,410.1613765170261
407,1,27,3,0,271.19092043155655
21,7,20,6,0,178.7575538749431
409,9,26,1,0,399.987188798466
73,8,22,5,0,209.25542922606945
125,8,19,5,0,215.61905254239187
279,13,29,3,1,432.54420091414016
329,6,30,5,1,341.8701637602155
496,11,15,5,1,456.9239310468726
210,4,30,4,1,252.9149136936709
421,8,19,0,1,424.25661577350115
237,3,17,1,0,208.2201845118273
63,13,34,3,0,309.8688146265353
181,9,29,4,0,283.5293474288422
221,13,27,6,0,320.7441968763701
465,2,38,6,1,344.0714300316185
289,2,30,2,1,258.71988892912265
370,12,37,5,0,416.29875308965427
323,13,25,5,0,396.0128487481846
290,12,35,3,1,413.78890860571596
475,7,16,0,1,393.89182519744867
481,12,36,0,1,551.2433971060823
234,10,20,3,0,305.9404345014094
271,4,20,3,0,254.1934031620107
209,10,28,4,1,343.7788988911605
315,8,39,6,1,413.8149321532023
232,9,25,3,0,321.4195921029525
227,7,22,6,0,250.66968260658865
256,5,22,2,0,286.2325894659636
357,8,15,6,0,319.4095518596317
386,4,35,4,1,357.0000133166332
72,2,21,5,1,145.54053666060656
299,11,20,5,1,394.26729520428995
429,12,35,6,0,480.4235978995247
236,6,22,5,0,236.86431162504618
271,9,33,5,0,350.7467053362673
207,1,36,1,1,232.12291114017347
399,11,35,2,1,464.5094406957817
60,10,38,4,1,282.2051299209188
176,12,34,4,0,319.83796708948586
34,7,22,5,0,175.60702324248905
320,10,28,0,1,382.7906096008341
84,9,32,4,0,245.75761540399296
364,10,39,2,1,437.9734195436382
346,9,30,3,1,371.31678488501547
28,10,23,2,1,221.33122972254014
363,11,29,5,1,442.5955171554707
148,13,24,5,0,306.5136377206118
155,3,36,1,0,183.33159663024935
491,11,30,6,0,455.22105195511296
82,13,18,4,0,257.39976954271026
158,5,34,6,0,254.85333035712696
100,8,27,6,0,201.60121725990766
411,8,36,4,1,456.95806491330353
182,4,19,4,0,182.38537558403442
438,12,36,5,0,457.92491014844245
308,11,21,4,0,368.67647127662536
398,11,37,0,1,469.06081568540895
280,1,23,0,0,197.05000098262673
250,1,22,3,1,218.39767260986943
60,4,30,4,0,150.74396393872536
47,6,20,1,0,149.1880449732032
154,8,30,3,0,275.7134875850148
220,6,20,5,1,241.06046568977678
347,12,28,4,1,421.20670353671176
287,9,35,0,0,332.7356966539617
437,9,15,1,0,362.3412667598218
52,14,39,3,0,315.71853218664813
67,2,23,1,1,149.60839118148982
426,10,39,4,1,431.74939010958155
81,1,38,2,0,122.01893853928388
235,2,27,1,1,225.06672838901767
312,5,33,1,1,321.2828808768514
118,4,31,5,1,185.29824060266947
191,4,25,0,1,229.2335825434474
379,9,22,4,0,350.2775421625979
233,11,37,1,0,348.8124578659736
494,8,19,4,1,400.6074496266893
54,6,24,0,1,188.4488115326204
468,1,21,5,1,306.61932808075017
246,2,24,4,0,195.75037904506223
120,6,18,6,0,192.01585420628948
450,11,23,0,1,465.1052987916956
481,2,28,0,1,372.3679040355112
150,13,16,3,1,324.78467173607316
276,10,39,5,1,408.3776963573019
24,5,23,5,0,155.49974212760327
237,14,35,6,0,403.9751941092791
274,5,15,4,0,241.58404338935577
417,6,37,2,0,380.78724168357576
378,6,24,6,0,333.1816723490891
302,14,24,3,0,429.02486016186515
412,6,34,5,1,409.8759891901973
226,14,39,0,1,447.1165442084955
34,2,36,5,0,119.8805191512362
365,14,17,6,0,433.3245326538497
61,10,20,2,0,226.95052526511935
399,14,20,1,1,455.3524119578459
480,13,35,1,1,556.3783203685063
198,14,16,5,1,337.61418940111065
82,3,32,5,1,194.24373315254076
371,14,37,3,0,474.83992193715414
250,6,16,5,1,271.3142354446159
260,13,26,2,0,384.823803176525
71,8,36,5,1,265.87138652458896
115,12,19,4,1,279.3440018649385
407,13,34,6,1,524.8225256416301
241,11,21,2,1,358.9427610770333
426,12,38,3,0,515.2946460908184
250,1,30,4,0,215.79542057273412
256,1,34,4,0,211.9879469383077
162,11,15,6,0,262.19921428014766
190,13,15,1,0,317.7832092561454
48,2,31,2,0,118.9966145716533
55,11,15,6,0,251.80860308655443
32,12,35,4,1,320.5331966862106
179,12,34,3,0,346.5297696494989
346,6,27,6,1,382.38382338473326
206,9,23,1,0,243.67637740798895
262,4,29,4,1,288.25574773056616
105,3,17,6,0,156.6130383704087
303,12,28,2,1,428.448755428311
85,8,37,1,0,209.84384042353003
189,11,25,2,0,337.28886267035585
64,10,38,2,0,273.2269712674687
81,14,36,2,0,329.3602392042692
460,9,26,6,1,448.76715982312146
153,12,27,1,0,350.3740413629751
303,11,27,6,0,379.390350874659
47,5,15,6,1,153.6616068252567
127,9,38,6,0,258.2724299820888
63,2,24,4,1,154.6505827841723
359,3,17,5,1,308.22466790551204
305,7,38,0,0,334.6303110896738
465,7,18,4,0,362.3444304030785
350,6,30,1,1,381.601131964241
147,6,22,0,0,189.75169164606336
367,2,30,0,1,342.8889076266396
492,10,31,0,0,443.30932363303936
250,6,33,5,0,255.43403972302664
209,4,36,6,1,243.4926660527327
244,12,29,3,0,337.8055834341353
404,3,30,1,0,302.268077919263
396,13,29,5,0,441.6365496879831
302,11,39,5,1,444.4927964966143
465,13,16,3,0,477.1414963057896
140,2,25,0,1,175.52977881968621
135,1,15,6,0,174.56768811529741
480,11,29,3,1,488.26477866430014
252,11,33,3,0,354.9296728987427
278,5,18,5,0,224.45164103735232
378,2,25,1,1,297.3891935075006
217,2,19,2,0,182.448013827822
475,7,17,6,1,382.81558212212377
430,8,27,3,0,379.0261715038061
156,13,24,6,1,357.54021459951224
337,10,25,3,0,358.0032904179846
184,8,32,0,1,291.3168165525811
244,14,16,6,0,379.6426602840789
326,4,21,0,1,269.3577237773387
253,14,23,5,1,390.74155242812685
191,1,24,0,0,162.0475868116856
171,11,32,6,1,361.4231852548057
482,7,37,4,1,456.1104793245324
334,1,21,6,0,219.5222548928758
393,11,21,3,0,397.39222761591816
179,4,17,0,0,203.70883765653073
115,8,26,1,0,246.68002865941367
491,2,21,4,0,318.4969850368581
252,6,31,5,0,272.4476260172696
199,13,15,2,1,355.20544385290606
132,6,19,3,1,209.45605102813852
337,12,30,3,1,435.496486972102
461,9,29,1,0,413.70926656018867
71,5,16,2,0,140.4831036324308
287,10,23,2,1,360.42631460678194
314,4,21,5,1,299.47903747876
405,5,18,5,0,329.8681079969887
406,12,34,4,1,473.40568359570625
132,12,32,3,0,293.76240662266537
120,10,35,0,0,294.23243468368344
132,11,18,5,1,300.69517625576884
459,5,27,1,0,351.16527842965957
100,8,15,1,0,227.51103826726415
206,10,38,1,0,317.69931479067014
132,12,17,6,0,240.14127368639646
21,8,30,5,1,206.34081258736003
149,2,36,5,0,208.86756953782626
239,7,18,1,0,254.14592537866386
73,8,39,5,1,254.19121417128085
362,11,37,6,0,420.5320624250713
243,6,39,0,0,309.72126175785803
244,5,30,0,1,285.34200018565684
404,11,33,4,1,474.82695163817283
422,9,15,3,0,372.2146753812638
145,13,19,0,0,317.4842234229273
149,3,33,4,1,219.10525587803022
72,12,36,2,0,280.04016450221553
191,13,38,3,0,371.6618395320267
237,13,25,0,0,352.6498018457053
179,10,27,6,1,295.9362329633379
217,4,34,2,0,236.10224412295722
435,9,19,4,1,394.712512842203
266,6,35,0,1,334.9485907105778
343,8,18,0,1,356.7501845655036
458,7,18,5,1,428.46583896847665
222,11,18,2,0,305.3952577795151
203,2,18,0,1,197.0994560631295
142,3,34,1,0,154.60747897706972
420,1,35,6,1,302.91813377658906
274,9,32,5,1,332.4255447530295
313,13,32,5,0,437.0498762229233
299,7,30,0,1,335.3089137001176
344,1,23,6,1,289.5415950278681
391,3,32,5,0,250.8877773185233
117,4,36,3,1,251.46148797088216
217,4,16,2,1,229.13954218590243
489,5,35,3,1,426.2969477793066
414,14,18,4,0,431.7411453963366
259,3,26,3,1,267.0457983767465
163,3,21,6,0,161.0217170788958
116,1,29,1,0,107.12091555909534
220,7,21,5,0,232.84667294196132
143,11,36,6,1,313.992991268354
206,10,35,5,1,360.6047919159366
345,14,31,1,1,461.78736768276804
483,1,30,5,1,313.6981248858033
368,2,33,3,0,287.3859902807542
278,13,23,4,0,336.5454095359467
167,4,28,0,1,256.0814419398819
271,13,31,1,1,462.22821152546504
462,4,19,3,0,302.7515264894652
439,5,16,6,1,377.5490126322809
422,11,34,3,1,480.98196004811007
365,2,30,3,1,292.4992264690144
470,4,28,0,1,371.9325515874032
166,1,28,2,1,197.08956625820215
167,2,15,5,1,172.70098404793083
371,1,17,5,0,182.6158168538631
218,10,21,6,0,342.46028806007047
327,10,29,4,0,380.1634837196961
436,13,33,6,0,477.9597843836591
443,4,34,2,1,365.1315352063031
147,4,16,5,1,191.7207899266714
58,7,33,4,0,225.38374517702383
357,10,23,6,0,379.73236869092403
379,11,33,4,0,428.0074924889601
148,11,19,3,0,252.01658760706218
286,9,32,1,0,335.00739447546556
495,9,30,3,1,473.521030134867
460,5,18,0,1,384.93132686915084
492,10,26,5,0,439.68367580242693
453,1,21,4,0,302.05737530950427
170,1,28,6,1,163.11293583309117
434,6,37,1,1,412.39072646173923
497,2,26,6,1,358.5477024220309
317,8,17,5,0,282.1894707722882
118,13,19,4,1,321.0458368664821
282,9,31,4,0,326.3479095886772
271,13,24,3,0,406.77549454985854
163,4,24,1,1,211.29487928157826
365,5,25,1,1,344.5174106918543
131,11,31,5,1,297.8791603436932
79,8,19,4,0,202.23137786826447
388,3,27,1,1,314.699073827809
21,5,24,1,1,147.97447032064048
404,3,23,6,0,349.67784463874887
323,12,31,5,1,426.4310194250026
273,10,15,3,1,342.2610214135212
159,3,18,6,0,178.53986905500275
472,3,18,6,0,301.6314663694799
56,13,32,2,0,295.0654455482174
179,12,23,0,0,325.70640824888363
28,7,39,2,0,201.89400852923416
252,7,32,1,1,370.9267863185872
118,7,28,4,1,233.91461900942662
166,10,39,0,0,341.7520120314796
323,8,29,0,1,378.9428080485113
227,5,20,4,1,276.6889922637987
150,5,38,0,0,232.82468743366854
423,14,24,4,0,507.0655470348837
171,4,29,0,0,197.09844153455742
73,7,18,6,1,217.44440476886737
139,10,32,5,0,309.60945881141356
180,4,32,5,1,232.82314605857482
427,2,39,2,1,371.50873354593386
135,4,31,6,1,219.1272348881132
94,13,26,0,1,299.30232745331244
132,13,21,3,0,273.9682084290023
475,8,30,4,1,445.6836033324923
439,9,25,6,0,424.31770243208695
441,3,28,0,1,309.92060870064967
123,7,17,5,0,204.50900078257692
359,14,33,5,0,473.34754269769815
273,12,32,4,0,354.94100229357605
246,14,24,3,1,398.32066748739993
131,9,20,0,1,281.947338831553
492,11,27,0,1,511.97075894683974
118,4,24,3,0,199.08196444398072
172,10,32,3,1,318.2731839739988
368,3,34,3,1,310.6884629112364
421,5,30,5,1,408.5537092936389
403,1,39,4,0,279.40116267640497
385,3,39,6,1,355.6457101520128
357,8,20,3,1,412.1622971286425
213,11,27,4,0,340.55417387212367
329,8,18,2,0,336.16540433873456
182,13,37,0,0,385.5613220953086
227,4,28,0,0,239.99735155770617
464,2,15,1,0,307.7614080320592
188,13,34,2,0,350.1482077172541
180,8,19,6,1,301.1992493368282
87,8,22,3,1,245.76963231759123
308,10,26,3,0,326.4386181881492
417,4,16,6,1,335.3588782470163
296,3,26,5,0,201.6070383563089
323,2,19,2,1,273.7782593131772
423,9,36,3,0,413.82896912847235
403,1,19,1,0,292.61105334287464
411,7,27,4,1,404.29262529380304
154,5,23,0,1,246.48363182047868
214,8,24,2,1,284.01553499905964
420,4,15,0,1,343.69149450071694
147,7,17,4,1,229.68683954794474
52,13,32,2,1,336.81035349485336
195,5,26,4,1,232.13295547999036
479,14,17,3,1,515.6961470571387
462,5,39,6,0,360.84235136166825
390,14,23,3,1,483.51619906970586
489,9,16,6,1,481.9497381200116
394,9,17,3,0,380.42536160513055
41,13,28,4,0,270.84742996181285
257,9,18,4,0,250.25681753229907
177,12,39,4,0,335.7862576371287
57,6,33,0,1,223.9930729151469
249,6,27,4,1,288.2828464879523
384,5,21,3,0,337.5430049592688
70,9,26,1,0,223.43076324901207
457,10,17,4,1,464.07190232223746
283,8,37,1,1,369.5980171595425
302,7,37,6,1,354.480357137865
46,7,23,3,1,194.57346992859215
245,6,16,4,0,224.2569192335544
296,5,36,0,1,346.932263669241
305,13,23,0,0,384.939761358916
116,4,26,6,0,180.44593683233182
303,3,26,1,0,237.98510033463907
386,3,29,5,1,304.3394219081536
467,6,16,0,0,366.6028162125114
472,4,32,0,1,375.06592207438206
336,12,27,0,0,393.9902551026573
323,12,28,3,1,402.5262302914282
166,6,19,0,0,201.13753496841062
23,3,24,2,0,104.98214336575789
54,4,26,4,1,163.2501803975094
211,9,24,6,1,334.8645323291923
68,5,38,0,0,187.91041486131024
36,13,25,5,0,324.7462762222469
191,7,39,5,1,316.9850117533771
239,10,16,0,0,266.7902492966471
177,2,19,0,1,182.2423516817871
496,14,21,2,1,527.4750370450082
65,14,20,0,0,270.2273752323943
392,5,36,0,1,374.45221668472436
25,9,37,4,0,208.6320587559925
118,11,17,5,1,294.6563959788639
399,3,27,2,1,290.3262457445835
252,14,17,5,0,392.8831694358383
56,9,39,2,1,239.4341924769918
299,14,38,5,0,430.2288889596693
368,11,35,0,1,434.34586421805653
321,6,20,5,1,326.61840142094826
200,4,25,5,1,236.3351777852934
114,7,31,2,1,259.0330133135928
118,8,24,6,0,249.22384822908555
207,6,26,1,1,290.8723087533392
135,5,31,2,1,235.22614683483118
210,6,18,2,1,270.19015533277326
272,5,16,2,0,282.20015037631185
488,8,25,3,0,430.0847658936535
435,1,21,6,0,268.62924131425564
490,11,16,3,0,467.5572867478026
180,7,32,3,1,296.82620641638886
275,10,35,2,1,368.2445029746587
342,10,18,1,1,383.3855541963644
147,11,22,2,0,253.05485273034054
37,2,34,0,0,70.79959792135877
300,14,28,1,1,427.01919417568865
242,9,26,3,1,340.45162137360944
73,1,36,5,1,156.01017748964375
77,11,35,5,0,245.26848629749873
342,10,32,6,1,367.42476145482595
379,6,25,4,1,388.9152494864143
193,9,22,6,0,277.4058623832047
299,1,16,1,0,227.61423955832498
133,4,39,3,1,264.47182193671404
307,4,29,1,0,286.1941933514599
450,9,23,1,1,437.1828716338359
361,11,33,5,1,433.54698371609123
170,5,34,2,1,272.37193046500073
469,5,22,0,1,380.30284268328523
146,6,39,4,0,229.20761474879026
174,1,33,3,0,126.04190631422271
405,1,19,1,0,253.83789383166788
493,9,25,4,1,483.43341774992257
292,3,29,1,1,304.186331597901
123,4,22,5,1,196.5655742112974
436,1,33,0,0,281.2257929878655
412,9,37,5,0,433.054877110376
318,8,22,4,1,352.6926910470652
265,2,33,3,0,221.18649330546782
195,8,32,1,0,252.38170161068388
58,7,24,0,0,224.0752295389159
496,11,21,5,0,469.76796898121074
189,6,23,4,1,277.42497017145
266,1,15,5,0,160.7438147278379
45,7,33,1,1,225.09499334976996
374,10,19,1,0,373.37012268081014
325,7,33,3,1,379.14189222039124
428,13,15,0,1,496.1943691228961
427,14,29,2,0,452.8156880528606
32,9,30,5,1,219.5064480403379
335,1,37,1,1,299.4147570075581
410,2,21,4,0,266.8394128111511
332,11,26,5,1,429.29748235749537
55,9,22,3,0,199.0388131123598
192,13,19,3,1,334.0245073865001
39,9,24,1,0,167.31301022432743
340,13,35,1,0,444.6825584007846
283,6,19,1,0,279.67301087094836
419,6,31,6,0,380.9043148454243
161,4,19,2,0,185.05747212620918
479,4,36,1,1,326.3512935748163
390,5,29,5,1,368.0686821569382
490,3,27,5,0,314.8508507098288
162,1,15,6,1,118.64564003680637
111,1,25,6,1,110.73690762157008
373,12,37,0,1,428.89624054716256
341,13,15,4,0,401.079562038313
307,7,25,1,0,293.8763151817192
234,1,32,5,1,195.6178941751487
466,1,32,6,0,312.4616511140481
361,3,35,5,0,273.38133550840087
70,10,30,5,1,294.62141847757425
172,4,27,6,0,229.00438747667417
205,4,21,2,0,200.14795528441374
82,2,15,6,0,128.54548773016936
209,1,30,6,0,207.01181521304815
144,3,15,4,0,148.69215487425888
169,11,31,6,1,376.16906933209606
333,4,20,3,0,254.06675989904966
77,3,16,6,0,76.39489681816856
361,8,31,5,1,361.412438417528
324,14,20,1,1,428.6463069061356
199,10,28,5,0,316.18604099460333
189,1,32,4,1,180.40354264547435
345,14,20,3,0,408.9839829314301
290,2,24,6,1,228.01047022916197
73,13,38,2,0,294.44196029643103
463,7,32,0,1,457.3541887788819
120,4,23,6,0,173.15151781658602
283,8,22,1,1,323.96021466815665
72,11,24,0,0,273.4094224637345
79,13,31,2,0,297.01330475995155
127,3,37,4,0,185.17311002112493
24,6,20,4,1,194.85550533335103
122,9,28,2,1,275.1475774030457
215,1,36,5,0,212.82480925939865
281,1,36,2,0,244.3985728353117
384,8,20,6,0,349.0891005272046
499,3,21,1,0,308.57613367908226
391,5,26,3,1,352.75383528225416
369,1,17,6,1,286.24506493283366
66,5,28,6,1,210.39536138950976
374,11,36,6,0,458.20500782234626
330,6,33,0,0,311.19199586853676
443,8,37,0,1,461.08600945464474
327,13,30,4,1,428.3742449232411
163,14,21,6,1,367.53167921280726
288,3,22,5,1,285.10824810429966
389,3,32,4,0,321.62849174802085
143,12,39,1,0,331.56146083848176
125,11,27,2,0,276.1389567487742
177,11,35,0,1,333.6033801726145
166,10,23,6,0,274.48453454568397
164,9,24,1,1,268.7959231692254
139,4,35,4,1,222.63611903471158
338,4,37,4,1,296.8755356932021
294,12,23,0,1,376.6266554394268
111,7,29,4,1,265.5561180111355
77,2,34,5,0,151.32788183003976
458,8,16,4,0,375.22304322536064
365,6,39,3,0,351.79537579239263
248,3,27,2,1,256.9779134469835
493,9,16,4,0,422.70656780022364
136,5,33,3,1,246.06633414503386
337,8,16,1,0,293.76448243449505
298,7,17,4,1,269.13832756302094
146,14,20,5,1,332.66222901741776
412,8,17,1,0,356.9133924824058
415,7,24,6,1,409.70367338748696
148,3,38,4,0,199.68719381457964
77,2,20,0,0,119.18753125680095
141,7,37,3,0,231.56236757131256
20,3,30,3,1,143.58542200957984
258,3,31,0,1,267.30969718914423
309,2,33,2,1,265.386463225422
115,4,17,6,1,160.10880188245358
145,8,32,5,0,251.96644445807925
137,12,21,3,1,333.72472696229715
67,1,23,1,0,76.40097022173713
108,1,34,5,0,132.83614534438524
256,12,26,3,1,417.09979268683213
392,14,19,6,1,463.6131737823774
404,5,17,2,0,311.1456597410084
291,11,25,6,1,388.38583838048623
208,5,39,1,0,253.24416743687723
211,11,18,6,1,369.8695632866802
466,12,19,5,1,487.1150661806812
88,1,15,1,0,57.59635800525285
297,6,32,0,0,333.0683969314618
368,1,26,4,0,256.49626922394975
266,5,27,0,1,284.5285127269406
470,9,23,5,1,472.9888501127765
95,12,16,4,1,273.9262007374988
173,14,19,0,0,368.8140018576121
163,5,27,4,0,212.3660528513512
454,6,30,3,1,427.1111769401236
105,8,30,6,0,293.850042231733
204,11,38,1,1,376.60183077622173
304,1,17,4,0,199.06336199919653
481,14,36,3,1,531.1594079081184
239,2,18,6,1,213.0885908646157
88,9,25,6,1,238.27656449465337
66,3,37,2,0,148.26063141064114
113,6,28,0,0,260.3936826094667
257,5,17,2,1,269.8919590914972
465,11,30,5,1,476.42624968151796
472,2,36,3,1,363.80563846354335
223,14,29,2,1,401.2625720151373
419,7,24,2,1,413.4680374628325
237,4,23,6,1,252.69550804199682
493,1,25,3,0,343.6777618682628
451,13,30,6,0,474.17801431897897
360,4,24,1,0,282.96841445946205
58,6,31,4,0,163.06431228555172
119,7,33,5,1,252.83236195477463
308,7,16,5,1,286.32859543157093
273,14,38,0,1,409.9037963228027
241,7,37,6,0,311.99346707397893
376,3,16,4,0,230.09118740158127
42,6,20,0,1,189.1193099836604
269,13,33,5,0,385.4900630031043
29,8,22,4,0,197.29057944326837
265,4,17,2,1,222.0319115857228
344,13,28,1,1,464.9650162736273
119,8,39,2,1,294.13199908558124
309,2,30,1,0,251.75032450563535
199,10,15,6,1,331.97797733782676
242,9,35,3,1,357.4057413417827
413,9,17,0,1,356.54322233201566
269,8,36,0,0,335.48216181380775
166,10,32,3,0,303.393452251521
461,14,23,4,1,511.60749833917447
115,13,20,3,1,305.6645418464225
276,10,37,6,0,354.78161354013434
344,1,35,5,0,286.16119553298205
23,2,39,3,1,131.101843108522
35,6,15,1,0,102.69177051887897
299,10,35,5,1,370.1347462607591
355,5,24,3,1,329.7940816562264
266,12,20,0,0,386.4170105888732
277,14,37,2,1,496.59701444156303
495,9,26,1,1,477.5046301889909
403,5,18,6,0,292.8750810279866
179,2,27,1,1,185.99816489249957
494,10,31,4,0,476.5167465753141
359,4,22,2,1,340.13270859935676
171,9,34,1,1,305.6600601109333
415,1,17,3,0,284.98900989814547
197,11,26,1,0,310.9087965399256
182,1,21,1,0,162.2856795220275
399,12,26,1,0,454.40933973118683
52,7,16,4,0,133.36464302052835
436,11,38,1,0,468.02877533066953
464,3,28,1,1,391.5728508802911
198,10,36,4,0,309.78669959278676
446,2,37,5,1,335.8683712884553
120,9,19,2,0,242.89570870660197
287,3,23,6,1,267.16886558087964
342,2,35,5,1,294.4539193745124
84,12,25,0,0,271.9557458008049
436,8,19,4,1,372.59411988488296
187,10,17,4,1,315.5895064570108
349,6,31,1,1,388.35195710680705
62,6,16,1,0,138.70648420431857
63,10,38,6,0,240.93166139099378
304,11,15,0,1,380.45123487981766
416,7,21,1,0,411.9175490057801
31,7,28,3,0,198.49766547106938
114,11,19,1,1,288.116504305414
321,13,33,1,1,452.29197636104277
405,6,25,3,0,366.476937512335
272,4,37,0,0,251.8124950494184
261,11,39,3,0,385.7348521332881
54,9,16,4,1,201.65089982211623
234,6,22,3,0,269.49829338437087
356,4,23,2,0,278.1209121557157
109,12,17,4,0,272.5138825048585
283,3,16,1,1,241.32247830263734
112,4,21,6,1,201.9737341870663
429,3,19,4,1,324.00636166821005
477,2,35,0,0,381.6594337205652
109,14,19,0,0,330.87735179604425
437,5,34,3,1,365.4142267539451
134,2,27,4,0,154.8291227229987
124,6,35,1,0,236.703104639785
410,3,34,0,0,308.8368134281357
215,6,20,5,1,291.74953407924016
333,11,34,1,0,421.39301631820547
133,10,32,5,0,278.82874893614274
94,9,39,2,1,309.62431768146763
432,1,16,5,0,214.7867461018372
395,6,39,0,1,422.6517641855369
439,9,20,3,0,412.2301760415105
236,11,23,2,1,337.24644610537484
296,4,39,4,1,321.0376072018571
268,11,17,1,0,292.4743297726552
183,12,15,0,0,286.2315273428754
413,2,15,2,1,318.41278676164825
376,13,33,2,0,448.743276831897
476,4,19,0,1,364.635940549529
427,1,27,4,0,283.40452381293113
211,3,33,4,0,215.0714070752499
246,10,26,3,0,344.74979433937455
196,9,30,6,0,280.6202077110427
118,10,39,5,1,325.3869214732269
55,5,39,4,1,187.60764670246812
485,11,33,3,0,488.3219845653342
115,6,17,5,0,175.07257796295616
171,3,26,2,0,181.6802493431077
170,5,19,0,0,190.75658122283096
209,11,16,4,0,296.786931989696
243,8,36,3,1,323.4054754470909
56,6,21,2,1,196.58500124318667
287,4,27,4,0,268.5932819473765
388,2,39,1,1,305.38719692307956
202,14,29,6,1,387.07200188040383
32,9,36,2,0,223.60027685233248
298,13,17,4,1,396.02703723601326
236,12,35,2,1,393.5435677162655
374,1,34,0,1,332.3220348098003
380,1,19,0,1,252.63674429081817
305,13,38,6,0,377.2562599412341
292,4,22,0,1,268.0252037538737
388,7,36,5,1,394.43680630040615
81,1,15,1,1,105.70020102237436
103,9,22,0,0,235.87622394364084
387,4,38,1,1,338.93836480313655
236,3,32,0,1,233.4943976680749
361,1,34,5,1,280.01025651238456
416,10,30,2,0,404.9230252704168
206,4,32,4,0,269.4168189589824
38,9,34,4,0,253.04895095856625
196,13,26,0,0,311.6094610141046
119,14,27,4,0,284.9038217421787
415,10,27,0,1,439.7849410475907
464,6,24,0,0,408.23190024008716
252,6,21,6,1,301.32179483652976
422,1,39,3,0,303.3422860159441
95,10,28,3,0,244.3785145457674
284,2,38,6,0,269.5432495288161
474,11,30,3,1,495.5597875920661
303,6,29,1,1,364.13516766360704
225,2,26,3,1,190.7459027514837
242,3,23,0,0,220.47291577066375
403,4,22,5,0,294.23404664908236
71,11,32,5,0,272.78550435027205
358,5,37,2,0,333.01712503192795
386,9,32,3,0,402.19332418000045
163,12,27,5,0,335.0516429355238
392,4,32,3,1,377.79585159523657
88,13,29,2,1,366.0344634080723
118,11,18,5,0,260.31588602114743
415,9,31,0,1,423.6530005277937
44,11,19,1,1,230.48356462636553
455,10,36,6,1,488.1977268072717
398,3,30,6,0,320.69834694853506
488,8,23,6,0,383.03104501937787
72,12,24,3,0,286.8932996849748
170,1,38,5,0,173.97299379232376
163,11,32,5,1,315.38366431515345
76,9,31,2,0,218.03425611010704
58,9,32,0,0,209.13514474712446
128,10,21,4,0,237.49089503801883
200,2,18,5,1,207.39802792885283
61,4,19,1,1,175.776554573771
205,13,37,2,1,435.48291163046406
442,8,30,5,1,417.03555535323005
417,7,17,5,1,384.35912534910614
242,1,32,2,0,187.05948399402686
141,5,37,2,1,249.90247805991416
152,7,35,3,1,251.39239225348683
182,4,28,5,0,184.53605719320439
234,1,29,4,0,206.06120977317556
240,9,31,1,0,287.330680957885
254,14,15,0,1,409.2966193535538
350,5,39,0,0,314.4770189589657
165,11,35,4,1,308.98927230586906
258,2,31,2,0,170.2286132113706
95,8,37,2,1,300.76922693106684
28,11,39,2,1,248.89167063968247
93,13,25,5,1,320.2125476797188
461,2,31,2,1,359.57901588753964
420,3,28,2,0,284.7359554190706
272,14,34,5,0,402.9294926329289
249,10,33,5,1,380.07647820015626
26,1,35,4,0,103.86632369640948
193,11,21,3,1,324.2884886705149
160,2,38,5,0,190.73809259350645
187,14,27,1,0,355.4553067162885
189,7,32,2,1,274.09166840874946
412,10,37,3,1,484.0098091354746
453,2,28,0,0,316.6484116992287
302,6,15,4,1,264.15937645521865
141,3,21,3,0,167.93349298343492
213,4,22,5,0,198.1896830001273
24,11,32,2,0,235.21127618703815
48,13,23,2,1,295.1638966839348
184,8,15,2,1,256.1410499402781
441,14,36,3,0,538.5607572578871
358,3,31,2,1,286.1336454946316
155,10,33,5,1,324.6337495459688
384,6,20,3,0,329.62703162309833
340,1,17,2,1,249.82425550056004
361,7,38,0,1,387.68028383044054
164,8,19,0,0,232.4597343402642
346,11,16,1,1,383.9364010840406
236,14,34,2,0,379.5817368365432
320,8,39,2,1,411.1708690253556
151,3,18,3,1,177.6650655300615
311,14,24,3,0,456.1437133361276
89,10,24,6,0,255.87880637591536
271,1,38,2,1,203.14740570787148
434,9,35,1,0,439.66518032455133
294,13,25,2,0,390.93680388554833
464,6,30,5,1,384.2009650523235
383,11,31,3,0,444.58510399651925
201,9,30,2,1,316.7816613309294
186,7,21,3,1,259.5813527943643
110,1,30,2,0,137.50380033884588
221,12,17,4,1,377.3566067911247
365,12,30,3,0,424.76830396396315
38,1,22,1,1,108.83638695790678
58,6,26,4,0,157.06267971093493
145,5,17,5,0,204.015136980642
470,9,31,2,1,464.46101573117556
192,2,35,6,0,191.49113745166
160,8,32,5,0,257.0098624608246
261,11,25,3,0,366.0365119117411
239,5,18,4,1,255.25352807401745
145,2,30,5,1,213.08795236270643
77,13,31,1,0,286.0685059328693
167,10,23,6,0,293.9461096756548
495,11,20,3,1,486.64192360684723
475,11,38,4,1,489.4849002283209
336,12,34,5,1,444.26047804746554
402,6,39,4,0,325.1879416719772
380,10,16,4,1,387.11920317936296
442,8,23,5,0,355.44387189480705
20,4,35,0,1,209.95000186359349
406,2,20,2,0,241.67938767966774
480,12,17,3,1,535.7158125443596
367,11,34,3,0,426.78559065336964
209,5,20,6,1,239.12265664093957
210,12,21,6,1,373.12720201241655
388,2,15,6,0,241.109705616809
428,2,37,3,1,319.80902239184786
331,6,15,4,1,317.0814053641766
436,11,19,6,1,465.0014539265248
441,10,20,5,1,466.06821790523776
136,9,27,2,0,266.95460219117984
153,13,16,1,0,292.91308952661336
77,4,29,3,1,214.22552164161647
63,6,29,5,0,202.7595165247208
192,7,27,2,0,260.3803505554308
179,13,39,2,0,386.7155549364699
192,11,28,0,0,360.69620621969614
336,6,36,5,0,319.1283211981253
322,8,21,3,1,335.0064463543399
168,4,28,6,0,188.5462161914407
99,12,38,4,1,308.5069994006831
393,1,24,6,0,271.32429569233386
232,7,31,2,1,280.80193597312626
222,3,28,2,1,267.30028468143394
271,14,22,1,1,406.05636727653024
248,6,18,6,0,277.1741559768832
183,2,30,0,0,130.35923403359104
246,9,38,2,1,356.29624744592337
166,1,27,2,1,156.13979168487492
39,6,36,4,0,208.56709845176405
460,6,39,4,0,431.5804959700766
421,5,34,1,1,336.61842205301247
66,13,32,5,0,309.31723116667575
252,5,28,1,0,278.37374707317815
324,1,32,1,0,247.51369050421653
33,10,19,4,0,216.26326618824044
162,12,23,6,0,317.3211002955113
434,5,17,6,0,343.3901696400024
20,2,22,6,1,92.1506591904732
392,7,34,5,1,423.00988688880034
73,3,36,4,1,187.6869267179086
393,13,24,0,1,472.486676795396
278,4,36,3,1,312.3324989848214
163,3,33,3,1,197.08462422340918
490,3,35,0,0,328.9311563050119
460,4,17,6,0,321.5793567539425
478,5,25,3,1,424.87077862761595
31,1,25,5,1,86.79234742599029
349,4,31,4,1,330.0030888133295
243,12,30,3,0,347.16632184127843
291,12,21,5,0,350.48043141494094
475,11,18,4,0,448.5149673195368
377,8,37,5,0,397.68750998778904
479,10,33,0,1,469.7489706207356
427,7,26,1,1,428.24500511933564
175,9,29,0,1,318.95007252985073
392,5,25,3,1,346.16644070973456
27,13,19,4,0,253.45036071810537
141,10,19,5,0,299.22695029312433
367,4,29,3,1,346.57061502201367
183,8,32,3,0,261.5260612948238
109,9,25,1,0,239.12585009445957
155,13,26,6,0,327.1253774234301
205,7,16,3,0,252.8071357528991
335,14,34,1,1,480.2909544173846
197,7,29,4,0,299.4064781790434
47,5,34,4,1,191.9662714259766
239,4,18,5,0,180.90188605146415
376,14,36,6,0,474.290571389945
60,10,32,1,1,265.17749601607784
247,1,20,0,1,178.41938019702312
211,10,37,4,0,315.4295203666577
430,10,33,6,0,423.8322406364536
466,7,25,5,1,440.7960843250097
164,1,38,0,0,143.3350336420425
220,1,16,4,0,163.99570535150568
436,5,22,4,1,411.4096124304238
231,13,25,5,0,357.0027672864664
480,9,19,5,0,408.91519020669654
239,6,32,2,0,287.895530389554
259,3,37,3,0,258.94363191827216
432,13,32,3,0,503.3512444780804
416,3,28,0,1,335.6577774420265
65,7,36,3,0,223.5438582329926
54,6,24,0,1,209.36201577748042
272,9,17,6,1,328.28888213697394
409,6,23,4,0,338.2203962003594
101,5,17,2,1,189.2760165708046
390,10,25,2,0,370.2460037071917
275,7,26,4,1,316.7264321309272
216,1,26,5,1,234.92329053533757
322,12,17,1,1,425.75433231342237
428,7,35,1,0,377.4012816856902
469,3,21,3,1,351.18515702934735
29,14,28,5,1,329.92779778855083
331,9,38,0,1,415.3681137508444
305,6,25,6,0,308.4982190498161
261,9,21,2,0,318.1825623758935
270,13,39,3,1,442.30822805460247
384,5,35,4,1,363.6821463430723
24,7,24,5,1,171.09782879479587
138,13,25,2,1,357.84469770936516
308,14,29,0,0,417.5649596398518
393,4,33,0,0,289.5422621228631
84,7,30,1,0,196.08682013577135
165,13,36,3,1,396.54579378905623
243,1,35,4,0,168.17671237468107
258,7,34,2,1,311.4095096960841
196,8,26,6,1,302.7426680263843
286,5,32,0,1,340.1143728678853
360,2,37,2,0,303.9995213786764
301,5,27,4,1,339.53269237259946
82,6,19,2,0,173.15563697452433
236,12,18,3,1,359.81639131065936
361,2,28,1,0,283.3661334886591
334,14,22,2,1,433.0126544032549
302,6,23,5,0,267.4523349953073
196,6,39,1,1,272.8982044966396
480,1,33,4,0,342.7776924193012
436,14,17,1,1,475.3083884504568
117,1,19,2,1,161.51206817032536
124,14,35,2,1,374.96900567302106
118,11,32,5,0,310.0347929908919
404,10,15,0,1,389.89235637269877
424,3,22,5,1,318.4896868663598
330,14,33,2,1,480.0797812875909
25,10,31,6,0,215.88080186599694
495,10,31,1,1,439.6329990303463
484,12,25,5,1,474.55481095180414
216,3,16,5,0,162.73486611958015
370,4,20,6,1,294.2170773927916
152,2,36,6,0,191.63566363669258
377,9,28,6,1,416.2409738168949
278,10,17,0,0,326.2444922675632
456,12,26,2,0,500.17338016478334
42,11,18,2,0,245.50448911135666
72,14,26,4,1,344.03638580402105
184,7,27,0,1,251.09467879997152
221,7,16,4,0,248.6907987246199
477,6,16,4,1,396.4739332464253
102,3,29,4,1,175.69545541478357
164,6,37,3,0,280.12759561564815
104,14,31,4,0,325.02407821147926
97,12,21,5,0,245.93302469524193
476,8,28,1,0,394.0524525850183
385,8,26,5,1,440.1468467645313
20,11,31,5,1,258.59754045456214
70,13,28,2,1,274.4294211359876
192,9,20,3,1,289.01311038867
224,1,33,4,1,186.46761013032338
279,14,38,2,1,473.846215969416
465,1,20,0,0,248.4029584173771
468,3,32,0,1,344.95589819326375
388,3,38,2,1,345.0797712102225
307,10,19,1,1,393.68760334032885
53,8,38,2,0,221.1113186304134
367,10,38,2,0,384.34709124401905
114,1,20,3,1,145.65125981390685
91,13,16,0,0,263.1440507204773
58,2,22,0,0,125.65404346432223
173,2,29,4,1,221.59576002826094
269,3,29,5,1,256.75681075038676
181,13,25,2,1,381.09545620806256
457,6,36,2,0,395.9245122839831
137,1,36,1,0,182.83618933440565
278,2,38,6,1,289.7436261339715
398,13,15,6,0,434.9399144975527
325,13,32,0,0,448.05918957341925
287,1,26,1,0,210.80809363115202
468,5,26,3,1,375.5379908812186
73,13,39,4,1,343.5167947738821
255,13,25,1,1,395.39171391742906
408,7,22,0,1,395.083930982994
497,8,21,3,1,441.73888069956377
241,10,37,2,0,352.5587374484106
270,1,35,3,0,195.91770534208973
332,7,16,5,0,313.1657307071125
420,13,25,1,0,429.2955442629158
131,5,36,0,0,231.735203630707
274,10,24,1,0,354.26508753178075
322,1,17,2,1,246.9590826521358
426,3,34,6,1,362.2017381670506
226,7,24,2,0,261.5268785877416
248,10,32,0,1,355.9354265673925
360,1,28,5,0,250.70041589141243
417,7,32,4,0,417.1536984321834
85,5,38,3,1,228.08637833576046
94,1,22,3,1,109.0850179190086
454,1,24,2,0,255.8328206752172
122,14,36,1,1,344.23851297019587
441,1,27,6,0,281.9480683946308
211,11,35,1,0,365.8159816873269
271,9,22,5,0,294.0303242726261
245,11,18,4,0,351.9349296919099
313,13,18,1,0,391.0889678347315
325,3,19,3,1,285.16887336556636
117,13,15,6,0,292.6207917676739
357,5,31,1,1,357.31330593408757
305,11,16,6,0,341.2726902395569
354,10,22,4,1,354.3116882156972
366,12,21,3,0,393.2328595506872
454,9,29,6,1,432.24241628927643
466,6,39,1,0,407.21124967408554
327,12,19,3,0,385.88477834980677
268,9,16,2,1,325.5524075382955
185,8,21,2,1,319.6104996014017
491,8,22,5,1,426.6854277474671
354,1,21,2,1,219.4853332522222
49,13,21,1,1,293.88913346811574
266,9,28,4,1,377.78389944187893
125,6,35,3,0,228.24321755205548
70,9,32,6,0,226.86723011721912
100,3,20,0,0,139.80895010280022
152,12,18,2,1,358.7781312861901
304,3,24,2,1,257.4974394407863
407,6,32,0,1,388.11746368408507
157,9,26,6,0,278.89885552321243
203,7,30,6,1,301.57774381331194
420,14,39,0,0,493.0426588150947
349,13,21,6,1,432.9734826711638
292,3,20,1,1,255.29611050616433
359,3,19,6,1,303.1406465084533
491,2,17,3,0,318.975447237177
88,9,26,6,1,302.8943716769709
53,13,29,2,0,248.7642097202737
281,3,24,4,1,298.658133797092
72,11,34,1,1,294.91047341151
469,5,33,1,1,403.6882595722377
224,14,30,6,1,429.1746627031867
145,14,25,4,0,349.5481682031995
254,9,22,4,1,359.13236067830024
62,8,17,5,0,212.49554577841903
259,2,37,4,1,262.7033800943204
478,3,21,6,1,383.7526176156809
390,2,37,6,1,316.416876277566
130,8,21,0,0,220.89406048556182
268,6,28,2,1,306.35969862034324
170,6,16,5,0,196.46740774206933
202,12,24,6,0,330.1971264869175
355,9,33,0,1,426.4284944381483
114,8,23,5,0,236.02691954903295
478,4,30,2,1,376.73631333583455
393,12,33,5,0,428.5895856978711
419,4,32,0,0,316.39306008521464
27,9,23,3,0,196.27583644635604
407,1,30,6,0,246.8831308491516
379,13,27,2,1,450.6879920229573
407,2,24,1,0,272.3235785464979
203,2,39,2,1,260.6074191572471
300,13,34,2,0,410.356594576583
214,13,28,2,1,408.11717968931714
371,6,26,3,1,361.25149586381946
214,4,39,6,0,235.51401668360853
174,13,33,0,0,339.3371620112673
112,11,21,6,1,269.67883762843326
179,10,37,1,0,361.56363851394354
453,13,29,0,0,501.7102510302488
80,3,30,5,0,157.07451150915065
141,3,22,5,0,133.43380632783968
70,3,24,5,0,118.96747822587741
422,6,18,0,0,317.49332644619557
296,14,33,4,0,426.55136466107825
24,8,33,3,0,179.4538549213872
485,11,35,4,0,464.094188391011
111,7,29,6,1,230.4769009732209
189,14,28,5,0,355.7049335047172
336,4,15,3,0,259.4284996087361
41,11,30,0,0,241.23476111974037
424,12,24,5,0,470.6581293082325
345,4,33,0,0,314.72213808906275
20,11,36,3,1,261.3393440280219
152,10,17,0,1,296.51211362886846
252,11,19,0,0,314.9867779587341
31,11,23,1,1,248.59752143438624
365,14,32,6,0,466.0839440655208
65,11,25,4,0,260.8129998116782
53,2,30,4,1,134.75135971422011
452,14,16,4,1,475.9026082642898
97,1,26,2,1,147.25406995448662
237,9,36,1,1,364.1924481716389
320,12,20,5,1,397.2342233876655
430,12,25,5,0,461.33109035131196
92,2,22,5,0,132.7858600653088
301,13,26,4,0,384.44257928192786
268,8,16,6,1,338.60324371718326
66,9,23,4,0,237.21454568634985
140,4,29,6,1,259.3533621124725
233,8,16,1,0,302.7351943596755
258,9,15,6,1,305.94773554951564
75,10,24,0,1,283.99965041731605
369,10,16,4,0,384.0925859317863
126,5,26,5,0,183.0303360115426
338,13,37,0,0,447.09849456132065
67,14,22,4,0,249.94752699552365
80,7,19,3,1,174.89228664214068
356,10,36,2,0,365.70716119065304
45,4,15,4,1,150.28513842853454
311,1,29,3,0,237.23018263840123
276,3,20,1,0,217.5223177365116
27,5,26,3,0,174.9233825751853
132,3,22,1,0,174.7415080581857
374,12,27,4,0,389.0337363042034
272,13,33,1,1,423.56051588229155
199,11,15,3,0,275.70629367637395
226,7,25,6,1,306.27991737443017
322,12,34,2,0,408.3884215046926
146,9,15,0,1,250.34043252187115
75,12,22,0,0,295.3894506105587
233,6,19,2,0,245.64793815917488
33,13,31,5,0,265.17920921059516
493,10,22,0,1,465.4372010107939
47,1,39,4,1,178.87336092417252
490,7,24,5,0,416.2254927966811
97,3,16,4,0,122.25297783669765
235,5,23,3,0,218.65820639800756
405,10,38,3,1,441.7760972368084
384,4,37,5,0,316.35714777990603
173,10,17,5,1,310.64331518431106
33,5,32,5,0,170.63063801973422
206,5,21,5,1,235.48917682049915
331,6,29,1,1,359.51520366743006
390,14,35,6,1,486.82768224063807
26,10,36,5,0,222.7645269206896
22,12,34,6,1,260.0095295858908
130,10,32,5,0,249.41384507633222
426,13,39,3,1,497.6114527840693
257,13,17,4,0,356.98536488221293
382,11,37,6,1,440.1203723877842
258,6,28,3,1,334.9616872341141
293,8,38,0,0,323.8500602734208
313,8,16,1,0,312.1789280500284
246,11,28,1,1,400.40485934505335
390,9,36,4,1,433.85025208547506
34,8,25,5,0,179.72168351661958
211,13,30,3,1,393.44017173107113
492,11,22,0,1,473.7653067187871
138,2,21,3,0,120.98381611914613
47,14,25,5,0,295.7541257206894
221,14,17,5,0,342.83777045827117
58,12,31,2,1,319.7350652706085
460,10,28,3,1,481.9252559905383
292,12,20,4,1,399.3263301875025
250,11,22,3,0,353.41771778176314
105,1,36,1,1,158.6188156396234
493,10,19,0,0,450.17553811310023
145,2,22,6,0,162.071457945557
319,2,16,4,1,245.47157021510165
44,12,29,2,0,251.40561221801667
164,3,26,0,1,215.58057091654933
32,10,31,0,0,267.36488910323544
231,7,15,6,0,245.85529077352993
44,2,29,1,0,100.98455253413253
87,14,28,1,1,363.06789603153555
413,1,34,1,0,290.862651113987
86,14,36,4,1,372.32042129969204
252,6,30,3,0,305.4926225503024
128,9,23,0,0,206.8595222786035
165,3,15,3,0,156.7484081710215
130,6,31,3,1,242.40392593368452
247,3,27,1,1,233.25338465109832
130,14,35,3,1,336.62731818278525
489,13,35,0,1,507.67003691945314
53,1,19,0,1,111.58737563738836
130,14,24,5,0,312.31927941362335
283,13,20,2,0,360.46332826160454
443,12,38,4,1,509.3885475942952
388,5,33,3,1,351.15705899247854
255,10,39,4,1,411.30361277557205
102,14,27,4,1,332.5823152162547
61,13,15,4,0,285.60643039945126
444,11,34,6,1,484.39968535904194
120,4,39,5,1,214.96200812249913
25,7,29,4,1,191.0087048491763
199,6,28,5,1,305.77588510262086
301,10,22,0,0,358.416667599113
339,7,24,6,0,307.3116363417316
245,5,23,3,1,275.88153136449216
462,4,31,5,0,305.8264238263932
459,7,23,2,0,353.8679136277601
334,7,17,4,1,320.9942266165192
384,6,25,6,1,346.5036547279897
473,8,26,2,0,432.7602944016001
248,4,24,0,0,193.7162665451839
396,10,39,0,0,397.44386941831254
308,5,31,1,0,300.0478896658074
456,4,31,4,0,354.60544626510136
169,12,39,1,1,365.5045832883729
296,1,25,6,0,254.04977857593798
217,12,36,2,0,372.8481418373599
89,8,18,3,0,224.95649411312206
131,1,21,1,0,121.48399763133772
23,5,35,0,0,145.6283571290638
369,6,28,4,0,319.8574124520449
350,6,21,2,0,325.55329822745074
465,13,38,5,0,518.9549667540941
337,5,22,6,1,313.1278373503176
369,3,15,6,1,298.9316810925804
114,5,38,0,0,227.2523610803443
171,12,36,5,1,356.22141040435423
330,8,18,6,1,344.1320905055141
156,14,26,3,1,378.9328100331077
266,2,38,4,1,233.22679484734653
406,6,17,3,1,366.311843507904
262,9,27,6,1,327.4990188090537
50,8,34,3,0,231.8330678188101
59,14,20,6,0,322.4556965448103
248,11,25,4,1,355.0566337036753
55,8,37,4,0,194.50712530274993
427,8,18,5,1,395.9018273839695
242,13,34,3,0,378.6948043376046
25,7,30,2,0,190.71447648917976
341,8,21,5,0,337.18122621788626
487,13,36,4,1,534.5733943470264
239,6,25,0,0,261.3122720344955
94,2,38,6,0,130.5569516978295
23,2,15,5,1,118.08430086776534
354,8,21,1,1,401.3592228590977
153,11,26,2,0,269.5480572444125
137,1,21,6,1,123.91494045135006
388,6,37,5,0,349.95823146504296
113,13,21,4,0,269.0705904575335
454,6,24,4,1,369.47564633797697
81,11,30,2,1,267.45963008704246
460,4,22,1,0,330.12795207985204
213,12,23,5,1,354.27155060687903
354,11,23,5,0,395.46513848270337
222,13,16,3,1,356.73971610174664
411,11,27,0,1,430.1671380891865
45,13,27,4,1,301.16234040169763
454,10,37,5,1,459.8288791531142
192,3,37,5,1,255.24342238574383
319,13,18,6,0,357.17554398322767
152,11,39,6,0,275.7022838217589
345,3,38,5,0,261.3045459932922
429,13,26,1,1,483.1336116011708
137,13,31,0,0,319.7574028754026
343,1,16,5,0,221.23883566936206
294,3,27,2,1,264.7059529200411
231,4,32,4,1,252.56984084459575
244,11,29,3,1,403.66549141253756
39,11,22,6,0,251.8777083713412
132,5,29,2,0,218.72404861723052
159,3,15,4,1,190.67792586538593
66,6,34,6,0,198.77012647718865
20,11,24,1,0,206.8960422855578
109,14,26,6,1,349.38716576450867
161,12,19,0,0,279.7026555995704
339,5,23,0,1,299.43453398759664
57,3,37,4,0,115.15020441516853
312,6,22,2,1,328.12143163920103
401,6,30,3,0,353.7734352445944
158,14,28,1,0,338.9423024423964
375,8,39,4,1,406.82386825824364
352,2,27,1,1,253.39787022564818
278,1,37,0,1,263.12799118487675
180,4,35,5,1,243.68919874207285
409,7,27,5,0,381.4199442082727
197,11,19,3,1,334.4242271179517
29,10,30,1,1,268.6156777040806
280,3,25,4,1,264.8551920281171
426,3,36,3,1,363.6335574431119
157,5,19,6,1,240.1225255537568
191,5,27,6,0,220.65221471323179
405,13,25,2,1,486.93709776402994
32,10,39,5,1,265.12951170399197
187,3,33,4,1,231.87786180751
149,9,17,1,0,275.3704799721896
103,4,29,3,0,182.31013363914187
340,13,21,4,0,396.17082182792706
338,13,21,3,1,444.45838320454504
120,3,20,3,1,149.40037452748408
348,11,17,3,0,368.5761557076154
292,2,27,1,0,210.93151398354993
284,10,21,4,1,373.03812395266675
478,13,19,0,1,498.2213685666361
418,11,37,0,1,483.66956951153014
427,9,32,1,0,427.98359037086453
57,4,36,6,1,181.295714818459
438,3,22,1,1,329.51031366931676
113,7,31,5,0,222.75925638801732
114,8,34,3,0,227.79007451209074
324,11,15,4,0,356.7757402363542
88,14,28,4,1,340.8312558526711
337,2,31,2,0,265.07880430329095
463,7,24,2,0,392.89100883827825
255,12,26,0,1,357.43767488139594
453,5,30,2,1,365.7975700287075
353,11,28,2,0,374.15631492304675
392,5,30,0,1,362.8521600245299
395,3,22,5,0,280.8124828183868
478,5,37,6,1,372.6455086372991
156,12,24,0,1,374.9408961694406
437,2,31,6,0,270.72061864508316
95,4,32,2,0,172.10847360084952
54,6,34,4,0,196.26746083529764
20,1,30,2,1,100.60426051301556
315,10,31,3,0,382.29919381323066
339,4,30,6,1,299.3364504123037
425,6,33,6,1,401.92202803865354
79,9,38,3,0,206.88906355017016
339,14,38,3,1,508.96458182586997
368,11,22,5,1,423.01751172481244
347,11,20,1,0,346.60575190914363
286,13,20,3,1,420.57508629055695
380,2,35,6,1,352.6430448769059
248,11,23,4,0,316.47179070812365
289,7,18,6,0,281.29576116207005
335,6,26,6,1,329.20352207278546
305,2,26,5,1,249.09566170537352
310,8,37,1,1,361.48875799133475
232,7,31,1,1,300.0708358095938
184,11,29,3,0,303.1523907902525
24,5,23,2,1,155.87073172393914
358,12,21,6,1,422.41846698059146
398,5,24,0,1,367.2234202614733
97,7,30,2,1,256.93752632985195
429,9,26,2,0,370.8299877837605
81,11,39,1,1,301.62819281218873
151,9,21,1,0,277.511144930208
108,9,32,5,0,258.8804991922183
256,6,29,5,0,282.6894141011697
61,10,20,1,0,225.27956836127524
108,6,26,4,0,190.76677827915083
421,3,25,4,1,334.6790441872047
315,1,34,0,0,232.4220217827117
347,7,17,1,0,329.6147050395238
314,4,16,3,0,241.10443486492636
123,1,20,5,1,144.24087069541778
33,8,38,1,0,227.20674906505013
307,12,36,4,1,428.9441599214566
198,6,39,1,0,265.58559902199573
144,6,19,4,0,192.83604017424446
441,2,32,1,1,342.7133015308717
372,1,30,6,1,284.5135591817961
42,13,22,3,1,279.28286546861204
82,14,39,0,0,314.84094138728193
162,14,34,6,1,385.5509847594342
172,2,36,3,1,238.36476422197273
164,4,25,4,1,234.47394135115948
244,2,24,5,1,198.41636647657847
469,1,38,5,1,346.91701012666795
481,7,39,2,0,410.73322862280224
328,11,26,3,1,379.75353676799944
123,11,35,1,0,302.00557058201633
123,12,20,0,1,309.57817561662534
454,8,34,1,1,485.4588415261317
58,6,19,1,0,150.31959331524791
454,4,37,3,0,345.4764887020423
217,14,23,0,0,347.0412341068548
153,6,30,2,0,217.4681869350584
86,3,36,6,1,201.80653248883357
410,12,28,1,0,455.0973616359414
198,8,36,0,1,379.5231467703659
475,10,22,2,1,437.36836942585046
61,14,34,6,1,340.22469750594394
467,13,33,1,0,480.8143692714858
34,13,28,0,0,275.00999543582793
130,2,21,6,0,164.66314338266935
176,5,19,3,1,248.2422275806747
308,1,32,5,0,208.84790984867078
497,6,16,5,0,384.19315082006096
250,2,25,1,1,192.73298413523463
430,4,36,1,0,299.40161275637956
439,6,22,6,1,378.51898877600627
176,10,15,0,0,280.21360448424923
57,11,36,5,0,272.46393706035957
460,8,26,1,0,440.1157646872534
116,12,16,2,0,272.186539659249
430,8,32,1,0,396.86282598421786
458,11,21,5,1,489.103856805625
308,6,31,4,0,298.51734637017927
273,4,36,5,0,276.2749660718095
215,8,37,2,0,310.4795228884335
105,13,28,0,0,284.0646388452021
341,8,38,2,0,374.24933585526844
29,10,21,4,0,250.2005385728886
24,14,36,4,0,316.7329941275109
142,1,39,1,1,177.21420926583042
349,4,17,1,1,345.2730188110912
372,4,20,5,0,299.78539338250613
137,7,34,3,1,279.9849910595002
313,14,16,2,0,396.5555688252383
416,14,31,5,1,523.654112954938
178,11,26,3,0,308.23569262659714
322,7,26,5,0,318.39288911921693
247,13,31,4,1,407.8378227296527
384,11,24,1,0,424.47533871878187
235,8,17,1,1,318.75879422484445
455,11,34,5,0,457.5121157279515
203,5,32,1,0,210.12030832889172
34,7,27,0,0,176.72132120764647
176,8,26,5,0,245.6424728084174
155,9,31,4,1,295.0284136036399
280,3,18,6,0,218.50295163146663
176,3,37,5,1,215.79368019937917
66,4,24,5,1,138.7940368897768
343,5,25,1,0,302.3394640013357
351,10,20,4,0,366.0365906184963
192,1,20,5,1,180.7718184228967
149,7,23,1,1,265.71533177187825
430,9,29,2,0,394.8092425547378
114,8,16,4,1,245.64946862164217
134,5,18,3,1,234.74844083145445
262,14,19,0,1,403.90588118256477
439,14,31,3,0,529.487675219359
311,4,22,6,1,290.49988854240615
301,12,22,4,1,387.45241516282414
318,7,36,5,1,382.9936804985676
302,5,26,1,1,305.7487894170764
88,7,35,6,0,240.0510098919668
167,12,22,4,0,315.76692577376406
30,1,33,0,1,119.44342061771988
273,1,17,4,1,245.92029882684795
349,10,32,6,1,408.5125759136169
379,14,35,1,0,426.187620123044
57,13,33,3,0,307.111593417087
153,3,33,2,1,224.49863989488884
219,14,29,3,1,433.1743837546644
42,11,20,1,0,208.36652283283632
322,2,30,6,1,276.0569668517642
365,2,22,1,1,279.299164523351
321,7,30,0,0,344.1752415049984
382,12,32,4,0,448.01700360024546
415,10,34,4,0,429.79600751434276
237,2,30,3,0,212.92489407977536
160,11,25,6,0,271.98057675652524
123,4,21,2,1,208.8736427377344
465,2,31,2,0,340.282420469804
229,6,31,0,0,312.3221434923748
492,8,26,1,0,427.4156994879049
130,10,27,0,0,281.64917372296355
123,4,24,4,0,179.05202255324588
335,5,21,5,0,270.5659046540244
190,4,28,5,1,265.988028596217
479,3,37,5,0,357.38507643752274
375,5,15,1,1,318.64082294866597
343,14,31,0,1,470.80372948611205
152,9,18,6,0,245.68112783334087
395,8,35,3,0,377.771818226659
312,8,19,4,1,348.30477226375405
347,8,34,5,1,389.56783030286255
146,12,38,6,1,355.3658121594639
125,8,37,2,0,266.29649909692995
111,7,39,0,1,270.01577375707734
306,8,21,4,0,303.91728107579354
397,11,24,4,0,396.22918825848274
412,14,31,2,1,509.96803333629737
70,8,21,2,0,182.06736321926155
48,13,15,2,0,232.62776495899294
481,14,21,5,1,506.410465238568
315,8,38,5,1,388.59969464955475
316,12,25,0,0,411.87084942009875
233,10,23,2,1,349.45521296453785
286,7,26,3,0,317.73643424854765
426,12,17,4,1,455.6059616176436
276,1,18,2,1,221.84450401392766
321,4,18,4,1,319.559913376973
120,13,39,1,1,379.57409975214017
424,13,27,6,0,479.7405346281769
365,4,37,1,1,341.21590739333664
129,5,33,2,0,205.3946444669503
439,10,24,4,0,425.6132891439978
201,6,19,6,1,246.37196475506124
490,4,21,1,1,329.7364187791754
332,2,38,2,1,309.9293394325769
20,6,30,4,1,209.22732976099854
338,8,15,2,1,350.10403507590365
457,8,26,5,0,388.58185118373905
74,7,16,4,1,197.38607709114453
390,6,21,1,0,286.4345391884242
443,2,25,2,0,294.83548025275195
418,7,27,1,0,345.698303858494
168,11,16,2,0,267.0071675586505
450,12,21,0,1,453.6863345269914
476,14,29,1,1,510.3804513112295
328,14,39,1,0,431.9177515048311
156,5,25,3,0,215.656372722182
221,6,16,6,1,252.3042054208053
455,10,21,5,0,397.34149547610275
332,8,18,1,1,367.08028142788976
136,14,25,4,0,330.5794421562379
173,8,16,6,1,221.22668919991747
444,3,30,2,0,346.91248684511544
310,12,21,0,0,378.4414678427291
82,12,27,4,0,290.40747858148126
263,14,19,6,1,404.99555323278116
44,7,31,4,1,251.09381259762065
109,1,35,4,1,161.8622271308134
94,1,26,4,0,61.283220609735885
313,7,33,6,0,309.71259467550294
405,10,21,0,0,404.5427825860221
410,9,20,3,0,383.18173051687734
229,7,22,5,0,261.0497152031039
494,10,27,1,0,431.27227857406825
437,5,19,6,1,361.8683837237308
366,8,16,4,1,364.7124877376071
36,2,23,1,1,123.50701861312673
147,9,25,6,0,269.2534023640379
446,6,38,1,1,422.63537790767634
462,13,20,4,0,460.9540864824304
383,9,21,3,0,348.4487030000489
270,2,39,6,1,300.19990541124895
198,3,21,1,0,225.632028053027
201,12,33,2,0,381.3841964518412
171,8,20,1,0,259.48161773488357
44,1,25,5,0,53.498383990764715
474,10,25,4,0,401.0533004413346
199,7,21,0,1,265.5315422174382
217,7,16,1,1,274.40496888238454
363,13,33,3,0,440.5834583848339
180,1,18,2,0,144.8750366535175
196,9,20,2,1,275.15106946993626
304,8,31,0,1,396.148386941627
82,4,39,5,1,239.10477378812828
169,10,19,0,0,246.27292216160228
173,11,21,5,1,286.26912943676706
175,5,23,1,1,236.7050932796977
389,2,39,4,0,327.7418099205169
488,13,15,3,0,468.3563886974197
68,9,15,2,1,234.19910613088464
474,12,33,0,0,474.2057687912734
356,12,20,3,1,430.92558087622706
103,6,32,5,1,254.38954264397006
380,3,24,4,0,291.2421841027448
196,12,25,2,0,339.5101745551337
167,7,15,2,1,215.23531041521022
137,9,15,5,0,276.26564632917507
361,3,27,4,0,246.4749231381996
495,2,19,2,0,318.6284404084133
82,7,34,4,0,210.9910450749703
208,7,15,2,0,236.86187019818513
379,4,34,1,0,334.8965136279203
68,11,17,5,0,218.84378398006638
346,9,32,4,1,393.3458474412583
276,14,23,3,0,371.06789607308957
243,8,28,1,1,349.94317700830214
160,13,31,6,0,342.3217084213408
497,13,37,3,1,560.2443618271064
234,1,28,5,0,204.23967705268035
454,1,18,2,1,347.82825521227693
398,5,19,6,0,348.3389165041174
459,6,35,3,1,425.96083247574757
230,3,31,1,0,225.15925395505923
337,13,36,6,0,424.8571626007636
51,9,39,6,1,283.3831555778928
177,12,16,4,1,344.6422591792402
304,10,37,0,0,361.4121733125965
324,14,36,3,1,488.39565903334585
448,6,19,0,1,402.1670898738803
496,4,18,5,0,321.56706754100816
305,12,18,3,1,402.2982794184022
163,7,20,3,0,225.18542111295133
443,8,34,4,1,439.39226986771826
38,9,35,2,0,204.9469354120106
37,13,27,1,1,260.96888481741536
276,11,36,1,0,359.89167399501883
97,6,19,1,0,158.59083372561196
390,6,37,5,1,396.0644613509371
194,8,39,6,1,332.39026232632847
213,12,37,2,0,366.7518446030706
495,5,21,0,0,336.5653865354375
132,14,34,1,1,351.6088325105689
133,3,15,0,1,159.16654629843543
241,12,28,2,1,386.9628602513189
185,3,38,5,1,236.79784909343945
454,13,18,2,1,494.2127819912958
338,6,31,4,1,370.50940633475017
151,2,35,6,0,155.51412384747337
404,6,28,1,1,358.7745900169905
283,13,30,5,1,429.20719972184435
432,6,28,4,1,390.3593872738168
74,8,30,1,1,261.8672712301383
378,7,38,2,0,370.1515331955612
150,8,34,2,0,297.81042459674785
307,14,22,3,0,375.7425046227724
285,9,38,3,0,370.30433719928163
477,6,17,2,1,396.4865239221032
486,14,39,2,0,502.9399786594492
385,3,33,0,1,292.14081425294484
181,10,15,6,1,277.9996186683872
399,3,16,0,0,300.6817542294552
106,11,29,6,0,297.9046311185675
74,12,36,4,1,316.4269502998927
495,1,24,3,0,303.25454033014773
307,11,32,3,0,365.378060067576
197,13,36,2,1,391.75221361286987
410,5,28,2,1,356.51676629003356
368,14,31,4,1,520.1988410199921
27,4,27,5,1,132.76888799702533
340,9,15,5,1,372.84875408152453
332,9,19,5,0,374.14142683062335
266,14,27,3,1,442.49165631644905
342,5,39,0,1,331.5144659295168
491,10,28,5,1,450.653396048213
490,4,38,1,0,386.48802410104713
462,7,17,4,1,403.01046411137395
274,6,29,5,1,339.64818194493364
347,4,33,1,0,310.46895697368853
73,13,31,5,1,313.8032015166227
268,13,17,0,1,381.9457054278417
258,10,30,0,1,342.8768459904209
248,2,28,5,0,212.587286765595
86,1,26,1,0,81.91103498333473
70,4,26,4,1,195.19980695189048
116,4,25,1,1,209.7831042243773
111,13,31,4,1,353.6491200094535
283,1,22,5,0,174.06345776504415
437,6,31,4,0,367.5007319777973
310,4,35,2,0,277.2138875849286
115,1,39,3,0,152.55612768918851
107,1,37,6,0,153.070257616119
97,13,34,3,0,301.22805899129315
307,1,25,0,1,238.98032951349555
139,8,39,2,0,281.0985567307064
321,10,39,3,1,395.9100007443367
419,8,16,5,0,346.56677127158605
471,2,24,4,1,343.6167366406808
184,11,24,4,0,322.9944074605907
201,13,25,1,1,356.12450523181985
488,7,20,1,1,454.79397979192765
417,14,18,4,1,457.4867447766875
242,8,38,5,0,348.0055764815713
330,8,26,4,0,360.9918029798681
451,11,25,1,0,411.8979681550054
485,10,37,3,1,463.85593326057983
26,11,37,0,1,296.3972833769445
349,13,39,1,1,469.9519762989746
282,7,27,5,0,279.86105900782803
180,5,19,3,0,239.23402417962996
170,1,20,3,1,146.121951196009
104,12,15,3,0,247.46122804855946
166,9,20,2,0,245.832033738044
131,13,32,2,0,268.51102345127026
400,7,36,6,0,378.82735518213303
422,2,23,3,1,298.76882889321644
55,6,38,5,0,209.71072229659475
304,2,39,4,0,278.8252544591952
207,1,29,5,1,211.13442000428384
101,14,22,2,1,339.36093259307296
21,7,33,1,0,184.77178228732552
404,13,38,6,0,458.99191630663677
322,2,30,2,0,238.70344099101976
216,13,20,4,0,369.46453895549826
423,14,20,0,1,506.20482888579244
30,14,36,6,1,331.1217396901
253,2,17,2,1,232.50130652704723
405,13,24,5,0,444.2783294244049
214,11,15,6,0,305.69893538652155
490,5,28,5,1,417.89033822340207
138,14,18,3,0,273.5143835934082
415,5,26,3,1,382.62277836182756
39,7,20,3,1,211.18680442314212
280,1,25,6,1,219.38623445785086
312,8,26,0,1,382.8820503231345
441,3,24,4,1,299.1537043067862
275,4,32,6,1,298.559061696275
241,9,21,1,1,328.2986609311251
412,4,21,5,0,301.8105785060112
245,10,25,5,1,352.88734654974627
72,12,18,6,1,293.65461116655126
447,5,34,6,0,330.38863492029594
374,7,15,4,1,372.01929180577963
361,4,27,0,0,286.29452975238365
383,14,32,6,1,515.8090569634936
299,1,23,3,0,223.37035355299886
100,9,38,4,0,252.37859718115342
221,4,38,1,0,244.91347607247573
177,9,23,3,1,299.0884114581827
139,6,37,1,0,265.62520761453345
78,1,23,2,1,107.19108426459894
234,12,24,1,1,366.23854286437387
147,3,16,3,1,148.85623898249716
243,11,20,2,1,358.9781649127214
228,2,29,3,1,219.52981973019334
389,9,17,5,1,383.45656986294847
134,12,25,3,1,356.69380805197517
228,1,20,2,0,152.5326095477292
33,13,17,1,1,272.30955903867755
28,14,38,5,1,320.8279942762028
59,9,25,0,0,206.58339246660145
469,9,29,0,1,512.9357921898328
256,8,27,0,0,267.3004860610825
300,8,34,0,0,350.88137085989916
378,11,24,4,1,480.54746768759367
220,14,20,0,1,411.58171542694373
265,12,29,2,0,371.43884330899516
297,1,39,6,1,248.04463359749815
254,11,32,0,0,382.0954866808682
23,8,32,3,0,214.246919561914
173,10,21,6,1,277.9061512599669
461,14,29,0,0,492.09437540077954
48,3,32,6,1,138.87812107443762
128,11,32,1,1,265.8095992265112
117,7,34,2,0,206.9128503876335
234,11,23,2,0,330.10878452362743
312,1,38,6,1,288.606383545191
94,1,16,5,1,117.53126093714526
345,10,22,4,1,423.9825078500432
165,13,34,3,0,366.08879825487907
147,5,16,6,1,207.9944472577484
360,5,25,2,0,299.9479462475768
61,8,21,1,0,200.15479237416906
375,7,20,0,0,332.1430718041302
60,8,24,2,1,199.4863183685501
441,6,19,1,0,342.59236030621594
53,6,25,0,1,209.81134395750604
36,2,15,4,0,104.29480529642623
184,6,16,2,1,263.20327793611216
172,5,38,2,1,273.6860539525052
397,13,15,6,0,452.64743284929136
95,3,33,6,1,196.9790333612642
106,6,16,1,0,173.22899896913978
136,8,35,5,0,287.57423136066944
381,9,34,6,0,407.9051731766555
361,1,37,3,0,295.5400618751738
488,3,35,4,0,335.247862649485
46,3,38,3,0,126.79462742141365
332,11,18,2,0,350.65189851190206
306,8,26,3,1,358.6355324958951
153,1,36,0,0,199.98699066324593
238,5,34,4,0,239.22106255885737
187,3,32,3,1,250.60730011606103
117,2,15,0,1,124.44862911503662
287,8,15,1,0,335.8503880346207
256,3,38,3,0,217.06696679498464
328,7,28,4,0,339.8060065752305
474,12,18,0,1,500.6075084610915
413,11,19,3,0,421.90009977801503
192,1,25,1,1,173.45500860042523
420,6,38,3,0,354.8731305580155
429,3,37,0,0,358.9480125489811
488,8,27,3,1,468.96813264469944
495,6,30,4,0,418.19521614209384
209,12,38,2,0,383.6194398023174
141,2,27,0,0,123.77836648868188
65,6,38,0,1,197.1805790278535
83,7,36,0,0,205.07352384686044
149,5,16,0,0,171.90717189212742
329,3,30,3,1,287.77595562785433
382,4,20,4,1,326.5499594486773
212,4,28,1,0,244.3050098656356
326,6,15,4,0,277.12009582792865
200,10,31,0,1,325.6936552666428
311,1,25,5,0,236.7584620177989
390,11,33,3,0,420.36071023141585
301,4,17,5,1,276.6464976626824
48,10,25,3,0,217.35053494976813
168,13,19,0,0,323.7994071913848
286,4,31,3,1,274.7219173401406
315,10,36,0,0,394.025444517543
30,1,21,4,0,71.34446596084607
183,9,24,6,0,259.21367539544354
132,4,25,2,1,216.61865972698754
206,7,17,3,0,226.69457741844266
314,12,34,0,1,420.57854804008565
251,14,24,5,1,389.4744620248417
246,3,24,0,0,181.92835679454083
329,10,28,5,1,411.18570758415683
117,12,26,3,0,313.8123329822232
74,3,29,1,0,130.98800550631935
130,14,24,5,0,307.03054977624817
171,8,24,0,1,247.25410441503084
265,8,33,3,0,275.0329784020862
425,11,15,0,0,422.034610914307
88,12,38,1,0,260.5198439546872
331,1,24,2,1,235.62132858804947
308,10,16,6,1,371.6686263674401
269,2,31,6,0,228.2941452537001
55,8,38,1,0,229.99404767101444
258,1,21,4,0,186.13838896977177
167,12,21,3,0,298.36146292410297
486,8,34,1,1,438.2426865069243
246,8,23,2,1,306.31713109455364
263,2,36,0,1,257.71904247877694
356,4,16,3,1,262.1931639546589
465,6,28,5,1,392.7732779224544
384,12,31,1,1,456.5556298070642
220,11,15,2,1,321.22070488293
173,9,23,1,0,260.6489096250126
469,8,34,4,0,435.8745550180256
92,12,35,6,0,311.82971854570457
220,8,33,6,0,326.2270629595507
315,7,18,3,0,268.3419527327796
36,14,22,0,0,263.58509702203867
148,13,27,2,1,377.55159010134247
236,9,18,1,0,254.08528170846807
80,2,23,3,1,122.47541495325027
446,3,23,1,0,301.68528666056886
123,10,36,3,1,354.38647604749593
61,8,32,6,1,225.00934591810534
44,14,26,4,0,305.67641283662516
58,6,24,1,0,166.4420621265998
310,10,25,4,0,332.0709196779424
150,9,21,5,0,307.99648292675664
248,10,23,5,0,323.8929600781161
127,4,20,6,1,201.0240463572023
191,8,33,2,0,292.19015096413426
454,10,30,4,1,476.1391236434423
497,3,29,3,1,424.5414671172412
121,3,21,2,1,213.21887696539181
373,8,30,1,0,347.8680371294239
31,5,19,1,0,168.87449825944475
294,3,30,3,0,237.99734094100182
120,10,15,0,0,246.44481761764817
63,11,33,0,0,233.46963763143253
462,1,19,1,0,304.732128277299
324,3,21,6,1,272.852775173043
464,12,33,6,0,455.01024726843036
36,9,36,3,1,278.7700202806941
349,5,19,0,1,346.2240278981044
76,12,31,4,0,309.40205563437394
330,10,36,1,0,356.54099101229554
322,2,22,5,0,266.47085840099436
31,7,15,4,0,144.48968639005736
337,2,16,3,0,271.530069418478
99,4,29,5,0,179.99907396128313
235,12,34,4,1,400.5266252091699
358,7,32,0,1,378.17042145476785
283,4,25,6,1,281.2267415332016
498,7,39,0,1,448.40971368848784
168,7,24,5,1,245.6387230487432
100,1,38,2,1,163.74676057287843
234,6,38,6,0,306.8177707289754
393,9,18,1,0,339.56750068326096
483,2,19,5,0,336.31332461206785
217,14,18,3,1,387.36779492720916
219,3,27,1,1,254.12949237722515
44,10,39,4,1,296.66320988051615
485,5,27,6,0,390.0668994911628
108,9,32,3,0,253.44803176079427
287,4,38,3,0,280.54686249302983
162,1,16,0,1,175.88193351907412
78,4,30,4,1,168.17410477137798
429,6,15,0,1,340.6108288684961
384,5,33,0,0,323.7062615495172
45,14,23,6,1,314.2618104397465
66,13,17,2,0,300.4174229987957
307,1,39,0,0,247.45965440893224
285,4,21,1,0,284.5030502498582
35,6,24,3,0,165.80915395849672
218,13,15,6,0,324.93074699261257
420,10,24,0,0,430.94137297041846
426,10,35,5,0,428.14274350855897
301,14,23,1,1,441.52418896883785
488,4,29,4,0,335.2725739344626
105,14,29,3,1,320.3267246035552
269,9,17,6,0,314.5731106161503
410,5,39,5,0,380.0745790790318
289,8,19,6,0,341.4133500510655
354,9,23,6,1,371.81255117312367
136,10,36,5,0,319.2748824998169
26,5,23,4,0,160.28893799953994
156,6,37,5,1,262.1767428192649
390,1,21,1,1,309.76173778912755
195,11,38,6,1,387.38432752570395
347,12,37,4,1,480.3436615707916
334,7,26,6,0,367.347207574864
234,4,39,5,0,277.01323695099995
496,11,23,4,1,446.2620374127572
101,2,20,4,0,126.95120991995105
242,5,37,0,1,268.66396997861034
497,12,16,0,1,493.52900140554294
391,3,23,0,1,318.3725572291061
442,6,31,5,0,361.32610194476155
421,8,15,3,1,369.94793713653235
462,7,33,1,0,391.3933619850553
122,3,20,5,0,139.25678897143825
292,8,19,6,0,301.36590308130775
33,2,16,0,1,110.60867812273725
178,10,23,4,0,296.7050165108453
171,9,28,5,1,300.24895381956094
127,4,18,4,0,185.0929686934399
207,1,18,6,0,153.73522984643816
320,8,35,4,0,368.48981637146744
117,7,29,4,1,245.41038365219384
150,11,22,2,1,368.8741833867372
312,13,18,3,1,426.3452835006773
190,5,30,1,1,292.7059720263321
443,10,35,1,0,427.6211602237442
493,13,18,0,0,468.5569944338773
202,5,30,2,1,260.95724694701175
490,7,36,5,1,501.4599985353617
383,5,26,5,1,344.245199638688
58,8,30,1,1,222.53131810086532
34,11,33,3,0,274.0181290709437
395,13,22,4,1,467.6760869147254
23,6,20,6,1,167.13761078698369
368,13,24,0,0,414.79435377044285
489,5,19,3,1,397.2765711640403
428,9,32,1,0,434.253112672194
416,11,24,2,1,466.76170881536274
229,2,24,0,0,182.91332445009238
180,1,21,1,1,157.24594624688825
35,8,32,5,1,151.1175768647225
445,12,15,0,1,443.59062583647534
127,3,21,1,1,173.05730917317302
401,14,35,5,1,509.31920336818627
469,11,15,6,0,424.0837745439446
330,12,29,5,1,489.0175389521878
246,12,18,4,0,348.8273027446526
189,12,34,2,0,317.7471454774394
53,7,24,4,0,192.61134796843675
433,10,37,1,0,448.3295344154231
270,13,23,6,1,385.0017877596239
266,11,16,3,1,365.77611106664716
288,8,28,6,1,360.60302526367207
160,13,30,6,1,385.49008848895437
293,13,15,6,0,335.9865549299655
435,6,16,4,0,352.46156022427016
115,12,21,3,0,307.6980931053784
246,10,24,5,1,388.7537315801609
398,14,36,1,1,486.4786494710713
58,9,34,2,1,259.08095454732944
321,7,15,3,1,324.5186894306531
48,10,27,1,0,241.5103747316457
465,5,15,3,1,364.2074180494362
496,8,19,4,1,421.69212857521654
337,2,30,1,0,262.8435274516978
264,7,29,4,0,288.2499586768507
255,4,31,0,1,290.74379061370485
204,9,37,1,1,324.80865226308254
291,12,30,3,0,365.0538068790413
459,1,27,0,1,354.8088043644992
255,7,25,4,0,327.9505522760887
258,6,31,4,0,317.44542453446485
396,8,31,3,1,408.5614881410295
285,5,16,0,0,270.6025434316236
433,1,27,6,1,301.7743443557326
428,1,28,5,1,325.16358578104655
378,9,25,2,1,392.32394466160036
359,10,24,3,1,432.6300823588022
408,6,17,4,0,350.4692943584769
84,10,31,1,1,325.51908222194953
497,5,29,0,1,406.91389824935004
196,1,23,5,0,190.58067402184003
22,6,24,2,1,189.12930123856177
448,6,22,1,1,389.507769384687
161,3,35,0,1,232.23987680193122
395,13,27,5,1,510.46026323006976
177,8,32,3,0,269.8612657021249
343,14,19,5,0,417.87876276230855
165,1,20,3,1,126.18595804339759
465,1,31,6,0,306.5590387060391
312,6,25,0,0,301.28723855916365
172,10,34,5,0,288.755044444789
451,13,30,2,0,460.34289602637114
212,1,23,5,1,159.97522847696544
456,6,16,0,0,338.3069880939356
482,1,19,1,1,352.4235819359423
92,14,15,1,1,286.3629539378196
418,13,18,5,0,455.78034503624326
324,6,18,5,1,335.5869309405419
396,3,36,3,0,364.057232422848
363,14,39,0,1,520.2671036980514
471,14,17,3,1,528.5915916221236
159,8,23,2,0,252.85394506449757
206,13,36,6,1,400.0171466849193
312,6,37,1,0,337.0439902619104
80,13,26,4,1,341.97402545416077
446,11,24,4,1,469.4099261490457
399,13,16,0,0,452.33771803729155
217,1,25,0,0,231.16422592675377
314,5,24,4,0,281.4171780964063
459,8,36,0,1,453.4800325517864
338,3,20,1,0,252.15766324152702
321,12,32,2,0,407.1748588257398
363,6,16,2,0,327.962105879527
30,5,16,3,0,123.74109273615178
81,6,24,1,1,212.28356164622707
352,10,30,6,1,411.00700668678417
245,1,26,0,1,229.2811500108311
172,7,15,0,1,240.93607223165262
218,9,35,6,1,319.477052709603
71,2,22,3,1,148.4534398167399
279,10,30,3,0,389.087689428286
78,5,32,0,1,202.2011186726664
91,10,27,0,0,228.67589725745424
167,4,29,6,0,239.81284041318784
368,6,35,1,0,344.911213954397
82,6,26,6,0,201.89116564986375
329,11,22,3,1,388.92068356022503
392,2,24,6,1,304.1954113470648
262,2,28,6,1,275.011087730016
385,4,19,6,0,293.11544937888397
349,1,32,1,1,286.36404384992767
126,9,33,5,1,264.2281204407519
245,14,29,0,1,436.240669438997
332,14,20,4,1,430.28235753850066
237,13,25,6,1,415.8940080114725
444,7,35,4,1,431.0476245417862
260,12,25,5,0,365.82438243524433
278,7,34,0,0,327.45083638102636
395,3,34,3,1,348.005388980866
281,11,35,4,0,409.86906831138856
24,12,32,3,0,287.2007719771671
280,3,39,4,1,268.65512212745733
73,1,32,3,0,112.08575997486957
66,3,24,6,1,172.73069761160824
234,3,16,4,0,175.14794075972992
196,4,23,3,1,202.63878481095503
28,4,28,5,0,114.79590842489235
118,3,33,1,0,167.69669187626738
39,10,24,3,0,136.2079371253122
397,12,37,1,0,430.22220694070904
260,8,18,1,1,280.42929461610896
80,8,20,0,0,222.93344536256967
398,13,28,6,1,498.6295765330597
438,13,18,5,1,485.57127378720764
197,1,29,1,0,173.50023748242762
357,7,30,2,0,354.3961368253888
81,11,21,6,1,257.53329621007657
164,2,31,1,0,199.05777990827315
235,1,33,3,1,230.36042576442864
22,3,33,1,0,140.3519854051926
179,4,31,3,1,259.0283073292928
246,13,20,3,0,368.6822893659454
288,6,25,2,0,290.2583597780234
139,10,30,1,1,314.2687968877668
400,14,39,1,1,516.7404616037102
108,5,22,4,1,212.6591346756816
348,14,25,6,0,438.1241841661568
87,4,21,4,0,135.75958273930988
417,8,38,0,0,416.6942945730702
376,11,36,3,0,430.61000045839666
117,12,39,2,1,370.6957637568762
286,14,33,4,1,412.79166433284513
124,4,24,1,0,170.72441140930533
459,13,23,0,0,456.00194147480056
342,10,18,2,0,346.64754511158327
142,12,37,5,1,366.19496055179803
495,13,29,1,1,501.77879010327337
48,2,27,1,0,110.66271292499812
156,3,39,5,1,231.6087912478956
214,6,16,3,0,208.00100844138746
428,8,16,3,0,369.16145794182484
245,8,30,4,1,317.26893649147576
351,11,23,4,1,460.44967442109163
189,9,27,1,1,337.5393326903659
28,7,17,6,1,184.34519919049794
482,13,23,1,0,473.36502949218254
59,2,27,4,1,153.58100675470524
44,8,35,5,1,257.3495183562837
280,7,36,4,1,352.09065179575276
414,8,16,1,1,368.69704927251126
462,12,22,2,0,450.8082446759417
245,3,23,1,0,215.06026148911178
491,7,30,2,1,446.30550034918406
143,10,16,2,1,289.7672630228354
482,13,20,1,0,490.6166447038985
57,9,36,6,0,262.3344057744023
347,3,22,6,1,312.75127413392056
270,14,19,0,0,394.80639691414365
408,10,23,4,0,374.8459201777428
195,6,15,6,0,241.2268647136542
109,2,23,3,0,146.87612704213956
421,2,24,1,1,313.3841744307198
473,5,37,2,0,386.0947806191231
56,5,18,1,0,140.31161942740357
335,13,17,4,1,417.7435535113935
195,7,24,5,1,245.53930925727988
480,12,29,6,1,485.66914713304925
303,2,25,6,0,213.3698542900438
472,11,28,6,1,447.6433975381484
480,14,20,2,0,467.7346746241518
100,13,26,3,1,349.82398829816805
133,7,27,3,0,235.2183667891823
59,5,31,6,1,177.08030269568619
320,14,30,3,1,446.2355288434406
243,6,17,5,0,270.083672518816
337,8,16,6,1,374.589344165073
368,10,25,0,1,415.39775991738816
134,13,23,2,1,361.49595386763264
205,14,17,5,1,361.18191978107905
342,12,32,2,1,449.54719840241654
75,4,34,6,0,136.01298287950613
59,13,29,5,0,275.21359674302073
373,7,28,6,1,378.06153068989096
59,6,16,5,1,147.79882205164895
366,10,31,6,0,406.8623224080065
480,2,36,0,0,357.20403265251065
256,8,22,2,1,342.22238142888705
308,10,24,5,0,398.6849379462588
281,9,32,0,1,377.8342869851783
235,5,39,1,1,299.2183424686231
166,10,33,6,1,296.9583398100111
355,4,22,4,1,319.33904863201695
187,6,22,5,0,238.68865690816153
111,8,17,3,0,182.3797545680115
372,11,17,0,0,380.198253600656
78,3,26,0,1,166.22265185434688
78,10,36,5,0,271.5905088865612
323,11,31,0,1,435.624828245931
188,11,18,1,1,314.2688543237761
288,1,31,0,0,225.0272165736897
382,4,28,4,1,348.4747096445973
64,4,33,4,1,184.36441534439786
364,1,23,6,1,264.57075405275606
200,9,35,6,0,319.25158893220123
189,3,26,3,1,217.9456826745971
375,5,19,1,0,276.558286368994
210,6,25,4,1,302.46084658769604
174,8,34,5,0,253.27416686004145
441,6,17,2,1,372.60986915461837
207,3,35,2,0,224.935271189278
26,6,29,2,0,170.10416496203294
152,1,28,6,1,180.39233613435283
254,4,25,5,1,208.15748378638767
64,6,34,0,1,205.94972620353323
333,7,22,5,1,351.4258069696687
268,11,18,0,0,332.8181358344749
50,13,26,2,1,312.23332600331804
42,11,22,3,0,250.42989972814877
445,10,20,3,1,452.6337475903837
413,3,29,0,0,294.919685550379
179,9,26,2,0,265.7299469555467
382,12,30,5,0,463.6288080359653
456,12,30,3,1,494.4178169829239
177,7,35,0,1,291.591836364667
58,14,34,5,0,317.1975196581352
434,1,34,2,0,324.7444328576877
101,2,18,1,0,98.47471548840237
375,1,25,2,0,242.57766443636953
277,11,27,6,0,325.4207649714678
225,9,23,2,1,317.572562124935
96,9,18,5,0,230.35186729217924
496,7,26,5,1,427.71519035897444
31,10,23,4,1,276.69625846347355
314,3,27,4,1,288.3240343819162
469,13,30,5,0,487.4546851003202
243,5,20,5,0,229.45727568357916
32,4,24,1,0,96.80287951056195
65,7,27,1,0,189.69335388979684
174,14,21,2,1,376.1677322625635
132,9,33,6,1,294.6386048815571
252,12,38,3,1,416.62226542099023
36,2,33,6,0,100.58647527189802
379,13,31,1,0,421.6055440616247
242,8,27,2,0,292.87582616562
373,9,27,6,0,379.91213845917764
207,10,35,0,0,320.1261793003575
467,14,16,4,0,479.570312074371
363,10,24,6,1,425.0328497867558
384,9,36,3,1,444.45668098532803
182,14,27,2,0,372.1474273035127
345,10,23,6,1,418.60652051332625
486,14,15,5,1,522.941638820064
433,7,28,0,1,414.6265165914612
474,9,30,4,1,500.85922869688966
93,9,34,0,0,265.1723966108166
252,14,29,2,1,407.0966600431992
243,3,15,1,0,159.2390628635505
338,4,31,4,0,286.1769501547669
431,2,38,0,1,363.9948405296301
79,10,27,1,0,262.6790021490048
354,3,29,3,1,284.9905171279303
241,11,30,2,0,360.0884387670067
56,11,30,2,0,275.69372039855125
496,5,16,4,1,397.17473792183745
297,5,31,0,1,323.81451019959576
215,6,25,3,0,244.84378782395046
423,13,22,5,1,471.2999587177639
371,7,34,4,0,374.2109263979606
261,7,17,5,1,311.1669389948304
343,1,26,4,0,231.95725906723456
238,14,34,0,0,447.8421269733976
211,2,30,3,0,165.30402183032948
36,12,28,0,0,249.35737494395357
31,9,30,2,0,195.0720556911321
425,10,35,5,1,470.18351762675326
420,2,31,1,0,263.0207272356285
413,6,25,6,1,401.8853254584986
393,11,31,2,1,473.60900670156155
212,11,33,2,0,342.34708874852504
41,1,36,5,0,101.29352168389207
493,3,15,4,1,365.8261970113203
139,2,26,2,0,158.07412797250183
229,3,29,6,0,236.54033090658615
325,5,32,3,1,329.0509437292451
289,11,37,2,1,409.87051595287863
211,10,28,3,1,363.0547483538441
194,6,15,0,1,259.6732404258482
304,9,27,4,1,367.5197376934769
223,12,29,3,1,386.8567638679779
183,11,21,2,0,302.19628335224496
270,10,29,4,1,382.34407385655527
246,12,34,6,1,426.3890144684718
455,12,24,4,0,448.5025919335412
400,13,28,3,0,438.1089413621802
479,4,20,3,0,344.975838505724
26,7,28,1,0,163.26892491725945
48,6,38,1,0,171.78163872905927
414,2,39,4,0,334.87102054625313
52,10,36,5,1,272.25587640433463
153,11,26,5,0,256.1387431738476
386,11,25,1,0,424.948314263002
98,11,39,2,0,283.2369698875843
435,8,34,0,0,417.0566457727985
454,7,36,4,1,455.6688260669577
478,7,38,0,0,423.79294794023974
77,14,39,1,0,285.7904114289764
490,8,33,3,1,421.72659752277855
45,12,16,6,1,251.0518362841147
449,12,36,4,1,505.36286800270466
245,13,34,1,0,409.50283175052834
304,14,15,2,1,427.826672866376
23,11,22,6,1,302.84546677943916
484,1,39,4,1,335.1714652468795
118,13,28,4,0,312.42583661800165
416,1,23,5,0,260.09058226466254
58,8,16,3,1,215.69275991882668
290,4,39,4,0,318.0334890755579
394,5,37,3,0,382.29827870332696
304,8,19,1,0,311.0892073859289
176,5,37,2,0,254.2302777633758
94,10,39,6,0,279.3110000129058
391,4,22,6,1,307.9941219333918
307,12,30,2,1,423.7864080440972
149,6,36,4,1,256.3978116917698
194,13,30,4,1,380.7446115101318
481,12,27,1,0,457.4582623175941
103,5,34,5,1,227.6029403736494
41,14,29,5,1,324.6130050595378
478,7,15,5,0,388.0850619004184
46,14,36,3,0,311.19719888735364
214,10,17,5,0,323.6921769765853
356,7,20,2,0,366.8440488016867
401,13,36,6,1,489.40936519496813
255,4,28,6,0,262.9013557736505
459,12,18,3,0,487.79200355816675
111,13,32,1,0,334.4224532050463
496,5,29,2,0,395.3464698785358
40,13,23,6,0,224.56286196459268
322,3,32,2,0,258.8384813542821
483,4,17,6,1,357.25792100053525
376,14,24,0,1,503.7438142637268
462,4,31,1,1,368.3878091723714
103,3,21,1,0,136.79250640054613
281,13,29,0,0,410.3055090801952
166,10,15,3,1,277.4860130089953
460,5,39,6,1,418.5817937011468
472,5,25,6,1,393.9754680900219
406,11,31,6,1,477.5422025050393
276,7,19,5,0,294.17698282254486
77,4,21,5,1,183.04584026250186
399,13,33,5,0,464.51570340783314
441,4,39,5,0,324.980880582683
34,9,38,5,0,230.7932425537299
181,6,29,0,1,269.60608370610447
464,4,17,1,1,371.3308950354233
182,2,29,3,1,200.54143309994544
339,6,19,2,0,298.3359816945899
300,2,37,5,0,255.46721976337753
299,5,26,0,1,292.2489069203026
31,6,34,6,0,150.43444693177184
293,4,19,3,1,282.1508164099014
290,14,17,3,0,409.1552615130313
227,13,23,3,0,342.0018007515384
46,3,23,0,0,109.64464950912077
91,7,21,2,0,209.0909844045031
79,2,16,5,0,120.03416946019428
449,13,37,3,0,498.12850936624613
492,11,37,0,0,493.28403198860116
164,14,35,6,1,402.64099676971676
112,6,30,1,0,220.22067960523452
328,13,23,6,0,383.5716121657584
27,4,27,0,1,195.844207780826
98,6,33,0,1,240.48007804885515
46,4,34,0,1,195.59664225681283
193,4,31,3,1,233.2639150252974
69,4,20,0,0,130.78198609648666
218,9,18,1,0,287.5396740185319
406,7,15,3,1,331.9118455500585
368,3,32,6,0,274.9771989759626
467,3,33,1,1,359.9942904244581
447,6,23,4,0,333.92726590884416
200,6,27,6,0,246.12165420516683
43,4,22,0,0,124.0183467586762
335,9,37,5,0,404.9741462004155
397,4,27,5,0,290.0864886490801
406,9,29,3,1,430.69496756816363
423,4,25,5,0,303.89820025357704
65,2,26,6,0,80.15719793864918
34,2,28,3,0,114.75607708018944
172,5,18,6,0,210.41197878669595
241,4,15,0,0,221.54237370489992
225,7,38,2,1,297.1700772139262
474,14,18,2,0,484.67174730768954
292,11,33,1,1,418.94720959465997
401,5,23,0,0,340.5432044704825
255,6,24,5,0,278.0658943817521
359,10,18,0,1,414.802682487289
247,4,34,4,0,272.847596830126
28,13,23,2,0,257.09730066157226
185,12,27,5,1,366.47060384311345
451,2,26,6,0,327.49354193814077
463,13,25,6,1,514.3025107653519
338,10,26,2,1,424.97994963310987
233,9,32,0,1,362.9899265679646
136,10,26,5,0,257.3509721209827
405,7,30,1,0,341.3800018852954
363,4,19,6,1,309.8861505845226
91,3,34,0,0,134.877390735227
414,10,39,1,1,466.662516357585
83,14,26,5,0,303.351952079987
224,3,35,2,1,283.01822474833114
228,9,39,4,0,337.101253325671
91,5,25,3,1,220.05870416574194
296,13,23,2,0,379.20810235102454
293,3,32,1,1,316.0933654857526
497,5,39,0,0,419.3729619224488
339,2,17,6,1,272.0487645616677
357,11,34,5,0,375.368811875309
385,4,31,2,0,338.074795520105
114,10,28,6,1,328.46670114008657
185,2,15,6,0,152.72572446320638
51,2,31,4,0,118.13497515247585
30,12,39,5,0,262.66645785932064
320,8,22,1,0,291.36529200444573
236,1,19,5,1,189.7581237970363
308,14,19,5,0,435.1883899771642
121,7,23,0,0,233.08022724827072
444,5,17,3,1,345.54582679738036
411,11,33,6,0,424.9322575655312
286,8,37,1,1,409.7016401786026
233,1,23,0,0,157.09689554946226
198,11,36,6,1,351.6914895884651
107,7,32,3,0,213.90836708816568
60,5,30,0,1,167.83979881916989
420,4,15,3,1,319.2497945830991
95,7,16,3,1,204.05383345053949
396,10,28,3,0,385.95500249071466
65,2,28,0,1,175.0594233861582
179,12,15,5,0,276.1634143015778
482,1,39,3,1,361.1614815278624
99,1,30,5,1,136.95997674536179
329,11,29,6,1,413.3005207725295
105,12,29,6,0,272.03070006884093
111,1,26,1,0,124.01789263680185
167,12,30,4,1,359.92926174605964
180,5,28,5,1,279.0436374760278
221,10,38,6,1,354.7281003087545
443,7,29,4,1,446.8565344713596
435,2,37,3,1,335.3604346672013
261,10,29,4,1,363.7396183910222
372,8,33,4,1,437.2947950488359
21,4,22,3,1,202.55883257010686
244,12,16,5,0,367.71873107914666
308,3,16,3,1,256.52816440192265
252,10,24,1,0,334.2975047265892
480,11,17,2,1,482.6527376242578
433,8,37,0,0,417.4084763808094
436,2,31,3,0,289.84306901865716
96,11,22,3,1,291.69164934150695
135,11,37,4,0,296.3830866149409
173,13,18,1,0,298.1317457258
425,3,28,6,1,337.27261517458015
122,12,35,6,1,347.30662941288847
213,3,24,4,1,249.52766291321296
185,10,15,5,0,267.42143379978165
378,11,18,3,1,418.42780396493487
109,1,15,3,0,115.57858559169749
193,6,31,4,1,279.9174374095073
141,2,31,3,1,200.13103151778523
162,1,21,5,0,139.55936944387884
125,2,37,2,0,170.55463376479378
394,12,34,0,0,423.419510814642
447,6,29,0,1,403.94653372329714
324,14,27,0,1,484.5572476417059
379,4,16,2,1,314.87982862828665
478,6,33,3,0,378.32498116324564
336,12,38,4,0,453.53060074905403
470,9,27,6,0,438.42743355577517
142,13,38,1,0,357.3525552453471
409,10,25,3,1,449.3104457794487
28,12,36,2,0,243.4725920771003
281,10,29,5,0,361.4560994390165
92,8,24,2,1,271.69260916353085
378,1,23,6,1,270.39596549309925
242,13,23,0,0,323.4277253922648
435,8,34,3,0,412.81143109276275
60,9,15,6,0,195.654952950588
389,6,31,0,0,315.5476897328089
223,10,26,1,0,325.60757111627044
283,5,24,5,0,275.1058471813189
347,6,19,0,1,302.17721733416715
197,13,32,1,1,425.28614444757307
367,6,29,2,1,376.5224238156096
337,9,20,0,1,335.6947960662566
103,4,21,0,0,169.87728131170212
337,2,31,4,0,276.2965214083537
130,11,20,5,0,298.30016128571725
270,11,22,5,0,331.5224825628353
402,9,26,6,1,434.6660610668059
26,2,35,2,0,108.26696189273375
478,10,28,4,0,433.87030459722445
103,9,26,6,0,221.1998699965322
227,2,37,1,0,179.43713588052645
407,12,24,6,1,472.3084800506086
409,8,36,1,0,391.03901834969685
333,9,34,2,1,344.8976437045887
41,12,29,5,0,260.0071039971133
429,10,21,1,0,429.6569370291915
402,9,23,2,0,355.86029081728145
22,10,24,6,1,224.74801836176414
146,9,24,1,0,264.8184341883177
316,2,30,3,0,196.82247539625328
207,4,21,0,0,194.82637400268626
381,7,19,6,1,370.43212680945
33,12,37,5,1,289.27763905486177
478,2,17,6,0,277.03983027816685
485,1,32,3,1,326.49822649812154
31,3,25,2,0,78.25772936949122
106,12,29,2,0,278.3392919887664
31,4,35,6,1,196.63323898522054
416,8,34,3,0,443.23781406340424
44,6,19,6,0,150.72365458886182
320,11,38,0,1,446.36497154305084
262,2,26,0,1,224.1835585161594
141,9,18,4,1,229.6669619327125
166,14,29,1,1,418.032181540789
74,2,23,4,0,101.0980251790434
257,13,21,0,0,379.8741658515224
375,12,24,3,0,418.6692237023772
192,5,37,1,0,264.89181857671446
411,12,27,3,0,458.5819532075195
240,4,22,4,0,229.5545131266902
138,13,26,2,0,323.75562418724775
328,7,36,3,0,365.251691639471
202,8,38,4,1,318.806142474133
307,5,33,4,0,325.6122992292545
326,10,15,4,0,328.84287505190144
319,14,30,2,0,431.0315986240694
101,14,36,2,0,345.0835971574911
473,5,31,6,0,340.91813422738693
421,2,39,2,1,376.1369607158616
230,8,32,1,1,338.5180166904996
169,14,25,2,1,440.5194378860306
56,2,32,2,0,163.61385020860592
371,10,21,2,0,377.2819773799257
331,12,32,3,0,445.21173404952145
380,6,22,2,0,340.94672650708486
78,8,20,1,1,233.62214337026919
150,6,21,4,1,203.8127508154046
431,4,37,3,0,321.0292971805954
221,13,36,0,0,377.58740503165933
262,4,24,2,1,259.0927074642011
54,6,25,6,1,201.50378449594052
464,14,39,6,1,577.4473966187261
112,13,27,4,1,352.2991641167535
457,4,23,4,1,350.57427834176156
466,8,21,3,1,443.49915789011516
226,9,23,6,1,305.71905358318963
372,1,27,0,0,232.15519496031112
410,13,17,5,0,441.6327413540407
351,4,17,6,1,283.20994815435165
324,4,15,6,0,239.16308434469386
369,2,35,1,1,334.37944128150957
232,6,34,5,0,287.1526738201538
178,3,16,4,1,188.56388638433327
461,7,39,5,0,380.99802062564277
464,13,17,6,1,476.2967537986607
43,11,29,4,0,283.341560203304
423,11,38,5,0,471.8308082999883
312,5,20,4,1,329.4718190204056
23,4,27,4,1,160.6204948980375
239,5,35,3,1,287.4790348505556
383,8,15,0,0,359.6038513474378
401,3,34,4,0,339.1367805719059
39,14,33,1,0,285.9051620940887
463,7,15,6,0,352.2359039404393
171,14,35,6,1,365.0748072064348
69,6,36,1,1,211.73149988112272
196,12,16,2,0,323.37837752687443
454,1,29,4,1,318.07478230910095
115,13,28,4,1,357.134601019417
124,7,33,4,1,302.3434992560629
439,14,25,5,1,509.99641109249603
269,13,29,4,0,387.1746047818067
136,7,20,4,1,253.97223054242357
373,14,34,1,1,483.01195058790006
247,12,23,0,1,366.5535879699694
85,1,19,0,0,83.14984619539368
354,9,34,2,1,387.08844929130487
437,6,16,1,0,358.4957370152604
439,12,20,4,0,429.5684009252017
281,2,32,0,1,286.7277385086252
314,5,37,3,1,346.58565984062295
445,13,33,3,0,483.0443873910983
262,11,23,3,0,358.1925655612432
390,4,35,4,0,306.13076842611304
205,7,38,4,0,267.8919144457898
265,8,20,2,1,336.77194977114624
144,11,28,6,0,249.08655117348508
287,14,38,2,1,459.79222360600767
150,11,27,2,1,335.8100463759056
256,1,25,5,0,219.21765453377392
37,5,26,3,1,205.8095933137522
59,3,33,4,0,137.89427501432166
40,1,33,3,0,116.40533056966208
418,12,35,2,0,442.91299684335803
244,3,33,4,1,254.1302712196349
374,14,38,1,1,530.3532102730233
301,6,27,0,0,293.70191376821896
27,14,28,0,1,312.6935552366164
119,7,38,2,1,249.83727519842864
259,8,32,6,1,351.9513432934848
497,13,26,3,1,540.5810856969142
106,11,18,1,1,298.4604580746034
317,4,24,4,0,242.27277732100936
447,3,31,6,1,380.4988868662206
33,5,18,3,1,137.53798679528936
353,9,26,2,0,362.97170001825907
21,13,27,3,1,257.13761659212923
394,6,18,2,1,349.4106328464806
312,9,24,5,1,348.9282706367712
344,6,39,0,0,331.02285680650584
441,2,17,6,1,315.6982087936897
60,13,29,0,1,329.544496137475
337,5,16,3,0,291.3580693338459
335,12,39,1,0,378.75407425510434
400,11,39,4,1,486.5663654626832
130,9,31,2,0,266.125528116898
33,8,20,4,0,165.29594615319542
250,7,22,0,0,256.391853948272
492,1,17,1,1,323.75143725049736
103,4,39,1,1,224.1119603778782
149,12,32,4,0,326.05764564562463
250,7,36,0,0,298.05419821759864
345,11,15,4,0,317.01556639357756
164,7,30,3,0,237.0939351479317
398,6,21,1,1,337.32615315927745
364,8,17,1,0,377.1044193703269
47,11,37,3,1,293.68625530838756
85,13,18,0,0,288.32240025766527
182,6,23,1,1,269.70254187501536
248,10,19,6,1,348.2065695192349
280,3,33,5,0,242.67564760201353
468,4,29,5,1,371.1234189214421
443,14,22,5,1,465.0881299933532
479,3,20,2,1,357.3438627028262
459,1,32,6,0,314.5076187391577
183,10,33,2,1,336.5434030760417
320,5,38,0,1,343.8684373743015
426,1,29,3,0,261.87179332091745
322,1,21,4,0,212.11905372067542
306,2,24,6,1,248.00292412436423
414,13,20,0,1,485.3001183127002
29,4,28,4,0,131.319686564705
214,6,31,0,0,246.2037472161626
137,8,23,2,1,261.30098230863393
289,13,33,5,1,414.7095064855805
99,3,19,3,0,125.93649746317695
477,1,37,2,0,339.15373923363234
112,3,21,3,1,146.35410252956822
285,12,33,6,1,417.2768679430888
351,3,34,4,0,273.50130172443494
369,5,21,0,1,304.8683667728467
380,11,38,1,1,498.30587198577956
276,12,16,1,1,405.0754803599619
152,12,39,3,1,352.03873352702345
295,4,37,5,0,275.7046180654206
283,13,30,5,0,356.055083815932
190,4,27,3,1,207.1502558871016
479,9,22,2,1,425.9394318593703
20,7,20,1,1,184.3283004964001
332,4,20,2,1,293.70556976412166
83,3,23,4,0,139.13443893246577
393,6,18,1,1,366.0721531814038
487,3,25,4,1,374.06018569773
303,6,19,0,0,257.8718430407745
140,11,39,2,0,319.4804686844413
126,13,31,3,1,362.7070362259828
440,11,34,1,0,444.4545483646893
194,13,21,2,0,297.07156681895
223,13,29,3,1,418.18138116887746
184,12,39,0,1,381.7662909893048
324,9,29,1,0,299.5432251380706
139,6,28,4,1,286.9050616973439
63,12,27,0,0,255.9247496183033
331,4,25,5,0,324.2804637435463
175,5,27,3,0,224.04728732270493
386,13,36,1,1,485.9464064985765
226,6,38,1,1,312.67189448614613
409,11,23,6,0,401.314565657123
127,3,24,6,0,157.72620795112073
270,8,18,0,1,361.2124126641638
464,4,31,1,0,336.0275513949849
423,8,28,3,0,398.1672941787036
389,10,38,0,1,436.1048231054623
353,10,32,4,1,417.1383803119037
149,3,25,0,1,239.03220667761212
476,10,30,0,1,488.52923626823736
312,7,15,4,0,305.9134704694717
39,11,21,5,1,257.91692792104567
301,13,24,6,1,477.4097741893817
304,12,23,3,0,359.00722509818485
20,9,39,5,0,191.4125618492493
138,4,17,5,0,196.72025167722063
54,8,36,5,1,241.3683290270316
217,3,37,6,0,235.70518137961548
264,7,28,2,1,357.3271699759891
78,3,39,6,0,170.4711767403344
344,12,29,5,1,484.616365436223
180,7,16,2,0,229.72391725610996
198,14,38,4,1,400.837462719831
225,11,28,6,1,316.4303361273782
31,10,30,3,0,231.51094896801996
295,10,21,5,0,294.7714759298967
200,11,18,1,1,337.492794822933
261,11,32,4,0,388.6907634975588
235,6,38,2,1,313.1587862571907
270,2,19,6,1,236.80212585698558
318,11,20,3,1,412.3132939296814
145,3,21,0,0,172.8906848711201
236,6,29,3,1,319.2099697882006
325,14,15,3,1,432.11642749665714
304,4,38,5,1,272.9772955197981
204,6,18,5,1,281.52035383568125
58,1,39,6,0,117.22396225298847
242,10,15,6,0,283.4269463874177
203,12,25,2,1,368.21870782792917
446,1,32,6,0,305.7308364240525
197,3,28,2,0,184.5107507323362
426,8,36,5,1,409.28831129573086
447,8,25,5,0,402.86830716377557
313,11,24,1,0,352.50256657186947
359,4,31,1,0,303.7876695027187
170,6,18,4,0,218.4689071088888
403,8,38,5,0,416.8635230575085
145,7,29,0,0,277.88207204719134
320,11,30,1,1,419.74418402551316
327,7,35,2,0,329.9927705946895
355,13,27,3,1,489.6687181401898
453,4,23,6,1,383.4618545769635
253,9,25,6,1,344.86766055566176
399,12,25,4,0,434.22973892293163
394,10,20,1,0,387.53823448282725
27,6,15,3,1,166.74423009484966
360,14,36,3,1,489.9626929671477
148,12,20,1,1,304.5033903530407
283,11,27,0,0,360.67746917704824
176,3,36,0,0,240.14548434144288
371,5,38,4,0,320.179159980227
377,5,36,0,1,360.07457361086085
24,14,19,4,0,242.16161467690654
105,5,29,2,0,208.646645913471
194,8,32,1,1,327.59408258747425
309,9,34,3,0,331.93374359292363
212,13,28,4,1,346.63075143055966
330,9,29,6,0,375.31402357669225
138,13,19,0,1,305.2146575602383
237,6,18,6,0,261.06532713577997
446,6,16,4,1,362.2385392946643
477,9,21,5,0,429.3999933777553
433,4,24,4,1,363.3823285233683
133,6,30,0,1,235.77091769954131
485,4,24,5,0,332.9201597360778
164,11,32,5,0,322.5159342578186
45,1,31,0,1,115.64828560179002
155,7,35,5,0,274.679604770542
322,14,27,1,1,438.35300170823825
251,10,15,3,1,342.50700641610996
388,11,15,6,0,381.1959098807949
95,12,29,1,0,285.6142822110558
494,6,15,1,0,352.98946018777934
347,9,20,0,1,374.92787129180215
364,7,39,0,1,343.76496875883964
321,13,27,6,0,393.24155035281007
471,7,15,3,1,388.74776633179675
308,2,19,4,1,250.5624694082867
20,12,23,1,0,261.8638353740432
166,11,39,5,1,342.04538968007233
306,9,31,3,1,408.27970313995604
483,10,30,1,1,464.2716272380489
161,9,22,4,0,237.3375607178166
72,6,31,5,0,150.31567462956053
323,13,29,1,1,456.63569293908677
88,3,38,2,0,166.72044850081792
380,1,15,6,1,275.9507243856399
109,4,26,3,0,169.13241377977866
465,14,19,6,1,510.3160567189815
239,14,38,0,1,441.1884748090394
469,3,20,1,1,392.54972265594637
211,14,39,5,1,414.02123607953644
473,12,15,5,0,487.58644411125465
82,1,39,3,1,181.04726269600715
92,3,15,3,1,158.3039581682285
180,14,24,6,0,359.09057140043615
188,14,24,5,0,288.0875182301993
108,4,17,5,1,172.76672831538448
195,13,31,5,1,371.09533275573125
288,13,33,1,0,447.24786656628856
92,14,25,5,1,329.1720269373278
264,8,32,0,1,345.4040004761036
96,9,16,5,1,244.07912531256582
178,3,23,0,1,183.869347166756
478,6,38,1,1,423.79556744470267
343,10,31,3,1,429.8379582261312
117,11,28,0,1,266.8638643149569
400,5,18,1,1,347.227047660281
121,6,31,5,1,224.47040422283135
151,4,31,1,0,223.49837956123622
121,10,26,5,0,270.39843534416053
38,6,34,6,0,146.6046423437992
473,7,32,1,1,427.17709566976544
101,9,17,3,1,258.5712006052918
416,10,25,0,1,431.9209187385892
298,7,39,6,0,334.9024066585521
358,6,32,3,0,332.6152647787188
384,1,18,2,1,290.33642171833316
350,2,31,5,0,275.7913154933188
148,1,32,0,0,152.0358322871488
363,9,19,3,1,384.85835476443833
329,10,28,0,1,378.8433187483391
474,10,24,2,0,464.34764021070987
108,9,29,4,1,336.2442772884109
232,7,15,5,0,244.39301506897056
162,13,30,5,0,336.9539894174726
84,2,25,1,0,142.30093886916953
95,6,37,5,1,261.68939344984256
218,11,34,5,0,345.56619912631385
162,4,20,3,0,161.47661963062924
424,1,38,6,1,369.36317673351573
422,1,36,5,1,341.6246863999
335,12,30,5,0,411.91097813790446
112,5,16,2,1,178.54344739722853
492,12,15,6,1,487.15910337282344
436,2,38,2,0,287.71105265474904
324,4,38,0,1,342.81809266102255
243,1,23,0,0,202.1946937150241
310,4,36,5,1,321.5951798388551
447,11,26,5,1,451.2949415116208
121,6,31,1,0,221.53795172232944
493,10,39,0,0,490.24716093388673
286,4,29,3,1,276.1352726644381
374,1,33,5,1,316.6798444630757
475,7,36,3,1,454.9903486918835
129,14,24,5,0,317.01967372361804
481,2,26,3,1,341.34688841802694
349,9,28,4,0,361.9225079030389
469,13,23,3,1,486.08664465234455
449,3,27,6,1,358.7052545982194
284,8,17,0,1,337.1696904155847
22,13,35,5,1,329.3719318559098
104,8,28,0,1,263.94897210447897
301,3,35,6,0,273.32635532421074
347,4,24,6,0,276.13984514989284
323,2,30,3,0,234.01792874274653
469,4,21,2,1,357.90136058151586
473,11,18,2,0,466.06141623804973
431,11,34,6,0,461.18161873505954
136,11,37,2,1,345.1479435528874
240,14,39,5,1,401.6925842060651
173,9,25,1,0,277.756266334874
172,2,30,4,0,149.40634785214743
31,12,34,3,0,238.33262811390233
152,12,18,1,0,269.0729478230984
323,13,36,2,0,413.04333079927403
312,3,36,3,0,289.6677897992282
482,11,37,1,0,484.53184252356
319,11,31,0,1,397.63707444044996
247,4,27,2,0,225.88517763433057
290,5,25,1,1,309.96628840906476
62,1,17,5,1,123.95614271467309
451,7,23,0,1,409.1726638637747
362,14,20,2,0,408.0501916985245
345,10,36,4,0,386.2494785492543
321,7,35,6,1,413.1198297867868
383,9,25,2,0,352.28251933764665
398,4,30,5,0,326.4986573689536
446,14,33,4,1,571.4166599066807
40,14,19,4,0,262.5303153339008
426,6,28,4,1,425.6760771872756
126,11,31,3,1,306.2463075847342
355,2,17,3,1,232.002099378612
322,12,18,6,1,395.41444054107615
136,12,30,4,0,292.8458999725479
143,14,30,6,1,338.09643615167545
418,4,35,0,0,330.6510206188936
300,2,39,4,0,277.819923594499
311,10,18,1,0,329.617596229102
222,5,33,4,0,244.47993685874053
70,7,31,3,1,259.4101730621647
290,13,27,3,1,409.0345800405187
343,1,36,1,1,300.87855227190477
296,10,37,1,1,367.8513417910223
160,10,38,2,1,316.6771594242033
489,7,15,0,0,375.23137869603516
294,10,26,0,1,403.1823961990119
309,13,18,0,0,367.2491996515885
353,6,25,5,0,298.00880343591666
400,6,19,3,1,363.44704975183924
471,12,16,0,0,456.15772989280896
392,8,31,2,0,357.28804050440147
71,8,22,2,1,219.0620852478352
46,6,20,0,1,204.73321655701966
176,3,35,1,1,209.39981825305293
258,5,23,2,0,256.8295347809416
175,2,27,6,1,191.1493302217361
310,14,25,1,1,473.0516283408614
155,5,30,6,0,224.10839512934717
163,14,30,3,1,399.11125788615334
125,9,16,5,0,218.7483188962408
439,10,24,2,0,433.99030312037195
177,1,26,1,1,201.46954020890493
165,10,22,6,0,286.88977748296026
21,5,25,0,0,129.84781465017548
452,12,24,6,1,487.2521069010008
96,6,27,6,1,184.94580930269444
151,14,39,3,1,428.6800923602578
109,11,31,4,0,269.4215481251257
364,7,21,4,0,322.3029854077764
369,9,38,0,1,399.144029351612
478,6,17,3,1,406.4578973259829
282,5,34,3,1,324.5842008782207
370,12,27,3,0,413.0896741348896
127,7,33,3,1,217.80655103368582
93,13,21,4,0,269.26889011941006
58,1,23,1,1,129.20045397588635
416,11,33,3,0,444.0284321480929
178,14,27,1,0,352.07597057782067
90,5,36,6,1,213.5210467585042
466,2,22,6,0,275.42759703141786
331,4,36,3,0,316.7774103799881
260,7,32,2,1,300.19757741841175
445,5,37,5,1,397.41501375841375
464,12,16,2,0,423.30217962621765
317,6,32,6,0,332.3737935260128
459,2,32,5,0,335.1405470723454
55,3,25,2,1,145.35595417478618
103,7,15,3,0,200.32368316754483
471,11,28,1,0,426.6652138491727
393,2,30,5,1,314.910041082628
282,12,25,4,1,379.9027314035282
329,6,15,0,1,335.00126592102237
404,5,21,5,1,356.4857902026169
191,10,30,5,1,348.49886035624786
395,1,28,4,0,257.4351563159516
192,12,29,3,0,348.8962209839352
381,11,28,2,0,389.1603938281894
66,10,35,2,1,263.5294838270509
398,11,25,6,1,440.4968709128088
160,4,30,1,1,211.30553638382997
394,11,33,3,0,442.1920977632558
425,2,31,4,1,325.03087480690607
137,4,20,3,1,176.886811408515
296,1,25,3,1,218.79636189805436
233,2,31,2,0,222.4478665239056
239,13,23,4,1,339.6184896253188
412,8,32,0,1,399.779222745316
45,6,31,5,0,202.55809567924382
28,2,26,2,1,119.11273338646279
290,12,37,4,1,443.32906386105276
29,6,36,1,1,215.04998641784036
491,10,36,5,0,463.6825139529244
397,9,19,5,1,368.32178834233434
140,7,25,2,1,228.4825982255104
144,9,18,6,0,216.14560670324408
189,5,18,1,0,215.1410145660062
91,7,17,2,1,227.89161146960612
171,11,38,3,0,308.9237084192376
227,14,37,6,1,425.924563411662
68,7,39,4,0,217.16229396944422
173,12,31,1,1,360.0639026338685
366,12,21,5,1,419.76026707758336
312,3,18,2,1,299.7611119674188
87,7,37,5,0,236.05748372750674
69,1,27,1,0,104.96167529581676
171,9,26,5,1,292.1233963816023
38,10,15,2,1,212.32863096994922
119,13,35,6,1,362.45790186931896
79,6,33,2,1,216.0245590446152
186,5,35,0,0,240.67463853190694
221,7,34,5,0,245.51377658309534
364,5,32,0,1,340.4041235938261
165,10,25,6,0,280.3182420576665
422,5,34,0,0,373.3562442160907
183,11,17,5,0,272.05351887464525
477,10,31,1,1,450.7833352090563
458,11,26,3,1,484.89444524148354
261,7,24,6,0,282.21887130708524
88,10,22,2,0,203.55952838370763
194,7,29,4,1,256.5568097271101
68,13,19,6,1,284.0624819585947
127,11,18,0,1,292.82505224696575
245,3,35,1,0,265.285702581872
180,3,34,5,0,181.3772133465342
138,10,33,1,0,295.775542538379
168,12,35,1,1,324.78298404334214
484,13,18,5,1,510.219217754501
169,3,29,4,1,247.6316969226715
451,6,31,5,1,410.3340943330786
312,12,26,4,1,404.6367081845294
162,6,17,5,0,229.65072310001136
438,13,24,0,0,468.97763662607343
495,13,29,4,0,503.57189213471025
474,3,24,0,1,339.64534119821076
179,3,38,6,0,217.7753981345566
30,8,37,4,1,225.30567691303864
157,8,32,4,0,268.72884169258003
476,7,15,5,0,373.9707827964527
97,10,17,4,1,284.18233091809816
96,4,35,0,0,166.4798815900952
460,4,26,6,0,339.0130654267444
273,3,15,5,0,227.46626473802274
428,5,17,2,0,318.2792485689292
277,3,17,6,0,217.06947708622369
339,13,19,6,0,394.3653723696964
310,8,33,0,0,337.7270832236994
282,7,39,6,1,367.41915144191626
104,13,15,2,0,313.7182480040166
165,3,18,1,1,159.92997622903525
342,9,18,5,0,316.6996214337307
61,12,31,1,1,299.67047593068804
393,14,28,5,1,493.4928752713504
144,13,32,6,0,326.6469621842987
186,5,15,5,1,216.93442854263859
444,9,36,0,1,434.35284991357315
260,7,30,2,0,282.78470185735415
478,7,17,5,1,424.34473237995775
299,6,37,2,0,315.3613355256312
207,2,35,5,1,247.01123795809804
321,9,23,2,1,347.4317186005774
38,6,37,1,1,241.88286641425734
87,8,18,0,1,218.2623069747503
237,1,35,5,0,213.00403255894196
121,5,19,3,0,170.99838936059967
61,12,25,2,0,249.69971322859877
307,1,35,2,0,247.15637082530645
186,10,23,3,0,301.01019594454374
128,11,17,0,1,346.7602858098212
55,14,20,2,0,290.2853989495559
251,8,38,0,1,363.9853830868165
248,8,25,2,0,316.8976324739628
372,1,23,6,0,257.637080409476
183,9,29,4,0,283.7257046210698
406,2,37,6,0,313.5145006848726
92,12,17,2,1,307.0961407130272
155,9,15,4,0,270.3152634406696
372,1,34,5,1,268.7863059317188
398,12,36,0,1,443.19518671726007
89,10,33,2,0,287.46750896676093
444,14,28,1,1,502.05078954387153
215,14,31,1,1,376.3413401255808
288,9,36,3,0,315.9607293058884
68,4,28,1,1,216.0369605127178
335,9,31,4,0,382.0522562905598
149,7,39,1,0,241.59814370723296
463,11,28,1,1,467.42491318865274
24,6,26,1,1,185.09726574312282
447,5,30,2,1,405.687809956397
46,11,15,3,1,242.11984477735243
179,9,27,0,1,292.77943451193534
168,2,20,3,1,206.70093123739383
283,14,31,4,1,442.98323710567735
249,13,26,2,0,367.66748168685166
219,11,37,5,0,360.342492494907
69,14,33,2,0,267.7733657672803
86,12,20,6,1,302.48269602366196
319,2,21,1,1,269.7183226718607
400,11,15,1,1,397.42166902565333
77,12,15,4,0,209.67253742034646
278,9,19,5,0,300.7127689287768
361,12,20,6,0,404.1594672061052
345,3,30,2,1,313.19742034821684
149,8,39,5,0,306.58092959643835
234,11,30,0,0,345.6683891804241
191,9,28,3,1,288.5234667967687
277,8,15,2,0,283.48057111940005
121,4,27,5,0,148.52713210022233
228,12,34,0,0,358.41792892734696
310,1,24,0,1,276.1782151496585
373,4,38,6,0,331.6848561275862
490,14,24,6,1,518.5843040638002
305,9,23,3,1,375.3468153964278
135,2,27,0,0,135.94435672591203
283,3,17,4,0,165.231116727824
169,10,32,0,1,303.83032180159745
319,8,34,5,1,386.66880803706596
461,6,16,6,1,397.9467208058862
55,8,31,4,1,273.8529537336161
472,7,33,6,1,443.82359258006716
352,14,37,6,0,486.9431858681721
496,13,27,6,1,539.6018631626301
306,13,27,0,0,420.7480542094406
322,5,15,1,1,318.0344097317816
330,9,16,0,0,341.74034312840564
227,4,15,6,1,254.9969744336127
125,6,38,4,0,214.52893901234566
465,2,19,0,0,251.967640795376
177,2,38,6,1,237.5147940818632
140,2,17,6,1,171.49557061717346
74,10,21,0,0,211.49455802849997
419,7,38,0,0,365.2509519667068
31,13,36,4,0,285.1134979978524
164,2,27,0,1,210.3384390477102
419,12,37,3,1,503.8982014467317
415,13,32,5,1,476.1070932850992
155,2,38,3,1,197.5923264125859
487,9,35,4,0,461.88970710349435
22,7,21,1,1,189.453722501274
163,11,15,3,1,327.70307829491503
49,3,19,6,1,131.03456120569464
256,3,31,5,1,279.79049601608585
298,7,22,2,1,327.20700347940965
367,5,29,5,0,302.0439752580406
134,10,34,3,1,333.5632566702023
123,14,18,2,0,287.6487816921432
137,14,16,4,1,341.98303791862224
24,6,19,5,1,173.5497283095563
487,13,15,1,1,496.0942257699241
379,12,39,2,1,497.31599000250725
267,8,19,2,0,302.95230784113653
383,9,20,5,0,375.568569784447
340,1,16,3,1,248.36926128743457
140,3,15,2,0,182.12655426724973
305,11,18,4,0,382.793345177636
168,7,21,5,1,279.38858231676903
103,6,36,4,0,228.60205461586793
473,7,15,5,0,359.45483645435905
425,8,15,4,1,391.5184159154636
485,6,22,3,1,419.21641806295236
475,3,34,5,0,371.5316209085299
250,2,30,6,1,262.84095606854544
307,12,35,1,1,445.11924589447204
180,7,27,3,1,319.0125186442867
291,12,37,4,0,396.78823713942336
479,12,38,5,1,545.7637960902077
57,12,37,3,1,330.3288009346833
245,11,32,4,0,360.3813195584672
161,1,34,0,0,173.11000466271318
311,3,24,0,0,257.7068960965129
170,12,26,2,0,302.83527361670633
133,11,15,1,0,269.51722022933654
256,4,24,0,1,280.965612942972
85,13,23,6,0,289.93872888379275
380,14,17,4,1,427.1583448478242
360,1,33,3,0,229.27662266118267
277,5,23,5,1,273.1353603299532
494,10,24,3,1,472.7614549918992
268,3,33,2,0,229.70906189784978
476,2,30,3,0,340.91824030838404
468,3,38,0,0,378.8399783106457
350,8,32,3,0,385.6733948229591
342,6,28,0,0,323.7362254477493
199,13,17,0,0,350.1832203390973
209,14,16,1,1,365.24896452762533
426,7,15,2,1,374.96692655931594
173,12,32,6,1,337.1602363571867
215,6,38,6,1,327.63798697943463
485,6,23,4,1,447.818917040131
330,12,27,6,0,392.0280456693034
281,3,16,0,0,174.09678122879689
438,12,21,5,1,451.89196269786896
425,13,30,2,1,484.49655455827684
446,14,35,4,0,476.4759442127262
162,8,33,6,0,246.39384698853308
361,12,39,6,0,442.5923645118092
335,7,29,5,0,343.6944493877554
120,7,36,3,1,225.71218071942312
263,6,25,2,1,290.856769730371
31,5,15,5,0,121.25352409417175
258,10,35,6,0,327.66464890630675
68,8,21,2,1,230.7236831059578
61,5,34,2,1,201.14340564813492
185,9,22,6,1,292.52818757099874
101,9,24,3,0,216.21016776486726
448,1,19,3,1,312.4681557950079
310,6,23,6,0,275.7302475057275
177,7,39,2,0,236.8397242301732
235,3,39,5,0,240.9419864710187
177,7,15,1,1,228.71953479380275
481,11,16,0,1,434.57607399242585
153,11,33,3,0,310.0904415653977
86,7,28,6,1,230.74181687428035
355,14,34,1,0,438.1732676562428
26,13,24,3,1,290.5788048779255
455,11,23,2,0,446.978646232271
33,2,24,6,0,99.29657075847146
92,7,20,1,1,225.07049510429744
418,1,31,6,1,283.8923394588039
424,5,39,5,0,390.86474104699215
182,9,20,5,1,307.1494105618374
85,7,18,4,0,164.4841816293445
366,7,34,0,0,355.7648388321224
149,11,17,0,0,277.06581882251317
438,13,37,3,0,487.2132008814528
485,12,33,0,0,524.3612198362097
225,2,32,6,0,167.594966060775
295,8,38,6,0,313.97605118588183
485,3,18,4,0,277.52128321674564
275,8,22,5,1,333.0975210854045
285,3,31,1,1,290.38029876612825
44,10,19,1,0,217.23198068291006
469,7,27,5,0,387.71751406430997
300,2,39,2,0,266.1308058750396
272,4,15,5,1,250.07100970803884
329,11,27,1,0,398.31451365965285
308,6,18,3,0,302.1458851477122
183,11,36,4,0,309.87623935092915
114,9,38,5,1,292.24725077925973
289,5,28,2,1,302.9866922945496
340,13,17,3,1,457.5086655905926
129,9,19,5,0,221.23115887989087
355,5,21,3,0,316.453256231932
329,10,15,5,1,345.1788065920346
257,8,37,3,0,347.37091202195614
400,13,26,6,1,494.0376681875409
455,13,25,0,1,499.386849234202
406,1,38,3,0,312.3334742369437
444,7,22,6,0,360.9811892560684
409,4,39,0,0,324.0437410003513
44,5,20,1,0,171.12924911493616
160,6,36,0,1,261.17637690933077
136,5,16,3,1,218.5400479462747
411,12,33,4,1,503.6768283814341
424,1,34,4,1,341.1266403811786
471,12,34,1,1,525.485433417455
44,9,38,3,1,276.6035216012655
98,2,28,0,0,156.14906278868386
87,9,15,4,1,244.85443470025868
192,10,24,5,0,293.20715844210173
463,2,30,2,0,294.1211888659361
31,9,18,3,1,222.8625372474739
307,6,25,6,1,344.06676753915764
147,11,30,6,0,276.4855560067302
115,9,34,5,0,255.9188655571662
111,13,15,5,1,319.0074621359798
160,6,30,3,1,290.24731594742536
50,6,33,2,0,157.8286168490734
353,13,35,4,1,487.3690497766887
39,11,36,2,1,279.34426183038374
165,14,23,1,1,355.0273484713897
496,2,23,0,1,335.639834697706
335,8,23,0,1,350.3891492837812
466,3,31,5,0,349.98212883959843
409,7,26,4,1,386.9445744751207
179,5,39,2,1,286.7847493546342
368,3,27,5,0,260.5630231130373
62,1,22,3,0,103.93994205846298
273,8,30,5,1,355.17586810038017
149,3,32,3,1,183.34407110821618
79,2,15,3,0,129.62466470793774
170,1,15,1,1,166.79809859331442
486,4,26,1,1,400.3086145847019
306,13,20,3,1,441.1227149729128
24,8,23,4,0,197.36750332706958
486,13,37,1,1,539.4779516688368
437,3,19,1,1,346.00320266806807
285,14,30,0,0,376.29913754943965
364,1,32,5,1,298.87532484608084
149,4,31,0,1,261.1497001539125
401,9,32,4,1,415.59245069032477
286,13,15,1,1,416.3090704215473
197,1,33,6,0,214.95967704194044
272,12,36,1,0,401.7841373929815
434,14,22,2,1,521.5081345028398
75,11,17,4,1,235.11055093896363
482,2,39,6,1,360.3015183712231
476,9,19,5,1,469.5947053238014
490,2,37,5,0,368.2070030471394
102,13,22,6,0,299.920421270425
412,3,33,5,0,311.70776795530645
118,7,32,6,1,263.69242095074145
168,3,32,4,1,257.76293516652277
348,9,35,6,1,406.9619525644914
175,6,15,6,0,221.48502177657528
209,3,29,2,0,220.95959920939384
390,9,32,2,0,380.6829815463269
282,1,39,0,0,222.2263071299153
99,10,21,4,0,272.0402652245198
419,3,30,4,1,355.9025989103569
271,1,30,2,1,226.89314761800253
116,2,29,3,1,169.77441432240929
279,12,20,3,0,339.78824358656885
279,8,23,0,1,356.8300331836208
122,7,21,3,1,232.9646634585926
59,2,28,3,0,110.73108665700876
292,2,25,3,0,242.81837273060873
120,9,35,1,0,231.41146761230573
378,13,30,0,1,473.2619431854247
399,13,39,2,0,472.2819760580124
327,6,20,3,1,317.7878296522191
240,5,36,5,1,286.009244028441
327,10,30,6,0,359.2988188675898
439,6,34,1,1,413.14900978530477
143,9,30,3,0,246.29827082280914
441,11,26,6,0,440.72369844503714
250,7,31,6,1,310.94190123258403
197,10,19,1,1,306.77188960349173
82,10,39,0,1,302.93982312233584
135,14,27,5,0,321.54818510711607
210,9,22,5,1,339.3408932505854
81,4,38,5,0,173.69867947444718
275,2,19,3,0,226.43296721683558
26,12,26,1,1,259.76144311891437
174,8,23,5,1,267.31797252996785
111,4,17,6,1,146.2388897023896
489,13,17,6,1,493.65684850415926
33,9,15,4,0,176.84788194021485
474,4,39,4,1,406.54056041691746
248,8,36,1,0,329.94701489276133
105,9,32,3,1,293.99590778939006
152,13,38,3,1,399.7128253534961
202,9,26,0,1,300.25397265927603
405,10,23,0,0,399.1164840885513
81,4,23,5,1,156.49664897102508
238,1,32,2,0,206.28468838603058
424,3,32,6,1,387.0851027415579
265,9,21,0,1,315.57143589797585
249,4,18,3,0,234.2509542924245
98,5,27,6,0,198.97281418241286
168,7,31,2,1,263.1454405792544
157,5,38,0,1,268.2265638980644
490,4,16,1,0,329.8013365703827
333,2,28,4,1,280.0766821439399
395,2,17,0,0,253.63896208242505
442,13,19,0,1,479.5024924409487
408,13,28,1,0,478.11059552714914
84,4,17,3,0,134.4171772150833
32,10,37,5,0,227.96661645785116
232,13,21,1,0,354.3799512232497
493,10,32,5,0,418.0573317465106
261,13,27,0,1,393.1620782364372
232,9,37,3,1,379.971822724987
200,8,36,2,1,319.0930937102452
357,3,24,0,1,291.939319747365
192,14,39,1,1,417.4593961591165
179,9,27,2,1,323.2323986580114
183,14,30,4,1,418.074828601985
484,5,23,2,1,383.9794776276919
207,11,16,1,1,321.93961488582596
414,3,37,6,0,321.5365551805426
210,5,19,2,0,238.58321654939255
424,13,36,1,1,510.1408336935792
327,10,31,6,0,418.8175948278238
275,13,37,0,1,433.27983667610596
202,4,36,6,0,268.26971214835487
136,8,18,3,0,206.13938996182964
301,13,31,4,0,379.703058678855
215,12,23,6,1,361.4714221363969
53,5,34,3,1,222.28773861032323
71,10,16,3,1,237.96041221354525
131,12,38,3,1,339.1692614574349
271,8,32,6,0,340.0002939222991
101,9,35,1,1,299.60199473809473
251,4,36,1,0,241.6516969660024
246,7,25,4,1,290.9822739994442
252,2,27,1,0,226.58584222683763
240,6,22,5,0,221.36258833734036
455,8,15,1,0,399.0904703210034
432,12,31,1,0,471.8365758262347
441,7,26,1,1,361.8817578358432
61,7,18,0,1,201.81136549625208
40,8,35,4,0,170.4226367971981
61,7,27,5,1,195.3982166727249
416,5,23,1,1,348.9405797818674
132,7,21,4,0,187.6442287147669
124,13,37,2,1,405.3632181088845
211,14,38,0,1,438.78116107228357
36,10,19,6,1,263.3487808632612
139,3,19,1,0,149.69426983303634
412,5,31,5,1,373.6093481360801
444,7,23,0,0,404.6145408479703
148,9,20,5,0,257.67464788056037
149,2,39,6,0,194.74483602895552
79,4,33,6,1,177.27640829712803
67,12,30,0,1,285.1837639164895
48,7,35,2,1,234.22079965173813
116,1,16,4,0,112.45938674419148
29,13,24,0,1,267.5581775146931
261,2,30,3,0,227.66913932455708
333,9,19,6,1,345.06660795513574
463,13,29,2,0,484.77660399447393
251,10,27,6,1,330.7502540898566
296,7,27,3,1,363.559811763679
303,12,27,2,1,409.2755576273044
222,10,29,6,0,305.12862980963945
266,7,28,3,0,271.08523433895897
309,6,22,3,1,293.6602928010368
283,3,25,6,0,245.2282047737475
462,10,32,6,0,465.0760377927107
233,3,38,5,0,255.57465568596822
219,2,18,0,1,233.43183125044496
452,11,24,0,1,503.9636091613852
98,6,15,2,1,218.15853730672475
420,4,19,4,0,297.94214282473337
463,5,27,6,1,393.88962094841224
362,3,15,5,0,210.86069231046608
363,6,37,0,0,358.2516027556362
192,11,22,0,1,337.98531020786595
486,12,17,5,1,518.9045609180689
88,3,17,1,1,138.1328147674877
435,14,21,5,0,479.8103126803019
447,14,18,0,0,449.43311872507826
468,8,17,4,1,415.7993315148058
106,9,29,1,0,213.2946822802026
120,4,22,3,1,221.12092693262883
27,9,17,5,1,233.55298777295522
352,12,21,3,1,418.5463122312602
219,7,32,1,1,313.73670641143076
106,3,25,1,1,178.76971056681853
62,7,25,1,1,203.75212430557372
404,14,31,2,0,476.46387322729595
128,1,20,5,0,110.14456886627607
454,3,22,6,1,365.6067734043553
427,6,15,4,1,359.28383350987576
171,4,24,4,0,241.31070954291718
36,7,39,3,0,199.44304436911352
152,14,33,3,1,384.2554149017014
167,3,17,6,1,203.06317043423365
296,1,18,3,0,215.74102008471044
251,9,25,5,1,342.05948923637465
333,6,29,0,0,324.62758997389324
434,8,15,3,1,400.65607928340256
385,3,23,1,0,267.92834708507684
247,8,25,3,1,302.5369940043973
158,2,33,1,1,218.9849524430412
455,12,27,2,1,521.8446205002049
418,4,30,0,0,296.3809357341539
230,3,18,0,1,197.30875243064204
410,10,15,6,0,356.11557359486517
47,1,34,5,0,122.00289101222862
70,13,27,5,0,301.17205913248995
461,13,15,4,0,435.9732136149046
280,7,19,2,1,357.11572705354797
280,11,19,6,1,365.30066942383104
369,10,28,5,1,449.2128944019844
371,2,37,1,0,305.67081516644384
27,4,28,2,1,140.3379837267561
339,9,22,0,0,340.13934610629724
157,6,18,1,0,187.0516569476124
57,8,21,6,0,163.61361404786823
130,2,34,6,1,187.93557446766812
499,7,33,2,0,396.5279969607412
387,6,29,0,1,368.00105278008215
239,13,36,5,1,455.1591338150532
356,14,18,1,1,467.9337631590778
242,9,33,1,0,310.85740222803184
155,7,23,0,1,245.7255335894717
275,1,35,1,0,214.4775938765818
379,14,27,5,0,494.92265187521537
428,8,28,5,0,368.2329109785399
348,11,37,5,0,412.96461954281517
469,10,28,0,1,479.80725847463657
482,3,36,3,1,412.30977443249566
453,14,24,3,1,507.846584029744
470,2,30,6,1,335.74648611821027
68,12,19,6,0,257.7900144493426
311,3,37,1,0,300.79327461950754
401,11,20,5,0,400.04233394480747
343,6,16,1,0,276.71164378680567
97,13,27,0,1,329.7041375846825
124,14,27,1,1,323.52825828730323
188,3,33,4,0,200.6268228549647
236,10,32,3,0,355.56051366384577
397,5,33,1,0,356.99693654239314
138,6,15,1,0,186.1227145221716
209,8,22,2,1,331.68658786229133
274,7,36,1,0,352.19749735817993
389,14,30,4,1,507.78172457540444
285,11,16,3,1,340.14457318689483
168,8,22,2,0,210.40176589255998
183,3,20,0,0,204.16980328875044
159,4,30,6,1,234.39455836320033
366,6,37,0,1,409.71108356697795
277,11,25,3,0,326.72634516908994
393,7,31,6,1,390.27629523561365
288,9,37,0,0,373.5838118040716
200,13,33,4,0,346.4042502502295
179,1,25,1,1,204.7957011931504
370,13,22,3,1,451.54440945441326
419,8,36,6,0,402.0612161276782
307,8,18,2,0,285.82734206771005
307,6,25,1,1,328.5277207771503
399,4,22,0,1,377.35579364528746
245,3,23,0,1,251.26043610597262
30,11,16,2,1,226.16551452221807
29,3,30,4,0,147.41083160156103
290,6,20,2,0,259.7685694581414
292,13,35,3,0,445.422064782774
443,8,35,2,1,416.0008174323571
421,7,33,0,1,416.9541681458256
202,11,22,4,0,340.52624991372295
476,1,28,4,1,321.6636174281171
172,11,38,5,1,358.66320166798596
334,6,30,2,1,370.14578484708073
353,7,26,3,1,318.3895805533662
143,12,19,0,1,338.0376750110995
492,7,38,1,1,455.2414701816572
133,9,38,4,0,306.3390830712487
297,11,33,2,0,362.95005428907297
433,11,32,5,0,417.7644827461685
487,10,23,3,0,428.63927010140713
232,5,16,3,1,241.7216706077158
191,1,39,6,0,184.37028047067872
307,2,34,0,0,242.12840580899368
454,4,26,4,0,298.84202852471867
193,5,16,0,0,201.6008726099376
132,9,24,5,1,283.6359341904926
395,11,15,1,1,418.6351511508207
424,1,18,1,0,268.73656490003754
141,3,39,1,0,195.1989615673326
51,5,26,3,1,154.8601289765049
241,3,23,4,1,235.48294502074918
138,4,18,0,0,167.27799837806367
58,14,23,0,1,310.25658737748137
287,3,20,5,1,228.64419758742778
252,4,15,1,0,240.46225890136606
450,14,24,4,1,493.55688693210317
37,13,28,4,0,244.65606810756202
168,13,36,5,0,351.8163713277887
416,1,39,2,1,324.6848632556162
168,12,32,4,1,370.02883187221215
145,8,20,4,1,279.9530787125909
411,4,32,0,1,373.911297035761
321,7,34,5,1,363.46433979495146
379,2,30,4,1,320.5659484880266
257,2,29,4,0,185.29973809403833
154,6,30,0,1,278.88721714561564
170,14,22,4,0,330.9034071784334
255,2,27,0,1,280.8987582412983
243,6,37,2,1,337.9959995395578
222,11,25,3,1,352.0542883398112
275,2,39,6,1,275.92821256808577
105,4,21,0,1,208.18123228816964
169,7,31,0,0,206.29762340261158
254,8,32,4,0,307.7953843306896
364,3,36,0,0,333.0284748088074
41,14,37,5,1,351.39707180050084
367,13,33,1,1,457.74572250255886
304,9,39,1,1,401.28949222241494
288,2,27,2,0,208.46613609054418
485,8,29,0,0,413.6706625427672
277,8,37,5,1,369.17675238154726
48,13,36,4,0,301.1965036321464
232,14,36,4,1,442.58837448423066
482,4,15,6,1,385.6757455391921
455,1,30,3,0,278.62547511448486
302,13,19,2,0,384.4804205549969
69,1,17,5,0,66.4930580405154
114,2,37,5,0,153.0228720577821
482,14,24,6,1,513.9112478039248
426,12,33,6,1,498.98806973235395
107,14,19,4,0,322.5603841987989
63,9,21,3,0,230.64028447964813
480,13,28,4,0,468.8965383796189
297,2,17,3,0,210.03403907162004
190,2,27,1,1,186.34196214516334
440,6,27,5,1,370.6754354400928
208,7,24,6,1,273.76537251455846
372,13,16,1,1,449.8659538184831
203,7,20,4,1,286.8783008569129
22,13,22,2,1,293.0845901299348
210,9,18,0,1,317.8471681560895
137,6,39,2,0,219.5429805261847
38,14,26,2,1,334.65518038439046
42,8,29,0,0,215.06560071943483
432,11,22,5,0,416.74619680638244
49,6,21,1,0,149.0016065589885
314,2,28,1,1,259.84916832273467
127,1,37,5,1,156.66313464978379
386,5,33,0,1,377.32049711089877
300,14,28,3,1,462.4412356861203
147,9,36,2,0,261.9789507624147
248,8,27,4,1,303.3628257785605
130,14,35,1,0,326.2692642594738
155,13,15,5,1,334.7048926423836
381,4,33,4,1,318.86045250654684
205,5,15,6,0,230.05619959914497
163,13,18,0,0,333.8591548851659
91,5,24,4,0,176.98689887722804
148,6,17,4,1,244.19471499589588
383,3,34,2,1,335.6751077587817
280,5,23,0,0,270.3030798965384
22,2,17,4,1,78.99635513380585
468,10,20,1,0,451.80958954409294
407,1,20,0,1,278.7529412157988
123,11,37,1,0,297.9239834242149
243,1,39,5,0,264.2440153478468
339,10,26,5,1,397.0998510178825
381,7,37,6,0,384.2880363004641
373,2,15,3,1,286.79064932683616
492,4,30,5,1,369.3436273932124
29,5,38,4,0,145.50513896709586
424,7,19,0,0,395.7177728700151
403,2,23,5,1,319.0832588502287
321,14,24,1,1,448.16249988551294
250,6,27,4,0,258.2870385494455
238,1,29,5,0,198.4015512435414
430,7,26,2,0,380.3029546585967
85,9,19,1,1,250.03043080483337
444,5,19,6,1,386.37921161969336
131,5,32,6,1,217.1628283566393
32,4,26,6,0,107.98597126440902
412,3,17,1,0,305.8614098394072
439,9,39,6,1,504.7537477428782
105,5,21,3,1,216.35184885377632
253,8,31,2,0,334.45507423574486
109,9,33,3,1,284.00318727746816
333,5,32,5,0,310.8223004972429
73,10,15,2,0,221.55312691397847
31,9,39,1,0,227.3914670449107
228,2,38,3,1,278.2259373191928
481,9,19,4,1,465.81694549873293
33,11,16,2,0,205.51531561405798
140,4,15,1,0,127.08845882134514
437,6,21,0,1,379.22851445589464
456,6,25,2,0,344.90695630192835
396,6,25,2,1,368.47350112660536
39,2,32,5,1,121.98268149022067
94,7,31,4,1,269.130332720114
419,13,16,5,0,450.1884544008745
262,6,21,6,0,276.2026315890168
242,11,21,2,0,349.44371674860537
89,14,24,2,0,310.322144884818
331,1,36,6,1,293.4360357667718
230,2,35,4,0,243.69397465922776
120,7,17,4,1,226.30969744353436
205,1,26,3,0,181.60230669077887
151,1,17,1,0,103.43722980200849
130,1,25,1,0,131.5855383087354
400,8,26,3,0,417.1856744054644
151,4,39,1,0,229.79650759576222
39,4,18,2,1,143.78011368709375
413,13,39,3,0,484.7908123147234
43,2,30,3,0,111.08003487331447
246,11,34,1,0,360.63401239556714
173,11,32,0,0,307.51986299542716
312,11,18,1,0,366.8974240040325
249,1,36,5,1,252.1061987249592
488,12,20,0,0,464.1327602076221
329,10,35,3,1,417.30118612232496
378,9,29,0,0,388.81535351454875
424,7,15,2,1,366.4551394452877
221,4,17,4,0,214.2054066869641
57,12,19,0,0,262.10315434513325
449,6,36,5,1,445.79732213009635
279,14,31,4,0,417.8674490011726
207,2,28,2,1,208.38728223647968
76,7,23,5,0,186.94125483041802
448,2,17,6,1,295.14071892162883
39,10,27,4,1,268.0470516453772
292,8,17,6,1,288.8054954624294
138,8,25,2,0,259.4931038056887
90,1,16,4,1,144.9064853139779
23,13,38,4,0,223.88749455045016
240,8,29,1,1,353.50561986436264
33,2,27,5,1,151.0457233947937
22,6,33,5,1,191.19896433431566
235,13,36,0,0,360.6636861802738
248,1,30,6,0,182.24481800275632
355,5,32,6,0,301.3296440723441
205,11,21,5,1,365.82111920419254
74,7,27,5,0,187.01919614535038
407,13,18,4,0,452.6064619215057
395,10,23,6,1,421.0187864412742
273,1,24,3,1,230.60151276629423
43,2,23,1,0,66.07208811034052
181,7,21,0,0,214.55859708617493
177,6,29,1,0,262.3619504248218
101,3,22,0,1,166.38554957065315
422,14,33,2,1,523.0131889777193
178,10,25,4,1,355.1271431874511
207,2,19,5,1,198.9474764269903
79,10,16,5,1,247.81508042291904
422,4,24,3,0,343.12171774799515
324,3,30,6,0,267.24699379971435
338,7,37,6,0,354.40014053855947
385,8,27,1,1,416.43632579077644
230,2,22,1,1,219.0022928754072
425,10,23,1,0,424.25176946722235
171,7,25,6,0,238.18307455303494
128,8,25,5,0,253.62278307143367
95,6,37,6,1,249.92654139031202
49,6,30,1,1,199.99192012522238
333,10,24,4,1,395.9849916450173
136,1,38,0,1,140.11335038915473
434,4,26,5,1,382.87547316527167
375,14,39,4,0,450.4073103003226
211,1,20,2,0,139.11764678602358
38,4,26,4,1,152.23962876413825
451,2,24,4,1,297.64098845431613
192,11,32,2,0,334.35232559888493
247,13,32,4,1,419.72028009362515
369,5,18,0,1,315.76921930887374
202,10,23,5,0,283.43920273698853
132,14,21,3,1,334.1320692613132
202,9,32,6,1,342.29596820720104
165,11,22,2,0,259.62548288089795
338,12,25,5,1,420.82001641546805
135,10,21,1,1,258.9114455993462
132,3,23,0,0,172.37488909223245
270,8,22,3,0,292.2755517158094
495,3,17,0,1,367.43498707928245
270,6,31,0,0,311.99075278705374
322,4,16,1,0,278.32854075253783
478,8,29,3,1,426.55797412071723
332,11,28,6,0,393.1891999200691
137,6,32,0,1,274.92788039940604
320,8,30,1,0,353.9295292833596
180,1,34,2,0,188.90660543577104
420,6,36,1,1,366.33353029622845
217,1,18,4,1,203.12293929130988
279,1,39,5,1,246.6413740726233
167,8,34,1,0,284.79372100524336
259,7,20,1,1,317.35615977685944
66,3,20,1,1,159.7983446568733
494,6,25,6,0,384.7870170313833
418,9,31,0,0,432.32182720485486
217,7,38,6,0,299.7061601252687
66,12,17,3,1,283.4303189245511
97,3,27,1,0,128.81178297923444
143,14,36,1,0,361.42182009719545
94,14,17,4,1,360.5742136847604
378,13,30,4,0,416.1963502921743
156,6,29,2,0,240.60212195999
109,11,25,2,1,316.6247863919788
419,4,32,4,0,368.01038809128994
344,14,29,3,1,484.5148015054057
80,13,19,2,1,303.21357726470023
157,3,30,5,1,221.9522314662825
69,9,30,5,1,254.13888463145895
278,10,31,3,1,405.38515978193294
480,2,23,4,0,285.0204067666158
126,1,37,2,1,172.24257650367662
132,14,17,1,1,348.9231147592453
369,2,34,4,1,335.9186155719083
273,7,27,2,1,325.2243317602654
137,10,36,3,0,274.85325057867163
217,1,17,5,0,153.2825449362114
356,6,21,3,0,302.6607681094366
384,14,20,2,1,465.5804966120162
70,7,23,3,0,177.29642454602433
264,9,26,2,0,310.3051387361535
422,14,29,2,1,474.68121854895537
445,8,35,3,1,448.5030748305395
54,6,34,0,0,198.49467110617547
321,3,17,1,0,269.467899148377
429,8,24,4,0,399.70801913511104
88,7,15,5,0,195.18720144021003
368,3,33,1,1,330.9202410627629
339,9,33,4,1,365.2489562791672
440,12,37,4,1,509.60282243457766
487,2,37,5,1,379.7475336325579
68,3,27,1,1,183.59746681025163
424,2,26,5,0,305.34957268274553
93,13,15,2,1,298.9025471376522
211,1,33,5,1,255.66304453825427
280,4,38,3,0,292.96912912940127
375,5,30,0,1,359.2972926656941
89,13,39,0,0,326.60627575660675
109,6,37,0,1,249.72364414288492
279,5,37,1,1,318.83008910622254
145,1,29,1,1,132.09561999395788
250,3,30,2,0,211.69832498778266
314,1,25,6,1,241.18145542810262
438,11,38,0,0,469.01268679853615
148,5,20,2,1,185.96633023018006
299,5,25,6,1,294.07665265983707
332,12,17,0,0,367.0136398976717
119,11,29,1,0,284.83509635676967
345,13,15,6,1,436.5624621742097
316,6,21,3,0,277.08375094484
201,8,15,3,1,269.02129174634433
193,10,31,3,1,324.8940832988141
335,12,23,5,0,385.697436180531
383,1,37,3,0,279.4770873635673
207,4,27,4,0,243.80250670450198
76,10,25,0,1,247.75012059592774
50,11,34,3,0,293.01682143300053
103,1,20,6,1,111.82364396451945
171,9,15,4,0,269.59284244212824
492,11,21,4,0,443.4840811058279
55,7,26,4,0,166.28083649113444
232,7,36,2,0,319.33759676936967
433,12,34,6,0,466.13505492928977
427,5,37,2,1,393.3697385720761
383,7,33,4,0,356.958482238881
125,12,31,5,0,292.8707488147915
433,2,18,3,1,308.9630827141664
361,14,17,0,1,389.96200750438834
239,13,15,6,1,337.42617536460637
410,4,32,5,1,366.8463643800907
182,14,35,1,0,394.6555474094417
458,14,29,2,0,524.2711308855146
239,7,22,3,1,279.3600302931947
289,3,15,3,0,223.35643100723865
139,2,34,1,1,153.63049789230013
413,10,28,1,1,435.4722106417042
355,2,18,6,0,259.97384477685534
419,13,19,3,0,442.1500530868979
201,1,37,1,1,212.86504415800124
498,5,27,3,0,377.73422104254706
125,12,38,5,1,374.1569510609204
236,6,29,6,1,291.10596686542857
224,6,20,1,1,273.45288426086614
89,9,15,5,1,269.88789193882684
63,4,37,5,0,160.93356217291105
348,1,33,1,1,252.2695364720047
320,6,27,6,1,361.3681603711735
247,5,20,3,1,288.8118961950221
203,10,29,4,0,265.1666896797298
126,6,30,3,1,240.3962962303566
103,3,38,0,1,202.05674630738292
357,2,37,1,0,309.8730157379983
269,6,30,2,1,314.2123663698079
382,13,24,6,1,467.3183634219208
460,1,36,1,1,350.9397209997882
40,7,23,0,1,191.67819191529782
215,7,23,5,0,284.44460707023575
197,10,31,2,0,294.65464028072574
436,13,31,2,0,465.29103732039647
494,7,31,3,1,443.8812714706239
26,12,38,4,0,242.23894198930162
89,11,26,3,0,296.8081842694636
146,10,27,6,1,306.9828880085992
418,1,26,2,0,292.49214583844054
485,4,28,2,0,339.350262835108
179,13,24,4,0,346.73468735999626
267,7,37,6,1,358.4318860544588
222,11,33,1,1,390.81738476546593
167,9,16,4,0,288.59999680820493
491,5,18,5,0,345.33526132831696
162,13,33,3,1,368.26704124516823
451,2,21,1,1,310.5950199268587
218,7,29,3,1,300.0754354303362
424,10,29,4,1,463.282337074889
445,1,38,1,0,325.70472012009327
173,7,20,4,1,294.31504516545516
395,6,17,5,0,331.3039428369257
403,7,20,0,1,376.5112371093842
161,14,30,2,1,358.6650114155133
332,13,16,6,1,440.3264072964753
184,10,21,1,1,310.8700721885662
333,3,25,2,0,279.28083543468733
40,3,21,0,0,98.50456731766347
101,7,18,1,0,215.51415502367374
88,13,38,2,1,352.72633935916974
150,2,34,2,0,192.84504251510606
106,1,21,1,1,147.7162540641728
237,9,18,2,1,300.99327257122945
440,9,26,2,0,399.69245128286684
491,7,19,1,1,392.8916839316682
324,7,37,6,1,374.69291713986513
422,3,33,2,0,292.7473209420195
390,10,19,2,1,418.87752423700294
364,2,33,6,1,235.60925660063177
360,11,35,3,0,431.19866030233544
403,7,17,5,0,318.4266145806562
415,9,25,3,1,403.4216771600816
464,1,21,0,0,316.4374517299141
444,13,31,3,1,515.3956708111934
180,14,39,3,0,394.92670435991766
197,4,23,0,1,214.39330188280496
136,6,35,2,0,247.23791797380477
215,7,23,2,0,255.75072460521974
402,10,24,3,1,431.35247968149685
346,7,27,0,0,361.80593783338594
105,10,29,2,0,237.24209367504398
308,2,36,4,1,304.26071969292525
100,14,19,1,0,305.70820353864093
171,4,17,1,0,175.23819196132678
80,5,22,5,0,137.1172920159259
80,14,34,1,1,343.5136307021892
373,12,24,3,0,398.1329507582986
47,1,27,1,1,146.2370758100975
461,1,17,1,1,311.3351665351104
62,10,36,4,0,239.46059417877404
188,3,22,2,1,184.2479492777689
442,10,23,4,1,437.73907479949895
105,3,36,3,1,224.2247024785308
196,12,35,1,1,380.2286466544862
36,8,26,6,0,186.39617620672198
117,9,25,2,0,277.47376307567185
473,14,16,5,0,470.20907771424424
217,11,32,5,1,351.3336092280495
117,12,23,1,1,322.5817922843383
84,1,16,1,0,97.39130631976606
349,14,16,5,1,434.76422385057845
360,11,17,5,0,363.04669261905116
24,2,30,6,1,160.94140603469427
21,10,33,3,0,217.8402818237361
41,2,18,1,0,57.462527662536615
131,4,37,5,0,203.35739352996262
76,2,39,6,1,193.8918296513846
85,7,32,0,0,207.6878292848156
349,13,34,5,1,478.24254417474606
117,9,39,2,1,280.55328211326844
163,7,32,2,0,263.0651893577482
387,12,24,0,0,402.39569059007454
454,6,25,3,1,403.1034636625789
144,10,31,1,1,329.3533897752873
186,1,38,1,0,185.97407936830675
105,11,39,5,0,270.79104335754295
95,10,37,2,1,277.65843470848364
363,9,38,3,0,424.3624211302007
443,5,34,3,0,349.1371721301362
313,11,30,3,0,396.80247947887415
463,5,34,5,0,376.86751770664773
78,6,27,1,1,192.91918277959545
157,9,16,3,1,264.84484921077564
118,13,38,5,0,363.9966602752757
211,8,16,5,0,327.29295218819743
262,8,39,0,1,352.65375334228
338,14,28,4,1,457.272435191256
68,8,18,3,1,187.23408171595213
467,1,31,4,1,307.50169215944493
51,1,27,1,1,107.3549619909812
410,8,18,5,0,352.0999303492453
296,5,17,6,0,256.49116369042235
39,9,26,3,1,250.30267553444878
173,2,36,6,1,222.9175245217305
402,9,37,2,0,424.1341694040462
87,12,22,1,1,285.22102281199517
385,14,16,0,1,463.0841514963056
391,8,20,0,0,348.21800179680594
233,9,36,4,0,298.16558595736853
162,4,24,5,0,149.51976089908035
395,1,26,4,0,251.11714498665333
251,1,35,2,1,190.88050865396798
232,5,24,2,0,216.3424626430518
98,2,24,0,1,167.90338922444488
233,14,37,6,1,434.10324293132965
135,8,17,3,1,251.92808090801617
111,10,34,0,1,327.1105258246344
289,11,24,0,0,342.930519682305
430,5,23,6,1,379.6390776261964
400,5,34,6,1,356.8577331687585
187,2,33,2,1,225.04906515311842
77,7,28,6,0,202.57097108520344
303,13,16,4,0,382.6503927543224
45,8,19,2,0,172.76590917449113
388,10,34,6,0,418.3864377214587
466,13,22,5,0,479.95011890181956
85,1,21,2,1,100.88694972557522
428,2,20,2,0,300.96992137800123
267,10,25,0,1,338.7816724952679
273,4,26,3,0,230.95297992381455
406,5,32,0,1,376.8393833611081
475,13,33,1,0,510.45827014797874
63,2,24,2,1,143.90062008138787
116,1,39,6,0,157.51120814218646
61,9,39,6,1,250.7662476710769
246,14,35,6,1,422.5265062388897
281,1,28,2,1,200.49255767278578
186,13,17,6,1,333.62429382244466
455,4,32,1,1,354.6676204850921
298,2,38,2,1,285.26642039046527
108,11,29,6,0,324.12257925354805
398,4,20,2,0,314.20241618110884
197,8,24,5,1,251.60279466821493
446,8,26,2,1,394.6472519042718
422,11,21,1,1,422.0234236380237
216,12,31,0,1,344.8966824002004
326,9,15,2,1,352.3504457843355
286,13,32,3,1,436.57511160434365
287,11,29,1,1,370.64037295529624
93,12,33,4,0,288.03911773403064
27,5,15,5,1,152.90426370289606
427,7,19,1,1,400.4795163668953
495,3,29,0,0,353.6221070496441
316,10,17,6,0,348.6080222201157
183,4,15,6,1,210.75178703652276
104,10,22,1,0,225.71603859639904
91,9,26,4,0,216.58974612610268
74,10,36,6,0,232.54406495521616
412,10,39,5,1,493.9738463465654
66,14,33,3,1,309.61518838519254
418,12,39,4,0,486.0417554163655
451,1,39,1,1,319.31010207947304
257,2,26,4,1,255.8487825400238
123,5,27,6,1,239.94256263800187
229,3,15,6,0,212.5397113169491
61,2,33,1,0,105.67067110116737
335,1,20,6,0,225.78557528668568
487,10,22,6,0,425.48713325914673
473,3,18,3,1,329.767756249491
287,1,19,3,1,227.37710195399484
405,12,39,0,1,506.7778562707799
282,1,36,3,0,216.09700443467102
355,12,21,2,0,406.0834204453
406,1,37,4,1,303.84500098887787
384,8,18,4,0,327.13513181651234
278,3,34,1,0,245.5119416010377
302,11,18,3,1,376.7105243180618
133,1,29,0,0,152.85563121192374
382,7,35,6,0,340.9695049156931
59,10,19,0,1,290.6726983167014
436,3,38,0,0,303.1546758843228
239,8,23,5,1,320.06133735306383
148,4,16,6,1,190.298485141885
27,4,21,2,0,102.53317631712011
120,5,31,3,1,223.49736488721314
435,6,30,6,0,380.94335164504696
399,7,31,0,0,383.0502842946242
195,14,34,6,0,371.14872627488256
126,14,37,2,0,353.6357606341922
120,4,16,4,0,125.39415287370527
279,8,25,1,0,305.8146105390779
497,13,16,3,0,483.38747690784896
473,6,15,3,0,310.8397925515026
385,14,16,5,0,436.11830451054243
265,1,37,4,1,248.1358941873577
294,1,23,3,1,263.3962786761949
51,9,36,5,0,235.8423319844995
156,10,16,5,0,269.59656743038977
31,6,29,5,0,158.0697763379223
414,10,24,3,1,447.6409695424211
321,8,29,3,1,379.74577835800824
394,13,24,3,0,413.8678394669373
35,7,39,2,0,206.71952690028445
148,12,37,5,0,351.644807797169
82,6,31,2,1,242.67583503906414
128,4,23,1,0,170.54744957386418
394,7,32,3,1,402.43378740160597
40,9,18,6,1,239.29816407113537
177,14,23,4,0,321.72290065386
288,11,30,0,1,408.48766077963387
181,10,18,1,0,237.08177822680628
279,10,30,6,1,396.7471232894003
431,14,33,0,1,513.8048799357857
121,7,15,0,0,193.77085158853993
242,1,37,3,0,198.8926348635424
78,10,20,4,1,258.17904296596254
266,9,24,0,1,351.10766730770666
147,13,30,5,1,373.5862793757311
302,4,18,6,0,272.9900153401317
344,3,36,0,0,289.9709708936207
44,4,36,1,0,120.76819523316648
150,4,27,4,0,215.11292736232386
372,13,30,4,1,441.5604144594114
215,10,34,0,1,347.05486556557196
300,11,20,4,1,375.19286806950635
423,2,25,1,1,321.7311584554284
437,14,38,6,1,509.2303078987779
173,12,17,1,0,274.2590224585257
401,14,34,1,0,478.0695801083469
152,1,24,5,1,153.04418891358222
246,12,15,3,1,389.92187104886546
208,10,34,0,1,340.9823991359001
495,12,25,6,1,486.9335643591966
496,1,26,4,1,378.4367171748878
284,13,28,1,1,432.3987246615879
391,14,39,0,1,567.8390606867769
453,8,22,6,1,382.05371625054335
153,14,25,6,0,340.6553175798381
230,2,18,0,1,220.7122516029904
79,12,21,3,1,292.0564577125553
447,10,24,5,0,414.25998922018994
396,5,33,4,0,363.9123662443643
414,12,39,5,1,504.32795498495227
469,4,18,6,0,296.715181540346
450,8,16,4,0,359.6126349953748
383,2,35,6,1,298.2199017999329
383,10,32,1,0,403.0768390161858
476,9,28,1,1,477.97730490893684
232,7,30,0,1,303.4150818445748
235,13,36,4,1,409.43756847428375
245,7,25,4,0,257.9195574084841
489,1,24,6,0,322.72684713587023
150,14,31,5,1,401.6529500876369
95,12,28,1,1,312.8511467621283
495,2,36,2,0,381.1003752464773
305,4,18,0,1,267.6183737796484
493,4,33,4,0,344.5603481131122
296,11,16,3,0,361.08737059875875
175,14,21,3,0,337.5825738747494
267,3,23,2,0,212.8752160594771
237,7,33,1,0,291.03342411229437
209,12,30,1,0,312.8123314666665
436,8,36,1,1,405.0386505617243
488,2,39,5,1,383.85127107244557
182,4,30,6,0,219.68724979679132
199,14,32,3,0,401.377169459387
53,3,37,1,1,193.2327744222748
60,2,35,3,1,172.7072892234281
326,12,35,2,1,468.40866711329545
450,13,25,0,1,509.79790212819285
357,14,21,6,1,453.6159680466999
333,6,23,5,1,350.7477314728455
94,13,18,4,1,325.5120986164384
460,4,39,2,1,397.8436816581884
298,6,27,6,0,269.0038765190222
195,2,39,3,1,199.79861081707068
403,12,18,2,0,434.34795402214905
169,4,33,4,1,250.07348735173045
292,11,16,6,1,385.3819766202381
344,6,23,5,1,355.5947734843977
127,14,26,0,1,337.5195377255048
158,5,16,4,1,178.46609783078128
369,3,20,6,0,279.8171065605066
290,8,19,5,1,356.9548387325434
366,7,19,3,0,333.0371885889315
438,3,34,4,0,302.27293396186855
308,6,36,2,1,350.81379644587753
231,4,19,1,0,191.00506938271243
400,11,18,2,1,400.1516759222266
291,5,23,3,1,296.34664395903866
437,11,36,6,1,488.74997020498176
85,5,24,0,0,163.52755791331685
443,7,30,4,1,425.26273144282914
267,11,24,6,0,330.6880155773746
175,5,24,0,1,242.2136222328121
66,11,33,3,1,284.29297378428856
442,3,24,4,0,308.96621018461894
473,10,20,5,0,431.86825159705813
220,5,31,5,0,268.1927644128871
167,7,19,6,0,232.34592025228
143,5,20,2,0,198.9801826422564
20,5,38,6,0,161.20450948505493
475,9,29,2,1,470.2523073455581
266,3,39,3,0,276.6759438302814
362,13,33,5,1,509.5837577014626
147,6,32,4,1,281.7155104386959
210,1,18,5,1,184.89830490765843
86,10,22,2,1,289.8933231455134
23,5,30,6,1,187.48083622695464
461,8,38,3,0,414.3557911400844
428,5,33,5,1,396.25621939900174
322,9,34,3,1,371.42607332786247
313,11,17,5,1,396.78602702283814
162,6,24,6,0,254.035924341412
210,8,16,0,0,273.45230739947294
40,10,18,6,0,229.9323547200964
246,8,20,5,0,275.4361262978542
332,13,25,2,1,450.61765307867654
136,3,28,6,0,182.96328843501783
456,7,30,4,1,416.8967540011404
321,14,35,2,0,454.17418300804985
161,7,33,2,0,260.59377903907273
479,14,16,2,0,495.3963228584619
420,10,39,3,0,417.39848235037823
58,12,31,1,1,326.5219765763564
412,6,23,1,0,351.01285873447927
374,12,31,0,1,456.6372722012195
271,7,29,2,1,326.6197551179815
352,14,21,1,1,457.22347422687807
226,2,36,0,1,228.42146741961258
229,9,37,3,1,377.28320025689516
134,10,33,2,1,332.26218024086916
244,10,17,4,1,356.6065746450031
153,1,15,3,0,151.7638336864042
270,1,18,0,1,219.7955522785277
238,3,32,3,0,194.8853097900409
426,14,22,4,0,479.57742508905005
462,3,33,3,1,383.8324944656932
110,1,37,0,1,205.07666284591357
373,12,37,4,0,462.1416839430607
395,7,39,4,0,383.1796844788664
65,4,20,3,1,159.61376135166472
57,10,15,4,1,258.5727375673823
161,13,22,6,0,266.4010511876648
119,2,15,3,0,124.32799932535818
347,10,33,2,1,438.41321325641167
209,5,25,4,0,227.07985593514232
54,6,35,3,0,179.35684275895355
166,9,38,2,1,329.8968712630535
49,4,39,4,0,189.48893365076034
353,2,29,2,1,303.5208726749178
103,5,37,5,1,216.95953429838548
388,3,39,4,1,371.33964078410503
300,2,25,5,0,258.2329300783912
443,12,33,0,1,481.353411941572
363,1,35,0,0,322.4713182406181
289,10,24,3,1,372.4869385216892
173,2,38,1,1,241.46851541436342
121,6,26,5,0,217.04924389064183
234,8,15,5,0,253.0399668937913
169,13,38,0,0,346.46947966156637
451,3,21,5,1,343.85415620031904
102,11,31,1,0,240.5987780262925
129,9,24,2,1,293.9195512364983
454,12,20,2,0,409.08507713174845
406,9,31,1,1,430.293347453712
445,2,32,5,1,333.0657268624517
294,8,19,5,1,346.5761821956911
220,10,32,5,1,309.9165322917496
303,11,31,6,0,345.25601008552985
487,12,36,3,0,483.56483363961416
192,5,30,4,1,271.37687845880225
346,4,22,1,1,311.4319603627348
225,10,38,1,0,359.50563986795527
82,5,27,6,0,172.15799396534874
92,4,38,1,0,181.64516330971244
270,8,30,1,0,293.5684211896461
143,4,25,6,0,177.03259324426253
394,13,20,1,0,431.6096912119187
140,10,17,5,1,242.9049061513423
294,12,15,6,0,339.1956131587232
450,13,32,3,0,493.2671231403659
417,14,19,0,1,490.0898672558249
139,6,27,5,0,208.4398530479778
441,2,24,5,0,286.35118209433574
456,5,19,4,0,306.1422405236588
336,6,28,6,1,300.4923713592165
183,5,31,0,0,222.36624727246448
443,12,15,1,1,491.27890120232667
484,2,39,0,0,350.7381067710603
305,14,16,3,1,444.92799537763676
284,7,21,2,0,265.46625156889894
339,4,24,5,0,283.16298991036837
180,8,34,6,0,263.92626469016005
395,7,21,6,1,359.65440628982526
327,7,38,0,0,359.39179206214334
108,9,30,4,0,246.5910600927767
161,1,19,3,1,135.78931604421678
222,10,26,2,1,344.9605916488734
328,6,31,3,1,331.67662967053246
246,6,30,6,0,244.11339533154566
462,6,34,1,1,399.0930083130769
353,13,30,2,0,472.41786591046065
241,12,33,6,1,420.74768905779507
60,6,29,4,1,167.7092481702861
215,12,26,2,0,335.7326830676069
87,10,35,6,0,261.19034207216737
495,7,24,4,0,395.1792549771251
283,14,36,1,0,410.22220988773665
21,10,16,4,1,237.44134637947664
380,6,21,3,1,370.8539133499855
144,1,27,0,1,191.98001402130802
129,3,17,3,0,150.10216020230305
105,2,29,6,0,152.67312677268268
444,6,15,6,1,365.11026470091844
139,8,17,5,1,221.9712161295782
146,3,39,3,0,163.94498225002215
274,10,24,2,1,347.966143511575
202,8,29,1,1,304.98854334216537
35,8,36,5,1,213.83701909166618
496,5,20,5,0,340.40257966934666
81,8,34,5,1,250.93214614612396
388,6,29,6,0,359.28228784099946
451,5,38,0,1,413.1865650706705
177,9,35,4,0,276.2294787391065
287,14,21,2,1,426.4276711583309
54,7,39,6,1,213.4271285154548
286,8,35,1,1,345.7295573397057
83,1,19,6,0,61.35647279396865
69,11,18,0,1,274.07676595610565
488,2,36,6,1,370.3438546977575
274,8,32,6,0,317.84555109860196
168,12,17,3,0,314.11874248973703
344,9,31,1,1,379.05497531085814
323,4,32,5,1,324.8349846824057
295,12,32,1,1,461.1984198830765
376,10,38,1,1,424.35772248171264
470,11,38,3,1,474.739621974071
191,10,16,4,0,252.3431888798936
436,14,27,6,1,519.771705780652
220,9,36,2,0,351.9258440132018
464,4,29,5,0,384.1065806579522
412,10,19,4,1,440.8981184524342
343,10,17,0,0,373.08593051358866
54,10,19,6,1,254.291138029743
484,9,19,5,0,429.5019945739882
235,11,19,2,0,326.57515898201854
499,7,17,6,1,402.50471744424203
84,2,17,0,1,170.26876018101143
27,9,34,3,0,243.20863457939168
320,4,37,4,1,308.46020331498835
362,8,32,6,1,407.96958653394495
450,14,34,5,0,532.2248445449238
443,7,18,1,0,370.8736025772861
351,13,15,2,0,396.3928555224237
457,7,30,6,1,452.09461452384704
95,8,22,5,1,246.6068020018186
193,1,31,1,1,190.9424492195895
66,5,22,5,0,128.99662319666416
34,2,21,6,1,60.378064725749226
380,2,39,0,0,337.4624933157308
166,1,22,1,0,125.26296873025211
45,5,35,1,0,186.77889698159336
327,2,38,5,0,251.09219144328733
112,4,26,3,0,171.33919228791586
425,3,30,6,0,326.49456951012223
251,3,26,3,0,197.71743952195465
40,2,33,4,1,165.14073660272447
326,13,24,0,0,402.03524120694874
57,6,21,3,1,201.55289428932616
295,2,26,5,1,288.5903647120265
176,14,34,6,1,410.79245933488164
198,14,19,3,1,375.10346021906
151,8,30,4,1,324.380973513758
330,8,23,2,0,330.1069739774275
474,13,21,4,1,505.8626591478465
367,14,34,1,1,488.22749102453827
47,12,36,6,1,280.98794098088416
279,5,28,1,0,243.78428075230272
425,10,25,3,1,431.4159509009484
95,7,21,3,1,204.22533692869678
448,4,24,4,1,356.4465960582739
86,1,23,4,1,150.52323664018587
361,11,18,5,0,373.3186282735325
213,2,30,0,1,230.89924199630326
491,10,24,5,0,433.3818732913858
181,10,33,1,0,357.4007104680721
366,4,38,5,1,379.1646986316235
458,1,31,4,1,331.04785704164306
380,13,23,6,0,436.4439851950758
276,8,27,5,1,315.19231629807365
91,9,15,2,1,236.21186630502484
106,4,16,0,1,162.99237218975327
441,10,27,4,0,439.3578065908235
281,3,38,6,0,242.8937685770867
233,2,23,3,1,255.65481100053918
172,5,21,5,1,231.69143811155624
229,14,30,4,0,367.1116913689478
420,3,33,3,0,321.6431723913036
80,10,21,3,0,246.73550817806336
287,7,20,1,0,298.90803525470716
281,11,32,1,0,372.63147497993475
237,6,33,6,0,292.05262942520534
302,1,25,4,0,232.3298068515186
155,12,26,6,1,355.92964878343275
486,8,24,4,0,405.48658499016574
399,2,27,2,0,277.84749440903977
381,5,26,0,1,343.3531234692801
468,9,35,0,1,459.1187142827929
460,8,24,4,1,430.1134945056168
112,2,34,1,0,153.88754831147477
128,9,32,5,0,296.1013668365299
260,5,18,6,1,260.9036926980261
374,10,38,2,1,423.26584628571516
443,14,19,0,1,512.4146989416854
161,6,19,4,0,209.9304408855556
310,13,26,1,1,418.2731142670205
451,3,17,1,0,320.1423120995277
256,13,22,1,0,361.4201619942269
359,3,36,6,0,326.98569721494954
331,10,16,5,0,328.49710186287064
196,8,32,3,1,300.3835870634446
160,11,23,6,1,323.553226996869
208,10,27,5,1,365.15569104116145
68,10,21,1,0,211.7299645000561
321,12,24,4,1,426.03011361954856
388,2,23,2,0,246.72064277217615
209,11,36,5,0,359.8344972863168
155,12,29,4,0,302.4635264267084
62,12,19,6,1,291.37545479169614
423,2,26,6,0,306.908109781189
399,13,15,1,0,388.18136007960356
372,5,26,2,1,347.1865370298374
109,6,36,0,1,236.38623213783097
314,12,20,0,1,416.9702160840236
360,2,33,6,0,258.5187903520057
264,5,33,4,0,261.37136592565713
452,7,30,2,1,444.96930346770444
211,10,33,4,0,343.9215273689802
337,10,17,2,0,332.61788531538355
125,8,37,2,1,322.42741549517353
382,12,24,6,1,397.3588165847306
329,7,32,4,1,367.791578524843
401,8,27,6,1,378.8109827543476
252,14,32,2,1,437.4275819523478
284,12,17,5,1,380.767128941986
363,9,37,1,1,400.1472149633244
56,5,17,2,1,152.25189308839649
324,13,37,5,0,415.267400568915
60,5,39,2,0,184.52768815177893
36,11,26,5,0,254.49451201811456
363,10,34,4,0,438.67620136284506
296,4,21,0,0,246.5821160366627
326,13,39,3,0,441.97628449816295
78,9,38,2,0,273.72431468804865
442,5,22,3,0,331.02127099941833
202,14,23,2,0,341.3383055033013
60,2,28,4,0,154.96850668264827
58,10,19,4,0,213.40464731343508
416,8,35,5,1,432.3467369536509
211,7,33,2,0,244.422660904052
286,8,35,4,1,352.5237479098196
166,12,30,4,0,360.7427791998455
414,3,38,2,1,367.2561291836371
352,4,26,5,0,287.42636682725373
146,5,35,5,1,275.87431128836255
65,6,18,5,0,125.5980549172044
64,1,22,5,1,112.70501366582303
20,4,21,0,0,157.4997682707293
187,11,29,2,1,345.50062418378934
127,12,20,6,0,282.3622770091488
38,10,19,0,1,260.5829143247135
351,13,28,4,1,481.4731150777928
91,5,35,0,1,194.4690723362931
475,7,27,6,1,435.0593334671295
464,13,24,6,1,540.1158108706596
128,5,32,6,1,220.13831735091287
287,13,18,5,1,397.05138293925205
464,13,22,4,1,501.5763742705672
259,1,38,0,0,234.38689788814264
436,11,25,0,0,404.44669979064804
320,7,31,2,0,264.74945119815163
109,8,32,0,1,272.8098693597236
122,13,35,4,1,379.31755622914557
495,7,39,5,0,424.2608137376763
269,11,25,2,0,337.29200332918623
472,14,30,0,1,532.6606715530257
27,13,26,2,1,322.45092339873906
172,4,27,3,0,186.70877185070407
366,8,30,2,1,404.4056460884067
193,5,37,6,0,222.4285800579638
362,10,35,5,1,408.885890491608
177,9,15,6,0,270.40086134620987
450,12,30,3,0,497.6873858906388
234,12,29,6,1,402.7800423124618
196,10,20,3,0,246.92341119672847
194,5,26,2,1,245.60111520862603
359,1,22,4,1,273.27833734199254
357,12,21,5,1,431.6914822196103
165,9,16,4,1,241.10648999323416
469,12,26,5,1,470.5560884913344
343,5,35,5,0,300.464790979622
497,6,28,6,1,423.1479175129831
180,4,30,6,1,201.31912156504762
146,6,25,4,0,225.00450083490875
439,12,34,1,1,495.640351853081
101,8,23,3,0,195.63593197621825
166,3,24,6,1,209.87173990131396
258,5,31,6,0,237.1995488429964
431,2,26,6,1,326.45828476707766
443,14,20,2,1,465.4856502325697
103,2,33,4,1,144.40430096409528
132,13,25,4,1,331.9190720368063
244,7,23,6,1,288.6746611622186
351,10,35,2,0,403.18577361331654
397,13,20,6,0,433.1268641244475
262,10,39,3,1,431.0079122191134
162,14,39,2,0,363.6967645553192
60,11,38,6,1,235.01179108890068
442,10,39,5,1,438.3132192845323
277,6,30,1,1,294.5774668263951
466,4,34,5,0,428.690777197893
304,5,30,1,1,316.2655372473845
124,1,20,2,0,139.1706315450603
221,7,19,5,1,303.6441820599553
469,8,35,3,1,429.16185075883567
326,9,18,5,0,298.13750431328145
350,8,16,4,1,369.84626725179135
480,5,20,1,0,310.59092496992196
285,3,23,1,1,283.05318273930214
417,10,31,6,1,448.1588935382947
229,11,28,3,1,377.82108471074207
70,9,21,1,0,218.06884500582015
137,6,36,1,1,267.6365699731592
220,5,33,6,0,253.08973083211376
396,13,15,3,1,458.63203507924766
58,3,34,5,1,172.92170027080928
47,6,39,2,0,163.97053117817188
278,3,29,5,1,264.1228286566157
103,10,32,4,1,338.8954149750133
473,12,17,4,0,456.78231698754786
174,6,32,1,0,263.84899126003523
136,4,16,4,0,140.33713747466297
21,2,24,2,1,98.48894730530543
112,8,25,1,0,201.93095150751103
185,4,38,6,0,201.86462019224214
406,9,17,4,1,369.55203006488193
419,7,21,6,0,361.16429120496696
369,12,22,0,0,401.38362329323576
315,2,33,0,1,301.0098976652344
277,4,32,0,0,256.2920703008987
100,5,27,6,1,160.93520418037377
444,3,27,0,0,329.87233601282776
287,9,38,5,0,313.89172848367764
438,13,33,0,1,514.2878869476338
254,5,37,1,0,260.5728492876822
340,2,26,3,1,286.6502006731492
330,11,31,5,0,363.12762885465804
320,3,36,3,0,292.5665104829102
482,14,26,1,1,533.7521889260747
493,9,27,1,1,458.61593841953226
376,7,39,2,0,337.10498950294283
232,2,26,5,0,234.21069682703117
81,9,33,3,0,223.36414568958133
68,14,28,0,1,335.2588155752219
146,4,21,1,1,186.0224211084765
242,13,27,0,0,445.5497995225624
428,9,20,3,0,391.9884274138535
298,13,38,6,0,407.7062441492515
427,2,33,5,1,351.6151759510009
313,12,33,4,0,417.5012359421345
303,10,18,6,1,375.39197870716526
296,12,33,6,1,417.5296511311522
457,4,23,4,0,343.31014345207245
126,5,30,1,1,224.89316891767982
165,2,18,2,1,177.99413613781988
439,10,20,0,0,393.79176013354686
118,1,22,1,0,88.73127687963711
448,7,38,2,0,416.2649400164767
394,10,30,0,0,419.1260036669419
92,1,19,3,0,124.93277539838633
456,11,35,6,0,463.9702932443912
141,11,36,6,0,303.185325844589
49,8,24,4,1,194.30374194644514
207,3,37,2,0,221.7095230767035
383,14,27,0,0,462.7039627266643
373,10,28,1,0,356.1052272017565
307,6,21,0,0,306.8804457839412
470,7,34,1,0,393.7592502758454
214,10,20,6,0,293.0779943576573
175,1,21,4,1,186.45541300672951
191,14,19,4,0,343.353736394639
354,6,35,0,1,395.0672231474618
60,7,32,0,0,211.57612301569415
82,6,37,1,1,232.033357873976
42,4,26,1,1,100.59500906203084
379,1,20,2,1,294.4237334219061
94,11,15,6,0,218.40885956633218
67,9,18,2,0,221.53729851443538
179,4,33,2,0,225.30378548279631
332,7,26,0,0,319.0242803754293
137,7,29,5,0,250.56582508605038
119,2,17,5,0,133.92079515134225
399,1,37,5,1,325.0672479066706
436,8,34,5,1,401.67345780645576
427,8,22,2,1,408.2969647903065
186,7,25,0,0,223.1434788334035
309,14,30,5,0,402.58124440659196
459,8,23,4,1,418.2771513077634
175,3,17,3,0,195.76834895953448
440,11,19,4,0,430.30781568724285
26,2,34,0,0,119.62536883210112
215,7,28,0,1,313.9085354381264
440,8,29,3,1,410.5063939732145
75,1,20,1,0,60.9718038438064
340,12,18,1,1,380.9203435851564
212,10,22,1,1,334.6214214896384
66,9,33,2,0,253.73382439989
167,13,19,1,0,334.75499559827693
294,11,27,6,1,379.37904303377803
176,4,30,2,1,265.10991065750017
221,14,15,2,0,391.3608448694064
463,12,27,1,0,477.6526351869628
421,14,36,1,0,522.2455925454581
495,4,25,3,1,404.96311209016756
438,3,35,5,1,359.4056881310977
446,6,22,3,0,343.70836368139067
498,1,39,2,0,309.7384369264838
494,6,22,3,0,372.10474837332504
145,2,38,2,0,173.76337082068855
414,9,28,0,1,423.70545212418983
324,2,27,2,0,243.74837070932105
388,7,17,2,0,287.1260549954489
313,12,18,3,1,418.08059075959426
83,1,34,5,0,142.40173672128668
344,12,29,0,1,447.42062431972033
411,7,29,4,1,375.1130907246839
437,5,35,4,1,400.8397151310205
195,8,27,5,0,271.95220047629107
135,4,23,4,1,212.98965392501054
459,12,39,0,0,518.5224517893283
223,10,24,1,1,335.930620111711
340,7,26,0,1,360.63050993493295
50,6,28,3,1,183.71276995148497
407,5,15,6,0,326.93352638955133
132,4,28,2,0,196.0547334321885
384,7,28,2,1,387.33121094276584
453,12,22,3,0,429.4373823418872
344,5,30,3,1,323.33393342305374
433,5,28,6,1,340.8748272437653
395,1,15,6,1,258.59794675846945
363,2,30,2,1,315.68734789166825
462,5,32,6,0,377.9152360851614
86,13,21,6,1,313.19375922420073
94,3,29,6,0,179.68598181836637
64,14,38,5,1,354.09059498660247
279,13,31,1,1,414.95690324887676
173,2,33,6,1,198.50129581467016
174,14,37,1,1,396.36570066177177
449,14,27,1,1,509.49609993398934
382,4,23,3,0,316.0596299004558
467,4,38,6,0,377.9289436546038
494,4,38,2,1,406.60653785081064
253,4,29,5,0,238.86792393132356
70,3,39,2,0,172.06483457644825
325,13,17,6,1,441.7188421610596
281,12,38,2,1,389.6319669637941
334,7,15,6,1,328.57574992435775
144,9,30,5,1,298.82982852802013
418,12,22,0,0,443.96276761165126
264,5,37,5,0,283.25984868635953
49,4,27,0,0,146.6439983161296
445,11,22,4,0,426.7608172011171
141,2,31,0,1,176.3827808949315
144,2,36,1,1,219.68390199971134
56,5,37,1,1,223.31811977968968
189,7,28,5,1,298.53667464338105
143,10,35,1,0,308.0958162821384
376,10,35,1,0,388.56544879489735
54,9,21,4,1,223.85129774326606
106,13,29,1,0,328.3973325987149
153,7,30,3,0,248.6246624573528
215,5,33,3,1,279.62334512934234
293,10,20,3,0,331.4621449833514
220,10,37,0,1,389.3579759034177
388,10,15,5,0,338.59132194927554
304,6,26,5,0,299.8814592563789
96,11,32,2,1,305.6677728798899
78,12,30,4,1,283.94967615584653
450,3,26,3,1,384.33282357977794
145,5,34,3,0,161.68787223964046
420,8,27,1,1,416.4250950019739
128,1,22,3,0,133.5692378364742
243,12,36,1,1,383.9987854915918
297,1,15,1,0,199.04520588732325
87,7,35,2,1,244.01035691073145
88,14,21,0,1,345.7609862922668
184,5,29,1,0,295.2735262613092
324,14,36,1,0,450.7718749957843
416,5,27,5,1,379.08095318757114
181,1,27,2,0,139.9968810759389
384,9,23,1,1,407.29598029958606
361,1,38,4,0,264.03976697033715
328,5,29,0,0,312.5762153705578
398,10,18,4,1,386.47921341365884
362,9,27,3,1,378.5297790620675
454,14,26,0,0,512.6003862539194
406,4,19,3,0,305.19976388160995
61,13,21,5,0,293.9764922544182
373,8,22,6,0,357.7748928832054
435,6,19,6,1,385.6955826138757
128,11,23,6,1,298.8099323448041
70,3,28,1,0,132.12745280752705
269,4,26,2,1,295.788349162407
360,2,18,4,0,243.1352891617288
449,1,34,3,0,331.17070889537206
402,13,22,1,0,437.802927243898
40,14,31,6,1,298.4072113131063
319,8,22,4,0,298.08487090156603
158,1,35,4,1,190.56527982209863
378,14,15,5,1,477.3147963831509
343,13,34,5,0,421.1981610383643
404,11,16,6,1,443.63572972784436
111,1,18,3,0,108.51470492635036
466,4,38,6,0,381.12419552035203
299,10,35,6,1,393.706256544929
144,12,15,1,0,285.6601990074797
416,10,21,2,1,448.77486350113145
130,6,15,6,1,214.6565712282358
373,9,23,3,1,387.00290440131346
158,1,17,4,0,91.64509225002956
454,7,26,4,1,424.8306499291089
292,10,33,0,0,346.5669081225611
118,11,29,6,0,271.58901765893165
271,5,36,1,1,291.0828540889674
357,12,30,0,1,443.89830476777286
123,8,24,5,0,271.4508783009413
233,14,36,2,1,435.54078220015236
268,7,20,3,1,296.1172368429297
171,4,31,6,1,228.3739321500753
269,4,35,4,0,235.7254050010726
294,6,36,1,1,316.3877615209884
184,6,38,4,0,232.20966561398183
360,9,31,6,0,382.40664166322665
27,12,35,5,1,302.4342379854183
303,5,33,0,1,324.05196939682156
24,8,32,6,0,203.3968138150609
164,5,25,0,0,191.67593819309263
120,2,38,3,1,173.03446331210847
183,6,21,1,0,200.4076635129127
393,9,24,5,1,385.52147857072606
166,13,21,1,0,327.1734941210229
83,3,19,3,1,194.77396699069706
110,1,26,5,0,101.05451919817921
136,1,30,5,1,166.16108376337496
373,13,39,0,1,493.5578675853225
286,3,35,0,0,252.41983956983938
329,10,32,0,1,415.15900400980246
192,5,17,4,0,193.49218241325707
66,3,34,2,0,132.39330977641868
159,9,29,6,0,268.8531927343276
265,8,19,0,0,297.03122860676257
168,3,27,2,1,238.64984074549204
265,9,33,2,0,341.0327075235963
414,13,26,1,0,448.95686298328843
495,6,37,3,0,428.1158784620662
24,13,35,4,1,327.0020179441116
484,7,19,2,0,378.9330616236029
203,4,20,6,1,228.58094004341933
39,4,21,4,1,142.95793967395747
444,12,24,1,0,466.41806610871714
65,13,30,0,1,318.983811413591
31,2,22,5,0,61.38962137764472
89,5,23,2,1,203.62317660261127
36,8,18,3,1,233.79270566776688
390,7,35,5,0,401.3720421287585
166,7,35,1,1,278.41785807606175
173,6,22,4,0,206.56780631615513
323,3,39,6,1,352.4573615159825
127,5,21,0,0,211.83407442888088
255,13,29,4,0,389.8460540258976
327,1,35,3,0,214.2561527975521
371,7,17,2,0,312.3735882952449
89,9,31,3,1,249.62882628689025
202,1,25,4,0,202.24712585018986
269,13,23,4,0,344.98840149632235
247,2,19,5,0,227.57297192575052
121,3,39,3,0,181.3895034534782
94,3,24,3,1,146.0460129824964
436,8,29,3,0,415.7359687007408
465,7,28,0,1,436.08988311999184
235,6,18,6,0,218.1755467132408
426,10,35,4,0,432.49513882673034
418,10,34,1,0,454.51136782394667
430,11,16,0,0,403.8019295441099
222,4,26,0,0,256.5945695274421
211,9,15,0,0,255.60434299765697
268,1,38,5,1,222.5594724342493
261,11,34,6,1,394.40431434195017
484,2,19,6,0,280.7871460064436
198,14,20,1,0,351.4977457980202
456,4,38,3,0,364.10286282948937
481,3,25,5,1,350.32146918361525
238,1,22,4,0,215.57364959676715
101,5,21,2,1,197.42048657426835
111,7,18,5,1,243.78730692779192
454,2,20,2,1,345.57435664456415
194,5,30,4,1,297.2202246066804
258,6,34,1,1,292.8116266456982
279,11,29,6,0,327.35054755815383
410,7,28,2,1,430.4804143113101
384,1,37,0,1,322.6224189032745
182,7,26,5,0,250.52622027602732
67,4,26,2,0,142.83404866012143
348,8,30,4,1,377.78706236303435
347,13,29,6,0,443.72332471964364
135,4,27,0,0,152.62459888846917
448,6,25,2,0,373.54662912846385
356,9,31,6,1,425.62632123866985
356,5,35,4,1,367.86504211246097
388,14,29,1,0,460.57218728569677
244,12,28,4,0,357.9467562403469
371,4,24,1,1,349.21386541144153
347,8,26,6,1,387.13840378876625
166,13,30,6,0,373.1036200806543
82,9,29,0,1,229.14606596422072
313,4,24,4,1,312.63431367701764
342,3,18,3,0,235.77462533038008
462,8,37,5,0,423.5417806435168
344,14,23,3,1,485.5201297272771
32,5,35,3,1,170.95295780138994
450,2,34,3,1,395.3122636666251
208,10,23,5,0,322.1132145556634
306,9,35,3,0,369.58425884872054
227,3,39,1,0,217.85926268825293
133,12,38,4,0,318.90547270428397
499,2,34,6,1,370.33243803535464
41,1,25,0,0,60.853749479546025
368,14,25,3,0,465.8753129485698
233,8,21,6,1,300.4126934863935
190,11,35,3,0,326.48904162738
342,3,24,0,1,291.499254313592
73,7,18,0,0,173.21647793258862
413,1,19,3,1,300.10917579878077
317,1,19,1,1,229.04654045366243
339,12,25,6,1,449.8663718911793
145,9,23,0,0,241.5810657776753
296,12,30,4,1,417.4294708378051
483,8,23,6,0,381.3681278708738
223,12,36,4,0,384.933279590895
213,13,18,6,0,364.0164143394557
188,3,16,1,0,185.31743005687179
171,6,28,5,0,234.90828537623173
54,11,17,2,0,225.27712805558923
203,3,32,1,1,209.25530286699473
305,13,35,3,1,420.4051668141545
76,12,20,2,0,273.0099206505147
241,4,25,3,0,226.8844981452515
322,1,35,4,0,218.8155044547677
182,5,32,0,0,201.89319105790142
38,1,26,6,0,98.69825842427312
389,13,19,3,1,474.9794895206343
283,1,23,4,1,201.82161288927531
301,10,34,1,0,371.54125318306797
132,11,32,3,0,302.7577543415977
346,11,33,4,1,422.3267908538916
49,14,17,0,0,293.29466615957244
154,7,23,6,0,221.1049596464262
86,12,18,3,0,224.66284954289262
84,6,31,5,1,220.10717270838015
311,2,31,4,1,304.85938804050403
44,14,37,3,0,299.0909050476414
56,11,37,0,1,276.06242994447
20,12,16,6,1,264.5641602359268
418,2,23,3,0,290.1680343106927
56,11,23,3,1,268.94137562987424
160,7,19,6,1,262.5424873957582
251,1,29,5,1,214.66620681835164
155,13,29,4,1,348.49960836692077
408,2,17,2,1,312.5504038771794
207,12,33,6,1,360.1722348133744
147,8,17,3,0,259.79811851943646
220,6,20,2,0,264.58738367164347
146,14,18,1,0,296.1176762275292
276,2,38,3,1,303.5161929087267
183,7,27,2,0,253.5438755960217
54,4,27,1,1,198.6957501473658
213,2,25,5,1,219.16853829306908
210,12,19,4,0,319.45630249143227
123,6,15,3,1,205.87073649901308
42,11,23,4,0,183.00815924217136
284,9,31,1,1,387.54205931663205
309,11,36,4,0,377.35798828247573
449,9,15,4,0,408.6964790548474
481,14,17,6,0,517.9791621933211
403,8,29,0,0,367.9488595095398
279,3,35,1,1,271.7676475811177
433,3,37,4,0,355.6558714227929
498,2,24,2,1,347.6490690423441
377,5,22,1,0,333.84491880295377
94,14,26,0,0,295.176067465061
374,12,39,3,0,473.7642155256277
91,14,36,5,1,351.3852613673847
278,4,29,4,0,263.60496178670047
417,7,23,2,0,379.14515042407845
207,4,38,0,1,279.73005998264586
480,9,39,1,0,474.4132005657538
192,12,24,5,1,324.8802890979267
499,12,34,5,0,489.35596076510603
309,2,23,4,0,231.76475314138247
64,11,29,0,0,239.6896300631284
80,14,37,0,1,373.41569108554285
102,6,35,2,0,200.75502305635572
142,7,35,3,0,230.73053754219416
377,4,15,3,0,297.3091315674839
35,13,16,6,1,253.5909098424018
85,6,33,3,1,208.56563179716704
443,7,28,6,1,422.66552862380195
164,4,22,5,1,242.87642859096252
394,8,20,5,1,390.2335782200598
181,9,26,1,1,275.18311740182327
253,1,29,5,0,213.19869878802382
399,7,28,5,0,348.64803432105145
163,9,35,0,0,308.9151726787819
377,12,15,1,0,390.90692821816856
207,10,25,0,0,326.3789114077827
341,5,39,2,1,345.14381556831484
469,12,17,6,1,464.72535364826496
493,2,33,6,1,334.1487076195698
32,10,32,2,0,216.80816992227238
203,6,34,6,1,293.04540305016894
130,12,16,1,0,279.00888993719565
434,12,39,1,1,517.2327157099668
309,7,21,5,0,326.3829480727948
314,2,22,6,1,261.57333080737305
470,2,33,2,0,332.3546078723225
411,10,36,4,1,479.75768506024195
234,14,29,3,0,389.6203082915248
481,12,24,5,1,480.0368451438463
139,10,36,3,0,281.05737160105605
401,1,15,2,0,202.90201103185484
74,4,20,6,0,118.26525289387968
46,7,27,6,0,148.19361948245597
137,14,28,3,1,371.520023084497
240,9,17,4,1,343.2306042460641
250,3,25,6,1,231.18302255587895
72,12,17,4,0,231.92731272815294
314,11,33,0,1,436.8628451177776
340,7,24,1,0,313.98225777041586
420,7,29,3,1,408.1349452207906
252,7,25,6,0,295.86266530849673
177,2,29,4,1,192.33845854108293
456,6,38,6,0,380.2268225805234
288,2,27,1,0,217.87228771006994
40,6,19,1,1,146.92885554104316
422,13,18,0,1,481.7335337213844
72,10,27,1,1,282.01737827447016
294,3,23,1,0,239.59377562889463
332,14,39,5,0,481.193534730039
300,2,31,2,0,236.77629362404014
233,12,16,6,1,370.851798094027
50,14,38,0,0,320.71668848824385
356,6,19,0,1,320.01776150878726
202,2,30,3,0,214.09733094161538
42,5,21,1,1,170.56350381341358
51,2,15,3,0,104.99218222844343
465,3,26,5,0,303.4813313847188
93,3,35,4,1,193.6950680255114
29,6,25,1,0,145.28813059346555
475,6,26,4,0,362.4709684029959
73,10,33,2,1,310.6899619597019
71,3,26,5,0,136.40593311913705
167,3,26,1,1,180.96062276850628
179,13,28,3,1,360.5538555955057
389,12,16,3,0,425.28103848815124
33,13,16,1,0,226.4424358025162
197,1,39,6,0,172.40029293072868
431,7,18,3,1,383.55910879120216
385,13,34,6,0,464.8861558483979
72,8,37,1,1,245.43455347962316
427,2,30,0,0,311.314427518462
354,4,24,3,0,285.6972435222291
41,10,27,6,1,257.6287173471862
49,7,16,1,0,113.40512406940383
210,8,17,1,0,259.3182992610134
279,1,33,6,0,215.4861868760688
224,4,20,3,0,219.80697497791903
78,6,33,0,0,181.9239328041255
490,3,35,3,1,382.5810899629076
283,5,34,1,0,295.162072200695
485,10,33,0,1,517.4143622428466
31,9,22,4,0,168.00853850926237
138,11,28,2,0,300.2629440779898
434,13,24,3,1,514.3986595107297
481,3,17,5,0,333.3940994093409
309,5,20,1,0,292.5507402066065
357,8,29,0,1,375.62956494109835
267,6,37,6,1,352.2354377900441
373,4,37,6,0,306.0107566351525
146,8,32,6,1,288.1025641072811
94,11,28,0,1,287.9521850455988
380,3,33,4,1,321.75609633474085
223,3,24,3,1,200.0729206561191
68,4,29,5,0,112.5636966453612
98,9,18,6,0,243.53566764348642
460,5,37,0,1,373.01998319577183
498,8,16,6,0,406.00885187031906
260,6,17,4,1,258.0192872746888
368,3,21,1,0,254.02891481970775
173,8,37,6,0,294.18605168276935
293,12,30,4,1,419.74067987224294
115,9,24,3,1,267.95719170427776
233,8,33,6,0,325.39308438496425
313,13,31,4,0,407.70651089810207
228,4,33,0,0,264.599549209289
362,14,19,0,1,437.61112027208884
107,14,37,2,0,313.7041870796847
325,13,34,4,1,452.73663707440204
283,11,27,1,1,390.56551814205966
444,6,27,6,1,378.8322377158692
409,1,25,5,0,263.97789104128486
344,4,25,5,1,339.29529509711193
447,8,30,3,0,395.61216746123733
396,1,29,2,1,262.27261450137837
339,3,31,4,0,241.63337195866865
176,1,36,1,0,216.7325123068288
175,9,32,2,1,345.5115140163865
158,2,33,0,1,196.279960595501
140,9,18,3,0,257.21187598491935
84,13,36,6,0,314.20837213542194
126,4,36,6,1,250.4101076206879
166,2,37,6,1,195.57555427008896
156,4,19,4,0,155.14061933312468
430,12,21,5,0,463.3873755164592
181,11,16,1,1,287.63514026498984
447,11,15,6,0,419.89605591673455
471,10,26,6,1,466.6059436851643
119,6,24,0,1,243.1852313900485
357,11,22,2,1,420.2975644754602
418,7,15,6,1,371.35920627035523
326,3,26,3,0,252.38920543897896
160,3,16,2,1,167.10387812780428
102,12,24,5,1,305.67804473965793
196,10,36,2,0,343.3019882613038
217,12,31,1,0,344.78133710533046
131,8,17,0,1,277.62520358348473
75,5,21,4,1,199.12008490133712
479,4,26,1,1,391.0315879309453
198,7,22,5,1,274.7635354364805
440,7,34,3,1,410.4318187207565
420,13,26,5,1,520.6317675184993
205,9,17,5,0,287.3716823533829
490,9,31,2,0,439.2123920748044
237,5,23,3,1,303.48230037741496
432,13,24,1,0,471.5807596791634
436,12,36,5,0,441.5900542836355
335,13,20,1,1,423.9695510381981
494,8,39,6,0,459.5421474703109
236,10,15,6,0,328.1513490761397
139,1,36,6,1,233.72602045575715
458,9,26,4,1,446.5113563758918
413,8,19,2,1,406.82487619397085
194,6,27,1,0,228.7683885930681
42,13,29,6,1,286.2520258221838
232,3,36,6,0,199.28352727574784
424,3,25,3,1,344.7999677494771
254,8,22,5,1,346.29016562454296
32,5,19,6,1,174.51762188162488
120,10,16,4,1,273.74272171099614
436,11,26,3,0,459.47221475973527
43,14,16,2,0,322.5152949321157
383,7,30,4,1,369.8661542136007
30,5,35,4,0,111.52834374337544
292,8,17,4,1,336.847986999917
471,10,24,5,1,485.15020785524484
450,10,33,6,0,410.0532862706884
300,4,22,0,0,270.6549777717004
113,2,21,4,1,151.75786054922997
220,3,15,3,1,221.73686045833074
40,8,26,3,1,203.61960417862116
359,11,19,2,0,362.88907345767393
486,13,30,1,1,505.9073801516302
230,7,39,1,1,341.35017844963477
159,13,18,0,1,328.01356046803403
312,2,31,5,1,283.3949787498384
317,6,38,6,1,355.0901718253612
420,9,35,5,1,421.397167910764
120,4,16,6,0,153.52166501629725
323,9,26,4,1,383.24009931757325
378,2,15,6,1,300.2526334735799
47,2,26,0,0,135.38673241788973
60,9,26,2,0,196.61044336684654
374,12,26,2,1,456.09653659041277
322,7,33,1,0,287.65382189057607
165,7,39,2,1,312.524667410417
275,1,31,4,0,236.4460257790518
481,13,34,3,0,450.06571513232734
246,11,38,2,1,387.2157376186009
255,6,38,0,0,275.55809399036644
380,13,25,4,1,458.1643925015703
399,7,27,2,0,347.7014086622147
474,11,22,5,1,475.12747058348515
32,14,24,6,0,293.74641423251353
229,6,22,2,1,272.2251633020353
248,6,34,5,1,292.2511213186033
416,2,22,4,1,308.0472398749385
119,6,23,2,1,220.43508105651594
50,4,21,5,0,125.26811246723611
405,9,28,3,1,410.9404653420676
35,12,16,1,0,236.7525598502905
156,1,39,4,0,196.86853636041678
348,13,25,5,1,423.62013881784856
185,8,22,0,1,295.5143124006488
478,5,27,2,0,387.19459320554535
329,1,35,5,0,240.82089005855045
459,4,29,6,0,372.54401311109154
489,1,17,5,1,322.28846119497086
119,6,37,5,1,230.98044673055264
128,2,28,6,0,124.56881859401526
362,5,29,1,0,329.69618618914785
192,7,16,6,0,246.85715749193943
256,2,33,6,1,285.28580527054027
181,6,26,0,0,245.9143664487155
412,6,39,6,0,372.0105519444094
235,5,34,0,0,270.14616848511554
283,5,18,3,0,253.94175008213244
282,14,17,6,1,408.34853743330063
311,3,19,1,0,227.51274259775855
293,10,17,6,1,326.0396756173497
22,10,39,5,1,254.15707152431355
47,11,29,4,0,246.1069997559702
345,12,33,1,1,394.3768600045679
447,2,16,6,0,275.20268179287194
168,7,26,1,0,259.41147410966636
47,1,19,0,0,103.36457802592965
329,6,36,3,0,315.95111088744136
457,6,31,3,0,369.2000195351366
